"report_date","previous_day_total_doses_administered","previous_day_at_least_one","previous_day_fully_vaccinated","previous_day_3doses","total_doses_administered","total_individuals_at_least_one","total_individuals_partially_vaccinated","total_doses_in_fully_vaccinated_individuals","total_individuals_fully_vaccinated","total_individuals_3doses"
2021-01-01,6256,6246,2,,32275,32218,32207,22,11,
2021-01-02,4618,4606,6,,36893,36772,36759,26,13,
2021-01-03,5400,5392,4,,42293,42162,42147,30,15,
2021-01-04,5998,5995,0,,48291,48156,48142,28,14,
2021-01-05,9693,9668,21,,57984,57822,57788,68,34,
2021-01-06,12803,12337,451,,70787,70156,69674,964,482,
2021-01-07,16232,15518,700,,87019,85673,84491,2364,1182,
2021-01-08,18052,17034,1005,,105071,102707,100520,4374,2187,
2021-01-09,19522,18441,1068,,124593,121146,117892,6508,3254,
2021-01-10,11380,11338,40,,135973,132475,129182,6586,3293,
2021-01-11,11720,11667,50,,147693,144141,140798,6686,3343,
2021-01-12,14489,14179,301,,162182,158311,154668,7286,3643,
2021-01-13,15451,13822,1598,,177633,172119,166880,10478,5239,
2021-01-14,19204,16748,2439,,196837,188861,181184,15354,7677,
2021-01-15,20099,18040,2039,,216936,206890,197174,19432,9716,
2021-01-16,17128,15941,1173,,234064,222815,211926,21778,10889,
2021-01-17,11275,10031,1237,,245339,232831,220707,24248,12124,
2021-01-18,6809,6724,75,,252148,239531,227336,24390,12195,
2021-01-19,11842,9732,2096,,263990,249242,234951,28582,14291,
2021-01-20,10821,7230,3574,,274811,256449,238585,35728,17864,
2021-01-21,10992,6866,4098,,285803,263299,241337,43924,21962,
2021-01-22,9057,4337,4699,,294860,267599,240940,53318,26659,
2021-01-23,7492,3071,4393,,302352,270640,239589,62102,31051,
2021-01-24,4409,1846,2542,,306761,272468,238875,67186,33593,
2021-01-25,5338,1062,4267,,312099,273498,235639,75718,37859,
2021-01-26,9431,2898,6504,,321530,276364,232002,88724,44362,
2021-01-27,9915,2875,7011,,331445,279210,227838,102744,51372,
2021-01-28,13155,5771,7340,,344600,284948,226236,117424,58712,
2021-01-29,10753,3336,7380,,355353,288253,222162,132182,66091,
2021-01-30,9229,2758,6432,,364582,290968,218449,145038,72519,
2021-01-31,3405,1586,1770,,367987,292520,218232,148576,74288,
2021-02-01,2139,499,1611,,370126,292984,217090,151788,75894,
2021-02-02,4440,1380,3001,,374566,294326,215435,157782,78891,
2021-02-03,6277,1752,4462,,380843,296037,212691,166692,83346,
2021-02-04,9125,1747,7296,,389968,297741,207105,181272,90636,
2021-02-05,8491,1500,6909,,398459,299201,201662,195078,97539,
2021-02-06,10694,1892,8741,,409153,301038,194767,212542,106271,
2021-02-07,7599,1744,5798,,416752,302742,190685,224114,112057,
2021-02-08,8234,3101,5084,,424986,305795,188667,234256,117128,
2021-02-09,15039,3882,11087,,440025,309635,181436,256398,128199,
2021-02-10,15535,4952,10521,,455560,314534,175840,277388,138694,
2021-02-11,16384,3907,12416,,471944,318389,167310,302158,151079,
2021-02-12,17709,2123,15531,,489653,320473,153883,333180,166590,
2021-02-13,16228,2453,13757,,505881,322881,142553,360656,180328,
2021-02-14,12895,931,11930,,518776,323764,131536,384456,192228,
2021-02-15,7875,490,7332,,526651,324206,124672,399068,199534,
2021-02-16,6013,1050,4907,,532664,325213,120795,408836,204418,
2021-02-17,10187,1619,8533,,542851,326788,113865,425846,212923,
2021-02-18,13905,2973,10880,,556756,329713,105940,447546,223773,
2021-02-19,18515,6221,12218,,575271,335882,99922,471920,235960,
2021-02-20,22650,11144,11454,,597921,346963,99587,494752,247376,
2021-02-21,17264,10396,6834,,615185,357299,103131,508336,254168,
2021-02-22,13602,8765,4780,,628787,365995,107096,517798,258899,
2021-02-23,17902,11143,6683,,646689,377082,111536,531092,265546,
2021-02-24,18612,13632,4895,,665301,390658,120259,540798,270399,
2021-02-25,20833,16498,4276,,686134,407090,132463,549254,274627,
2021-02-26,24960,21859,3036,,711094,428889,151263,555252,277626,
2021-02-27,27504,23607,3853,,738598,452432,171001,562862,281431,
2021-02-28,20605,19158,1412,,759203,471536,188735,565602,282801,
2021-03-01,18238,17041,1148,,777441,488515,204613,567804,283902,
2021-03-02,24725,22298,2338,,802166,510752,224558,572388,286194,
2021-03-03,30647,27997,2588,,832813,538698,249949,577498,288749,
2021-03-04,34752,32501,2160,,867565,571132,280274,581716,290858,
2021-03-05,40077,38213,1811,,907642,609297,316662,585270,292635,
2021-03-06,44218,41996,2181,,951860,651238,356463,589550,294775,
2021-03-07,32779,31584,1187,,984639,682748,386844,591808,295904,
2021-03-08,24060,22184,1863,,1008699,704864,407151,595426,297713,
2021-03-09,33359,29901,3430,,1042058,734699,433602,602194,301097,
2021-03-10,38420,34146,4227,,1080478,768771,463495,610552,305276,
2021-03-11,44040,40762,3239,,1124518,809467,501004,616926,308463,
2021-03-12,47772,46053,1695,,1172290,855456,545348,620216,310108,
2021-03-13,58000,55108,2867,,1230290,910493,597572,625842,312921,
2021-03-14,43475,42227,1230,,1273765,952637,638554,628166,314083,
2021-03-15,32837,31136,1683,,1306602,983714,667991,631446,315723,
2021-03-16,54019,51706,2294,,1360621,1035355,717381,635948,317974,
2021-03-17,61141,58590,2505,,1421762,1093879,773450,640858,320429,
2021-03-18,61609,59132,2446,,1483371,1152939,830117,645644,322822,
2021-03-19,64541,61198,3284,,1547912,1214058,888006,652104,326052,
2021-03-20,62648,60042,2570,,1610560,1274044,945470,657148,328574,
2021-03-21,44040,42507,1547,,1654600,1316486,986402,660168,330084,
2021-03-22,31036,30065,981,,1685636,1346463,1015454,662018,331009,
2021-03-23,54683,51898,2734,,1740319,1398266,1064586,667360,333680,
2021-03-24,76517,73326,3144,,1816836,1471502,1134735,673534,336767,
2021-03-25,82993,80400,2542,,1899829,1551823,1212571,678504,339252,
2021-03-26,87091,83544,3508,,1986920,1635286,1292578,685416,342708,
2021-03-27,80941,77978,2878,,2067861,1713161,1367640,691042,345521,
2021-03-28,67053,65452,1564,,2134914,1778523,1431495,694056,347028,
2021-03-29,51783,49086,2656,,2186697,1827529,1477891,699276,349638,
2021-03-30,73661,70236,3359,,2260358,1897687,1544732,705910,352955,
2021-03-31,93238,89567,3601,,2353596,1987156,1630653,713006,356503,
2021-04-01,89413,85515,3854,,2443009,2072573,1712269,720608,360304,
2021-04-02,93188,88948,4219,,2536197,2161435,1796964,728942,364471,
2021-04-03,61056,59367,1739,,2597253,2220711,1854552,732318,366159,
2021-04-04,72372,70705,1658,,2669625,2291305,1923546,735518,367759,
2021-04-05,53763,53281,479,,2723388,2344502,1976312,736380,368190,
2021-04-06,79649,77749,1904,,2803037,2422149,2052109,740080,370040,
2021-04-07,108088,104981,3077,,2911125,2527005,2153946,746118,373059,
2021-04-08,114170,110171,4041,,3025295,2637065,2260021,754088,377044,
2021-04-09,109939,105677,4322,,3135234,2742624,2361323,762602,381301,
2021-04-10,109338,105556,3870,,3244572,2848052,2462947,770210,385105,
2021-04-11,98680,95550,3268,,3343252,2943477,2555163,776628,388314,
2021-04-12,76101,75027,1164,,3419353,3018356,2628946,778820,389410,
2021-04-13,99563,96157,3417,,3518916,3114404,2721625,785558,392779,
2021-04-14,117129,113346,3663,,3636045,3227632,2831230,792804,396402,
2021-04-15,113641,109558,3914,,3749686,3337064,2936805,800518,400259,
2021-04-16,118157,113755,4216,,3867843,3450709,3046278,808862,404431,
2021-04-17,112489,107876,4466,,3980332,3558451,3149613,817676,408838,
2021-04-18,88810,86547,2124,,4069142,3644875,3233967,821816,410908,
2021-04-19,69016,67468,1463,,4138158,3712213,3299893,824640,412320,
2021-04-20,102185,98831,3142,,4240343,3810882,3395485,830794,415397,
2021-04-21,142150,137829,4079,,4382493,3948537,3529129,838816,419408,
2021-04-22,139598,135404,3939,,4522091,4083812,3660521,846582,423291,
2021-04-23,138311,131841,6216,,4660402,4215499,3786050,858898,429449,
2021-04-24,130382,126287,3917,,4790784,4341638,3908328,866620,433310,
2021-04-25,102074,98640,3196,,4892858,4440130,4003691,872878,436439,
2021-04-26,71040,69320,1567,,4963898,4509319,4071373,875892,437946,
2021-04-27,98578,95462,2915,,5062476,4604620,4163822,881596,440798,
2021-04-28,120656,116002,4451,,5183132,4720454,4275277,890354,445177,
2021-04-29,124584,119339,5080,,5307716,4839626,4389438,900376,450188,
2021-04-30,115913,110617,5043,,5423629,4950070,4494916,910308,455154,
2021-05-01,111380,107479,3676,,5535009,5057368,4598615,917506,458753,
2021-05-02,79198,76203,2880,,5614207,5133414,4671847,923134,461567,
2021-05-03,56820,55144,1599,,5671027,5188403,4725297,926212,463106,
2021-05-04,92009,88606,3315,,5763036,5276831,4810487,932688,466344,
2021-05-05,138086,133358,4634,,5901122,5410020,4939105,941830,470915,
2021-05-06,141918,136936,4838,,6043040,5546772,5071081,951382,475691,
2021-05-07,150374,145305,4858,,6193414,5691917,5211427,960980,480490,
2021-05-08,142572,137846,4469,,6335986,5829567,5344687,969760,484880,
2021-05-09,124908,121224,3508,,6460894,5950627,5462303,976648,488324,
2021-05-10,97866,95854,1900,,6558760,6046292,5556135,980314,490157,
2021-05-11,113626,108920,4510,,6672386,6155010,5660414,989192,494596,
2021-05-12,145145,138076,6909,,6817531,6292907,5791468,1002878,501439,
2021-05-13,142825,135395,7257,,6960356,6428127,5919505,1017244,508622,
2021-05-14,148946,138837,9936,,7109302,6566776,6048283,1036986,518493,
2021-05-15,159843,149758,9899,,7269145,6716347,6188030,1056634,528317,
2021-05-16,144453,136163,8076,,7413598,6852342,6316029,1072626,536313,
2021-05-17,115053,110945,3954,,7528651,6963098,6422907,1080382,540191,
2021-05-18,111441,100550,10681,,7640092,7063452,6512642,1101620,550810,
2021-05-19,149979,133537,16257,,7790071,7196837,6629844,1133986,566993,
2021-05-20,151697,131674,19794,,7941768,7328322,6741604,1173436,586718,
2021-05-21,165524,140980,24275,,8107292,7469121,6858205,1221832,610916,
2021-05-22,199593,172354,26998,,8306885,7641277,7003444,1275666,637833,
2021-05-23,139939,127531,12250,,8446824,7768630,7118609,1300042,650021,
2021-05-24,100359,93372,6835,,8547183,7861829,7205043,1313572,656786,
2021-05-25,90580,83066,7292,,8637763,7944732,7280721,1328022,664011,
2021-05-26,139922,113107,26538,,8777685,8057652,7367173,1380958,690479,
2021-05-27,152162,123117,28792,,8929847,8180612,7461410,1438404,719202,
2021-05-28,163983,132397,31272,,9093830,8312835,7562421,1500828,750414,
2021-05-29,153498,117201,36062,,9247328,8429886,7643466,1572840,786420,
2021-05-30,149817,119092,30489,,9397145,8548808,7731961,1633694,816847,
2021-05-31,99283,79875,19212,,9496428,8628513,7792518,1671990,835995,
2021-06-01,124298,90687,33266,,9620726,8719005,7849819,1738372,869186,
2021-06-02,145435,102230,42942,,9766161,8821052,7908995,1824114,912057,
2021-06-03,155495,100000,55210,,9921656,8920867,7953671,1934392,967196,
2021-06-04,181857,115625,65948,,10103513,9036293,8003237,2066112,1033056,
2021-06-05,172163,103530,68341,,10275676,9139624,8038313,2202622,1101311,
2021-06-06,163498,91941,71270,,10439174,9231387,8058876,2345022,1172511,
2021-06-07,119636,63108,56310,,10558810,9294298,8065552,2457492,1228746,
2021-06-08,161999,72522,89027,,10720809,9366631,8048938,2635386,1317693,
2021-06-09,181597,70893,110222,,10902406,9437347,8009513,2855668,1427834,
2021-06-10,185724,66502,118721,,11088130,9503646,7957182,3092928,1546464,
2021-06-11,204933,67598,136560,,11293063,9571058,7888116,3365884,1682942,
2021-06-12,199899,62768,136514,,11492962,9633645,7814281,3638728,1819364,
2021-06-13,190457,58977,130938,,11683419,9692447,7742225,3900444,1950222,
2021-06-14,137750,38732,98611,,11821169,9730983,7682255,4097456,2048728,
2021-06-15,189674,42693,146614,,12010843,9773457,7578212,4390490,2195245,
2021-06-16,206375,42498,163218,,12217218,9815759,7457399,4716720,2358360,
2021-06-17,210620,38015,172003,,12427838,9853559,7323288,5060542,2530271,
2021-06-18,217331,35433,181277,,12645169,9888802,7177346,5422912,2711456,
2021-06-19,216037,35563,179784,,12861206,9924158,7033030,5782256,2891128,
2021-06-20,186382,35636,150165,,13047588,9959596,6918411,6082370,3041185,
2021-06-21,120528,20886,99130,,13168116,9980287,6840064,6280446,3140223,
2021-06-22,205105,27617,176717,,13373221,10007710,6690879,6633662,3316831,
2021-06-23,230706,28715,201226,,13603927,10036225,6518276,7035898,3517949,
2021-06-24,227845,26752,200316,,13831772,10062781,6344626,7436310,3718155,
2021-06-25,251277,28065,222446,,14083049,10090644,6150162,7880964,3940482,
2021-06-26,261485,30107,230655,,14344534,10120525,5949529,8341992,4170996,
2021-06-27,205142,27877,176647,,14549676,10148221,5800687,8695068,4347534,
2021-06-28,199339,20998,177766,,14749015,10169021,5643846,9050350,4525175,
2021-06-29,250238,24548,224941,,14999253,10193328,5443366,9499924,4749962,
2021-06-30,275687,24244,250869,,15274940,10217369,5216667,10001404,5000702,
2021-07-01,272099,25362,246173,,15547039,10242512,4995777,10493470,5246735,
2021-07-02,144842,11637,132956,,15691881,10253974,4874385,10759178,5379589,
2021-07-03,217038,19988,196806,,15908919,10273740,4697494,11152492,5576246,
2021-07-04,196424,19603,176583,,16105343,10293156,4540447,11505418,5752709,
2021-07-05,148786,12477,136159,,16254129,10305443,4416703,11777480,5888740,
2021-07-06,220150,20047,199871,,16474279,10325274,4236809,12176930,6088465,
2021-07-07,246728,23018,223446,,16721007,10348066,4036303,12623526,6311763,
2021-07-08,231361,21438,209694,,16952368,10369298,3847976,13042644,6521322,
2021-07-09,227109,21557,205371,,17179477,10390653,3664092,13453122,6726561,
2021-07-10,209164,20575,188422,,17388641,10411024,3496178,13829692,6914846,
2021-07-11,171752,17609,154010,,17560393,10428432,3359723,14137418,7068709,
2021-07-12,123198,11471,111622,,17683591,10439714,3259520,14360388,7180194,
2021-07-13,178669,19123,159390,,17862260,10458614,3119186,14678856,7339428,
2021-07-14,180132,19349,160616,,18042392,10477748,2977867,14999762,7499881,
2021-07-15,167312,19633,147498,,18209704,10497170,2849955,15294430,7647215,
2021-07-16,169483,19965,149352,,18379187,10516933,2720519,15592828,7796414,
2021-07-17,173170,20362,152667,,18552357,10537046,2588157,15897778,7948889,
2021-07-18,133749,15985,117617,,18686106,10552847,2486489,16132716,8066358,
2021-07-19,92059,10448,81495,,18778165,10563082,2415404,16295356,8147678,
2021-07-20,133647,17010,116576,,18911812,10579852,2315774,16528156,8264078,
2021-07-21,140181,17031,123069,,19051993,10596668,2209683,16773970,8386985,
2021-07-22,125764,17735,107888,,19177757,10614179,2119483,16989392,8494696,
2021-07-23,120399,17048,103129,,19298156,10630986,2033360,17195252,8597626,
2021-07-24,126807,18386,108177,,19424963,10649169,1943529,17411280,8705640,
2021-07-25,103761,14931,88692,,19528724,10663876,1869725,17588302,8794151,
2021-07-26,66768,9936,56737,,19595492,10673595,1822887,17701416,8850708,
2021-07-27,92488,15364,76966,,19687980,10688698,1761241,17854914,8927457,
2021-07-28,94063,16529,77460,,19782043,10704992,1700266,18009452,9004726,
2021-07-29,89547,16788,72592,,19871590,10721548,1644418,18154260,9077130,
2021-07-30,84198,16167,67908,,19955788,10737487,1592637,18289700,9144850,
2021-07-31,84010,15798,68058,,20039798,10753067,1540349,18425436,9212718,
2021-08-01,61965,11368,50413,,20101763,10764209,1501269,18525880,9262940,
2021-08-02,42577,7461,34988,,20144340,10771471,1473710,18595522,9297761,
2021-08-03,33397,6016,27198,,20177737,10777254,1452505,18649498,9324749,
2021-08-04,61439,12431,48810,,20239176,10789449,1416088,18746722,9373361,
2021-08-05,59549,12601,46787,,20298725,10801842,1381858,18839968,9419984,
2021-08-06,56123,11908,43996,,20354848,10813490,1349739,18927502,9463751,
2021-08-07,62469,12185,50087,,20417317,10825414,1311794,19027240,9513620,
2021-08-08,48843,9357,39279,,20466160,10834543,1281849,19105388,9552694,
2021-08-09,30935,5975,24771,,20497095,10840304,1263026,19154556,9577278,
2021-08-10,49385,10578,38491,,20546480,10850602,1235079,19231046,9615523,
2021-08-11,48817,10814,37744,,20595297,10861170,1208118,19306104,9653052,
2021-08-12,49376,11267,37866,,20644673,10872185,1181477,19381416,9690708,
2021-08-13,49732,11789,37661,,20694405,10883733,1155575,19456316,9728158,
2021-08-14,51335,12200,38921,,20745740,10895683,1128828,19533710,9766855,
2021-08-15,41881,9904,31741,,20787621,10905385,1106961,19596848,9798424,
2021-08-16,26816,6227,20433,,20814437,10911389,1092729,19637320,9818660,
2021-08-17,40630,11121,29225,,20855067,10922260,1074601,19695318,9847659,
2021-08-18,41999,12024,29725,,20897066,10934042,1056868,19754348,9877174,
2021-08-19,46008,16609,29142,,20943074,10950400,1044307,19812186,9906093,
2021-08-20,46568,16366,29786,,20989642,10966510,1030860,19871300,9935650,
2021-08-21,48049,15200,32485,,21037691,10981450,1013542,19935816,9967908,
2021-08-22,34514,10870,23363,,21072205,10992073,1001025,19982096,9991048,
2021-08-23,23253,7022,16008,,21095458,10998860,992018,20013684,10006842,
2021-08-24,37744,13416,23858,,21133202,11012022,981553,20060938,10030469,
2021-08-25,41488,14485,26376,,21174690,11026251,969643,20113216,10056608,
2021-08-26,39374,13606,25009,,21214064,11039581,958205,20162752,10081376,
2021-08-27,37804,13008,23735,,21251868,11052348,947451,20209794,10104897,
2021-08-28,40264,13488,25567,,21292132,11065557,935348,20260418,10130209,
2021-08-29,30651,10283,19986,,21322783,11075608,925626,20299964,10149982,
2021-08-30,18291,6162,11866,,21341074,11081523,919893,20323260,10161630,
2021-08-31,32793,11973,19660,,21373867,11093228,912178,20362100,10181050,
2021-09-01,36396,13018,22018,,21410263,11106013,903162,20405702,10202851,
2021-09-02,37914,15701,19728,,21448177,11121462,899110,20444704,10222352,
2021-09-03,47021,21155,22496,,21495198,11142368,897750,20489236,10244618,
2021-09-04,46993,20632,24833,,21542191,11162754,893526,20538456,10269228,
2021-09-05,33173,14245,18623,,21575364,11176755,889128,20575254,10287627,
2021-09-06,21792,9519,12068,,21597156,11186025,886562,20598926,10299463,
2021-09-07,15115,6779,8142,,21612271,11192547,885182,20614730,10307365,
2021-09-08,41276,17178,20989,,21653547,11209461,881353,20656216,10328108,
2021-09-09,41602,17049,19741,,21695149,11226233,878636,20695194,10347597,
2021-09-10,39800,15577,19074,,21734949,11241547,875121,20732852,10366426,
2021-09-11,42503,15997,23385,,21777452,11257265,867712,20779106,10389553,
2021-09-12,30063,11562,17920,,21807515,11268533,861324,20814418,10407209,
2021-09-13,16136,6419,9208,,21823651,11274718,858520,20832396,10416198,
2021-09-14,29998,11590,15337,,21853649,11286005,854746,20862518,10431259,
2021-09-15,39378,14057,19477,,21893027,11299802,849310,20900984,10450492,
2021-09-16,39452,14040,19284,,21932479,11313607,844043,20939128,10469564,
2021-09-17,39069,13675,19406,,21971548,11327040,838300,20977480,10488740,
2021-09-18,41397,14142,23620,,22012945,11340909,828801,21024216,10512108,
2021-09-19,30741,10854,19026,,22043686,11351503,820616,21061774,10530887,
2021-09-20,16772,6114,10193,,22060458,11357362,816514,21081696,10540848,
2021-09-21,31458,11250,17041,,22091916,11368347,810707,21115280,10557640,
2021-09-22,41900,14848,22971,,22133816,11382899,802563,21160672,10580336,
2021-09-23,47309,16159,26070,,22181125,11398793,792633,21212320,10606160,
2021-09-24,46462,15682,26746,,22227587,11414215,781550,21265330,10632665,
2021-09-25,48310,15297,30003,,22275897,11429259,766825,21324868,10662434,
2021-09-26,37621,12459,24552,,22313518,11441443,754711,21373464,10686732,
2021-09-27,19204,6547,12344,,22332722,11447736,748898,21397676,10698838,
2021-09-28,31064,11327,17944,,22363786,11458804,742269,21433070,10716535,
2021-09-29,37990,12509,21781,,22401776,11471042,732977,21476130,10738065,
2021-09-30,37457,11686,21437,,22439233,11482469,723207,21518524,10759262,
2021-10-01,30995,9847,18471,,22470228,11492089,714570,21555038,10777519,
2021-10-02,37222,11180,23633,,22507450,11502999,702099,21601800,10800900,
2021-10-03,27257,8179,18352,,22534707,11510937,691913,21638048,10819024,
2021-10-04,14892,4754,9813,,22549599,11515443,686836,21657214,10828607,
2021-10-05,26951,8639,15943,,22576550,11523821,679517,21688608,10844304,
2021-10-06,31797,9667,18601,,22608347,11533229,670575,21725308,10862654,
2021-10-07,30439,9428,17159,,22638786,11542406,662831,21759150,10879575,
2021-10-08,32953,10788,18902,,22671739,11552923,654703,21796440,10898220,
2021-10-09,34251,10693,21083,,22705990,11563353,644299,21838108,10919054,
2021-10-10,23484,7680,15128,,22729474,11570782,636839,21867886,10933943,
2021-10-11,12050,3852,7889,,22741524,11574384,632786,21883196,10941598,
2021-10-12,5218,1662,3329,,22746742,11575768,631104,21889328,10944664,
2021-10-13,29210,9223,18141,,22775952,11584700,622170,21925060,10962530,
2021-10-14,29087,8924,17795,,22805039,11593347,613289,21960116,10980058,
2021-10-15,29208,8865,18227,,22834247,11601949,603914,21996070,10998035,
2021-10-16,31209,9011,19904,,22865456,11610669,593009,22035320,11017660,
2021-10-17,23783,7272,15420,,22889239,11617686,584848,22065676,11032838,
2021-10-18,12339,3753,8167,,22901578,11621158,580422,22081472,11040736,
2021-10-19,21373,6657,12692,,22922951,11627532,574374,22106316,11053158,
2021-10-20,25747,7557,14964,,22948698,11634842,566954,22135776,11067888,
2021-10-21,23273,6708,13081,,22971971,11641281,560570,22161422,11080711,
2021-10-22,26213,7340,15168,,22998184,11648298,552726,22191144,11095572,
2021-10-23,28273,7625,17209,,23026457,11655661,543135,22225052,11112526,
2021-10-24,19431,5741,12642,,23045888,11661146,536222,22249848,11124924,
2021-10-25,9956,2716,6489,,23055844,11663593,532441,22262304,11131152,
2021-10-26,19006,5415,11153,,23074850,11668730,526694,22284072,11142036,
2021-10-27,22946,6097,13262,,23097796,11674572,519515,22310114,11155057,
2021-10-28,22390,5812,12684,,23120186,11680096,512632,22334928,11167464,
2021-10-29,22909,5751,13103,,23143095,11685545,505265,22360560,11180280,
2021-10-30,24227,6075,14667,,23167322,11691348,496661,22389374,11194687,
2021-10-31,16547,4611,10639,,23183869,11695665,490628,22410074,11205037,
2021-11-01,7906,2092,5067,,23191775,11697477,487640,22419674,11209837,
2021-11-02,15681,4377,7775,,23207456,11701565,484231,22434668,11217334,
2021-11-03,18704,5086,9645,,23226160,11706348,479662,22453372,11226686,
2021-11-04,19574,4893,10070,,23245734,11710965,474470,22472990,11236495,
2021-11-05,21528,4419,9554,,23267262,11715095,469321,22491548,11245774,
2021-11-06,25400,5227,12181,,23292662,11720053,462350,22515406,11257703,
2021-11-07,21515,4041,8960,,23314177,11723813,457419,22532788,11266394,
2021-11-08,12008,2114,4743,,23326185,11725632,454774,22541716,11270858,
2021-11-09,24211,3874,7696,,23350396,11729185,450942,22556486,11278243,
2021-11-10,28569,4532,9051,,23378965,11733441,446409,22574064,11287032,
2021-11-11,28853,4333,9145,,23407818,11737477,441588,22591778,11295889,
2021-11-12,26865,4194,8310,,23434683,11741380,437458,22607844,11303922,
2021-11-13,34407,5099,11461,,23469090,11746173,431087,22630172,11315086,
2021-11-14,23280,3910,8639,,23492370,11749820,426351,22646938,11323469,
2021-11-15,12740,2199,4510,,23505110,11751759,424032,22655454,11327727,
2021-11-16,26273,3951,7539,,23531383,11755454,420440,22670028,11335014,
2021-11-17,31246,4062,7863,,23562629,11759234,416629,22685210,11342605,
2021-11-18,32590,3882,7569,,23595219,11762809,412928,22699762,11349881,
2021-11-19,35553,3879,7789,,23630772,11766387,409006,22714762,11357381,
2021-11-20,40196,4399,8857,,23670968,11770504,404539,22731930,11365965,
2021-11-21,28193,3451,6990,,23699161,11773693,400986,22745414,11372707,
2021-11-22,14941,1957,3913,,23714102,11775373,399024,22752698,11376349,
2021-11-23,33145,3294,6054,,23747247,11778387,396256,22764262,11382131,
2021-11-24,42758,3781,6851,,23790005,11781863,393175,22777376,11388688,
2021-11-25,46145,3955,6630,,23836150,11785543,390497,22790092,11395046,
2021-11-26,52947,11370,6656,,23889097,11796642,395204,22802876,11401438,
2021-11-27,63621,22379,7080,,23952718,11818740,410493,22816494,11408247,
2021-11-28,51522,27758,5349,,24004240,11846206,432890,22826632,11413316,
2021-11-29,33552,18935,2897,,24037792,11864880,448917,22831926,11415963,
2021-11-30,56145,20715,5184,,24093937,11885314,464438,22841752,11420876,
2021-12-01,69633,26264,5684,,24163570,11911272,485004,22852536,11426268,
2021-12-02,71719,26507,5075,,24235289,11937481,506423,22862116,11431058,
2021-12-03,73542,25124,5229,,24308831,11962309,526312,22871994,11435997,
2021-12-04,81280,27815,6131,47313,24390111,11989830,547987,,11441843,808577
2021-12-05,62703,31948,4445,26287,24452814,12021483,575482,,11446001,834760
2021-12-06,38658,19157,2723,16761,24491472,12040350,591909,,11448441,851443
2021-12-07,60378,14866,4531,40962,24551850,12054944,602234,,11452710,892331
2021-12-08,73557,19081,4719,49749,24625407,12073748,616586,,11457162,942002
2021-12-09,74579,18295,4375,51890,24699986,12091734,630498,,11461236,993807
2021-12-10,77621,17604,4707,55294,24777607,12109057,643390,,11465667,1049020
2021-12-11,83313,20428,5895,56974,24860920,12129196,657909,,11471287,1105908
2021-12-12,60836,22712,4193,33888,24921756,12151628,676422,,11475206,1139707
2021-12-13,34983,11605,2435,20919,24956739,12162937,685582,,11477355,1160531
2021-12-14,102088,9021,3902,89112,25058827,12171647,690686,,11480961,1249523
2021-12-15,127804,12454,4554,110756,25186631,12183797,698576,,11485221,1360179
2021-12-16,139482,12487,4288,122683,25326113,12195998,706765,,11489233,1482763
2021-12-17,159286,12421,4562,142278,25485399,12208144,714615,,11493529,1624944
2021-12-18,175690,13537,4960,157147,25661089,12221388,723180,,11498208,1781997
2021-12-19,140502,18165,3959,118339,25801591,12239252,737378,,11501874,1900225
2021-12-20,106876,10313,2758,93753,25908467,12249297,744923,,11504374,1993880
2021-12-21,215517,12976,4356,198156,26123984,12261957,753536,,11508421,2191915
2021-12-22,237404,14445,5242,217826,26361388,12276102,762725,,11513377,2409623
2021-12-23,257906,11751,5128,240919,26619294,12287546,769342,,11518204,2650436
2021-12-24,223759,9476,4623,209588,26843053,12296724,774191,,11522533,2859907
2021-12-25,89808,3903,2542,83374,26932861,12300352,775547,,11524805,2943174
2021-12-26,11918,391,367,11148,26944779,12300451,775563,,11524888,2954192
2021-12-27,46991,1494,1134,44330,26991770,12301700,775916,,11525784,2998402
2021-12-28,144877,6113,4039,134658,27136647,12307519,777979,,11529540,3132929
2021-12-29,175566,9390,4622,161483,27312213,12316612,782743,,11533869,3294284
2021-12-30,200176,10151,5384,184592,27512389,12326460,787495,,11538965,3478742
2021-12-31,195339,10027,5846,179208,27707728,12336198,791667,,11544531,3657824
2022-01-01,97039,5404,3918,87389,27804767,12341292,793145,,11548147,3745064
2022-01-02,19483,949,948,17454,27824250,12341950,793137,,11548813,3762372
2022-01-03,88293,4779,4602,78830,27912543,12346419,793306,,11553113,3841049
2022-01-04,146515,6059,5353,135056,28059058,12352150,793999,,11558151,3975949
2022-01-05,177685,7703,7346,162459,28236743,12359499,794345,,11565154,4138248
2022-01-06,191691,7258,6821,177074,28428434,12366438,794771,,11571667,4315167
2022-01-07,191480,8028,7046,175578,28619914,12374122,795741,,11578381,4490572
2022-01-08,181864,8694,6694,165287,28801778,12382484,797728,,11584756,4655703
2022-01-09,131203,9904,7220,113984,28932981,12392066,800407,,11591659,4769527
2022-01-10,90616,5117,4501,80863,29023597,12396860,801013,,11595847,4850237
2022-01-11,139073,6212,6642,125509,29162670,12402725,800570,,11602155,4975556
2022-01-12,157205,8210,8109,138760,29319875,12410606,800666,,11609940,5114148
2022-01-13,162821,9242,9249,141610,29482696,12419486,800645,,11618841,5255575
2022-01-14,160055,10799,10435,136123,29642751,12429923,801004,,11628919,5391500
2022-01-15,161344,11040,11715,135955,29804095,12440591,800318,,11640273,5527262
2022-01-16,109895,9324,9719,89488,29913990,12449553,799916,,11649637,5616532
2022-01-17,65849,5958,6584,52663,29979839,12455175,799280,,11655895,5669010
2022-01-18,36267,2055,2180,31206,30016106,12456874,799144,,11657730,5700020
2022-01-19,101468,5633,6760,86014,30117574,12462107,797999,,11664108,5785807
2022-01-20,103743,6359,7045,85799,30221317,12468082,797305,,11670777,5871383
2022-01-21,102242,6271,8096,82560,30323559,12473949,795466,,11678483,5953715
2022-01-22,102709,8750,12109,78172,30426268,12482310,792100,,11690210,6031659
2022-01-23,76796,7340,14018,54838,30503064,12489306,785414,,11703892,6086275
2022-01-24,42319,3205,7956,30765,30545383,12492147,780645,,11711502,6116833
2022-01-25,62684,3789,8407,48163,30608067,12495553,776012,,11719541,6164775
2022-01-26,77997,4958,13195,55730,30686064,12500134,767770,,11732364,6220263
2022-01-27,78159,4916,13275,56081,30764223,12504678,759401,,11745277,6276107
2022-01-28,77395,4711,13710,53925,30841618,12509031,750389,,11758642,6329813
2022-01-29,84936,5551,17753,58162,30926554,12514218,738180,,11776038,6387730
2022-01-30,66592,5059,20657,40177,30993146,12518936,722568,,11796368,6427683
2022-01-31,34813,2191,9918,22363,31027959,12520807,714832,,11805975,6449856
2022-02-01,51442,3298,9688,36563,31079401,12523752,708432,,11815320,6486194
2022-02-02,57835,3886,12440,38707,31137236,12527306,699863,,11827443,6524700
2022-02-03,52667,3632,11540,34330,31189903,12530559,691943,,11838616,6558778
2022-02-04,43207,2981,10597,27314,31233110,12533228,684317,,11848911,6585897
2022-02-05,58826,3774,14507,37592,31291936,12536670,673572,,11863098,6623276
2022-02-06,49947,3662,16136,29608,31341883,12540009,661093,,11878916,6652660
2022-02-07,23284,1703,7831,13454,31365167,12541386,654952,,11886434,6665890
2022-02-08,33508,2384,7283,21998,31398675,12543440,650046,,11893394,6687655
2022-02-09,38993,2820,8945,24438,31437668,12545901,643915,,11901986,6711841
2022-02-10,37624,2789,8860,22577,31475292,12548353,637840,,11910513,6734187
2022-02-11,39545,2739,10330,23028,31514837,12550743,630239,,11920504,6756975
2022-02-12,42146,2976,11481,25355,31556983,12553385,621723,,11931662,6782106
2022-02-13,36404,2823,13168,19958,31593387,12555921,611375,,11944546,6801866
2022-02-14,17013,1184,6134,9485,31610400,12556829,606417,,11950412,6811150
2022-02-15,19438,1402,4779,11900,31629838,12557907,603030,,11954877,6822823
2022-02-16,26117,1786,7762,14974,31655955,12559396,597050,,11962346,6837596
2022-02-17,26833,1696,7552,15000,31682788,12560737,591185,,11969552,6852341
2022-02-18,24025,1365,6641,13705,31706813,12561784,585897,,11975887,6865837
2022-02-19,37926,1924,8367,26082,31744739,12563374,579449,,11983925,6891676
2022-02-20,32644,1508,7985,22824,31777383,12564581,572964,,11991617,6914295
2022-02-21,17521,917,3682,12767,31794904,12565201,570190,,11995011,6926849
2022-02-22,9155,446,1567,6967,31804059,12565357,569064,,11996293,6933605
2022-02-23,25411,1343,4825,17311,31829470,12566390,565575,,12000815,6950680
2022-02-24,24629,1416,5250,15493,31854099,12567483,561736,,12005747,6965930
2022-02-25,23165,1407,5154,14525,31877264,12568596,557982,,12010614,6980229
2022-02-26,25295,1397,5933,16574,31902559,12569683,553439,,12016244,6996577
2022-02-27,27001,1375,7388,17719,31929560,12570789,547415,,12023374,7014101
2022-02-28,10136,595,2533,6746,31939696,12571130,545469,,12025661,7020664
2022-03-01,13249,960,3174,8177,31952945,12571784,543245,,12028539,7028623
2022-03-02,15457,1175,3592,9634,31968402,12572696,540821,,12031875,7038078
2022-03-03,14340,1091,3241,8696,31982742,12573475,538663,,12034812,7046543
2022-03-04,14542,1002,3466,8337,31997284,12574155,536195,,12037960,7054626
2022-03-05,18581,1283,5014,11204,32015865,12575128,532453,,12042675,7065606
2022-03-06,16554,1098,5533,9613,32032419,12575944,528012,,12047932,7075011
2022-03-07,5965,473,1859,3513,32038384,12576132,526619,,12049513,7078307
2022-03-08,7402,712,1956,4165,32045786,12576565,525367,,12051198,7082273
2022-03-09,11227,923,2753,6423,32057013,12577212,523531,,12053681,7088494
2022-03-10,12808,1047,3273,6852,32069821,12577982,521298,,12056684,7095133
2022-03-11,12949,929,3426,6882,32082770,12578622,518793,,12059829,7101799
2022-03-12,14737,1057,4213,8315,32097507,12579407,515634,,12063773,7109910
2022-03-13,14797,1095,5014,8352,32112304,12580210,511710,,12068500,7118025
2022-03-14,6352,453,2235,3506,32118656,12580391,509925,,12070466,7121317
2022-03-15,10237,801,2643,5985,32128893,12580901,508071,,12072830,7127087
2022-03-16,13108,946,3680,6967,32142001,12581556,505334,,12076222,7133822
2022-03-17,13242,1059,3981,6770,32155243,12582326,502405,,12079921,7140371
2022-03-18,11945,920,3159,6443,32167188,12582943,500156,,12082787,7146590
2022-03-19,14475,1009,4172,7919,32181663,12583672,496991,,12086681,7154290
2022-03-20,11775,998,3966,6379,32193438,12584398,494018,,12090380,7160461
2022-03-21,5067,418,1590,2814,32198505,12584557,492842,,12091715,7163072
2022-03-22,6755,556,1572,3905,32205260,12584824,491820,,12093004,7166760
2022-03-23,10021,795,2322,5210,32215281,12585303,490290,,12095013,7171729
2022-03-24,9327,730,2384,4624,32224608,12585769,488627,,12097142,7176149
2022-03-25,9272,787,2170,4771,32233880,12586293,487236,,12099057,7180708
2022-03-26,10977,943,2851,5521,32244857,12586959,485326,,12101633,7186010
2022-03-27,10250,914,3547,5307,32255107,12587613,482689,,12104924,7191106
2022-03-28,3600,324,1113,1994,32258707,12587696,481897,,12105799,7192905
2022-03-29,5378,507,1228,2695,32264085,12587918,481170,,12106748,7195378
2022-03-30,7880,751,1850,4129,32271965,12588389,480066,,12108323,7199281
2022-03-31,8693,697,1941,4422,32280658,12588796,478816,,12109980,7203480
2022-04-01,9354,807,1933,4903,32290012,12589312,477681,,12111631,7208145
2022-04-02,10476,891,2225,5585,32300488,12589917,476335,,12113582,7213514
2022-04-03,9233,885,2574,5069,32309721,12590545,474640,,12115905,7218381
2022-04-04,4226,389,1010,2414,32313947,12590672,474016,,12116656,7220591
2022-04-05,6117,605,1054,3061,32320064,12590936,473561,,12117375,7223376
2022-04-06,8424,723,1503,4389,32328488,12591368,472776,,12118592,7227538
2022-04-07,10375,737,1694,4843,32338863,12591805,471814,,12119991,7232138
2022-04-08,24043,818,1602,4850,32362906,12592345,471024,,12121321,7236772
2022-04-09,30534,976,1985,5907,32393440,12593023,470006,,12123017,7242456
2022-04-10,24901,980,2406,5343,32418341,12593744,468574,,12125170,7247597
2022-04-11,12597,388,882,2436,32430938,12593881,468076,,12125805,7249831
2022-04-12,28190,698,1037,3547,32459128,12594275,467730,,12126545,7253145
2022-04-13,37833,858,1574,4945,32496961,12594834,467010,,12127824,7257860
2022-04-14,37943,766,1632,4919,32534904,12595286,466141,,12129145,7262525
2022-04-15,43448,1241,2112,6731,32578352,12596229,465266,,12130963,7269019
2022-04-16,8125,361,657,1749,32586477,12596330,464968,,12131362,7270552
2022-04-17,21065,874,1937,4325,32607542,12596918,463898,,12133020,7274652
2022-04-18,5476,307,470,1295,32613018,12596938,463730,,12133208,7275706
2022-04-19,22701,621,788,3109,32635719,12597273,463554,,12133719,7278593
2022-04-20,40387,1067,1420,4627,32676106,12598014,463198,,12134816,7282956
2022-04-21,38808,952,1618,4690,32714914,12598670,462523,,12136147,7287412
2022-04-22,35676,1024,1452,4277,32750590,12599422,462088,,12137334,7291471
2022-04-23,34702,1009,1756,4721,32785292,12600146,461338,,12138808,7295953
2022-04-24,20870,1024,1918,3782,32806162,12600920,460441,,12140479,7299541
2022-04-25,8312,455,693,1710,32814474,12601106,460202,,12140904,7301035
2022-04-26,24675,739,970,3157,32839149,12601554,459966,,12141588,7303955
2022-04-27,33644,960,1388,3941,32872793,12602236,459530,,12142706,7307678
2022-04-28,32888,939,1433,3941,32905681,12602902,459027,,12143875,7311396
2022-04-29,32108,1098,1399,3920,32937789,12603702,458719,,12144983,7315087
2022-04-30,30332,929,1556,4029,32968121,12604333,458085,,12146248,7318880
2022-05-01,16779,773,1588,2972,32984900,12604806,457265,,12147541,7321607
2022-05-02,5948,310,529,1101,32990848,12604818,457041,,12147777,7322480
2022-05-03,20970,591,850,2351,33011818,12605104,456776,,12148328,7324592
2022-05-04,29439,803,1101,3294,33041257,12605595,456473,,12149122,7327635
2022-05-05,29132,878,1176,3132,33070389,12606159,456165,,12149994,7330521
2022-05-06,29141,1151,1299,2996,33099530,12607021,456012,,12151009,7333290
2022-05-07,28530,875,1276,3118,33128060,12607605,455606,,12151999,7336184
2022-05-08,16028,896,1318,2329,33144088,12608244,455182,,12153062,7338312
2022-05-09,5912,293,482,946,33150000,12608270,454986,,12153284,7339048
2022-05-10,21258,701,733,2122,33171258,12608652,454947,,12153705,7340909
2022-05-11,28977,842,1095,2660,33200235,12609162,454690,,12154472,7343298
2022-05-12,28272,803,1096,2525,33228507,12609667,454393,,12155274,7345581
2022-05-13,27633,886,1129,2475,33256140,12610242,454145,,12156097,7347799
2022-05-14,25733,816,1108,2619,33281873,12610746,453846,,12156900,7350164
2022-05-15,14868,752,1284,2059,33296741,12611226,453307,,12157919,7352004
2022-05-16,6396,326,536,1053,33303137,12611314,453093,,12158221,7352870
2022-05-17,19628,592,786,1748,33322765,12611590,452892,,12158698,7354369
2022-05-18,26574,877,1110,2280,33349339,12612202,452654,,12159548,7356433
2022-05-19,24468,686,1168,2164,33373807,12612621,452165,,12160456,7358380
2022-05-20,24302,808,1151,2222,33398109,12613158,451818,,12161340,7360382
2022-05-21,22435,697,1176,2355,33420544,12613545,451330,,12162215,7362494
2022-05-22,10591,554,899,1496,33431135,12613838,450980,,12162858,7363773
2022-05-23,4591,242,466,803,33435726,12613820,450754,,12163066,7364367
2022-05-24,2656,125,188,453,33438382,12613688,450689,,12162999,7364608
2022-05-25,19409,663,959,1965,33457791,12614084,450383,,12163701,7366362
2022-05-26,20682,667,959,1920,33478473,12614475,450085,,12164390,7368058
2022-05-27,21810,822,1077,2086,33500283,12615008,449827,,12165181,7369910
2022-05-28,19453,726,1177,2160,33519736,12615462,449373,,12166089,7371855
2022-05-29,12133,763,1290,1730,33531869,12615989,448839,,12167150,7373392
2022-05-30,4592,311,549,758,33536461,12616053,448597,,12167456,7373952
2022-05-31,13590,577,764,1681,33550051,12616328,448404,,12167924,7375393
2022-06-01,16663,707,992,1892,33566714,12616732,448117,,12168615,7377032
2022-06-02,14658,567,876,1690,33581372,12616987,447801,,12169186,7378481
2022-06-03,16139,705,1103,1824,33597511,12617409,447397,,12170012,7380083
2022-06-04,13347,648,1171,1854,33610858,12617799,446869,,12170930,7381735
2022-06-05,7901,592,1118,1443,33618759,12618142,446339,,12171803,7382986
2022-06-06,3303,208,447,643,33622062,12618101,446097,,12172004,7383427
2022-06-07,11263,487,739,1382,33633325,12618288,445840,,12172448,7384565
2022-06-08,14088,673,1022,1609,33647413,12618700,445486,,12173214,7385954
2022-06-09,13422,669,937,1676,33660835,12619080,445213,,12173867,7387398
2022-06-10,13894,689,1085,1703,33674729,12619481,444808,,12174673,7388871
2022-06-11,13023,625,1038,1847,33687752,12619820,444393,,12175427,7390495
2022-06-12,8119,645,1241,1507,33695871,12620206,443793,,12176413,7391795
2022-06-13,3206,287,429,719,33699077,12620225,443646,,12176579,7392304
2022-06-14,10161,520,675,1274,33709238,12620455,443485,,12176970,7393340
2022-06-15,13539,477,840,1628,33722777,12620635,443120,,12177515,7394729
2022-06-16,12579,503,869,1615,33735356,12620830,442748,,12178082,7396096
2022-06-17,11721,485,829,1653,33747077,12621026,442397,,12178629,7397511
2022-06-18,11476,438,881,1867,33758553,12621193,441951,,12179242,7399154
2022-06-19,7022,487,904,1423,33765575,12621425,441533,,12179892,7400360
2022-06-20,2290,148,302,644,33767865,12621349,441373,,12179976,7400834
2022-06-21,9581,365,628,1397,33777446,12621427,441105,,12180322,7401983
2022-06-22,13659,419,742,1712,33791105,12621574,440775,,12180799,7403470
2022-06-23,13739,410,788,1680,33804844,12621716,440394,,12181322,7404936
2022-06-24,15397,446,820,1678,33820241,12621902,440016,,12181886,7406399
2022-06-25,14523,436,863,1725,33834764,12622076,439578,,12182498,7407914
2022-06-26,8182,436,891,1289,33842946,12622250,439116,,12183134,7408986
2022-06-27,3230,176,369,599,33846176,12622176,438919,,12183257,7409377
2022-06-28,9646,380,570,1224,33855822,12622269,438725,,12183544,7410367
2022-06-29,13364,425,739,1642,33869186,12622403,438409,,12183994,7411769
2022-06-30,12274,493,857,1582,33881460,12622611,438043,,12184568,7413117
2022-07-01,13076,556,981,1948,33894536,12622908,437613,,12185295,7414858
2022-07-02,1656,118,130,375,33896192,12622750,437599,,12185151,7415001
2022-07-03,5179,260,497,968,33901371,12622751,437353,,12185398,7415752
2022-07-04,2771,133,280,619,33904142,12622637,437205,,12185432,7416174
2022-07-05,11171,375,608,1581,33915313,12622714,436964,,12185750,7417507
2022-07-06,15989,552,865,2019,33931302,12622968,436645,,12186323,7419281
2022-07-07,15704,530,840,1936,33947006,12623209,436334,,12186875,7420964
2022-07-08,17929,563,879,2253,33964935,12623466,436017,,12187449,7422967
2022-07-09,14180,458,608,1854,33979115,12623644,435866,,12187778,7424582
2022-07-10,8772,476,760,1514,33987887,12623868,435581,,12188287,7425887
2022-07-11,4106,201,335,873,33991993,12623802,435444,,12188358,7426538
2022-07-12,12149,416,535,1665,34004142,12623919,435320,,12188599,7427949
2022-07-13,16753,570,778,2148,34020895,12624191,435106,,12189085,7429852
2022-07-14,16904,487,687,2032,34037799,12624373,434895,,12189478,7431645
2022-07-15,28928,599,835,2180,34066727,12624671,434658,,12190013,7433583
2022-07-16,30347,591,781,2350,34097074,12624948,434460,,12190488,7435680
2022-07-17,22972,542,635,1909,34120046,12625251,434364,,12190887,7437393
2022-07-18,11409,191,257,858,34131455,12625173,434293,,12190880,7438028
2022-07-19,29012,596,604,2159,34160467,12625493,434282,,12191211,7439955
2022-07-20,37693,844,933,2608,34198160,12626056,434188,,12191868,7442324
2022-07-21,36434,746,827,2825,34234594,12626513,434100,,12192413,7444907
2022-07-22,35862,827,905,2701,34270456,12627050,434015,,12193035,7447370
2022-07-23,35212,826,928,2853,34305668,12627560,433905,,12193655,7449966
2022-07-24,21785,603,814,1794,34327453,12627900,433691,,12194209,7451535
2022-07-25,11953,310,311,1085,34339406,12627924,433685,,12194239,7452388
2022-07-26,26132,620,611,2228,34365538,12628258,433693,,12194565,7454371
2022-07-27,32522,813,861,2663,34398060,12628812,433643,,12195169,7456822
2022-07-28,31574,727,889,2606,34429634,12629239,433477,,12195762,7459174
2022-07-29,30049,1792,886,2659,34459683,12630737,434379,,12196358,7461581
2022-07-30,25880,2527,756,2438,34485563,12632983,436148,,12196835,7463786
2022-07-31,14358,1072,545,1589,34499921,12633783,436671,,12197112,7465145
2022-08-01,5933,339,227,687,34505854,12633861,436781,,12197080,7465608
2022-08-02,4521,310,148,616,34510375,12633900,436939,,12196961,7466001
2022-08-03,22998,2653,750,2260,34533373,12636276,438838,,12197438,7468025
2022-08-04,22292,2488,689,2150,34555665,12638435,440631,,12197804,7469910
2022-08-05,21834,2760,754,2080,34577499,12640912,442629,,12198283,7471760
2022-08-06,19691,2879,660,2006,34597190,12643477,444842,,12198635,7473505
2022-08-07,12731,2235,625,1437,34609921,12645436,446446,,12198990,7474723
2022-08-08,4775,570,189,607,34614696,12645714,446820,,12198894,7475091
2022-08-09,14054,1472,565,1616,34628750,12646896,447721,,12199175,7476465
2022-08-10,19162,2364,729,2000,34647912,12648986,449354,,12199632,7478235
2022-08-11,17122,2045,727,1874,34665034,12650754,450670,,12200084,7479875
2022-08-12,17011,2052,743,1847,34682045,12652517,451978,,12200539,7481493
2022-08-13,15993,2234,784,1819,34698038,12654464,453426,,12201038,7483069
2022-08-14,9549,1622,624,1092,34707587,12655795,454420,,12201375,7483924
2022-08-15,3882,387,272,486,34711469,12655925,454532,,12201393,7484200
2022-08-16,10832,1078,519,1364,34722301,12656700,455089,,12201611,7485311
2022-08-17,16148,1841,746,1796,34738449,12658249,456182,,12202067,7486869
2022-08-18,14957,1644,751,1702,34753406,12659567,457071,,12202496,7488298
2022-08-19,15351,1852,756,1564,34768757,12661140,458163,,12202977,7489628
2022-08-20,14308,1643,744,1558,34783065,12662488,459056,,12203432,7490944
2022-08-21,9927,1532,666,1178,34792992,12663752,459918,,12203834,7491903
2022-08-22,4180,481,276,565,34797172,12663927,460120,,12203807,7492207
2022-08-23,11185,1254,562,1518,34808357,12664871,460808,,12204063,7493471
2022-08-24,14790,1810,876,2204,34823147,12666409,461742,,12204667,7495443
2022-08-25,14056,1721,786,2129,34837203,12667840,462670,,12205170,7497325
2022-08-26,13961,1691,826,2100,34851164,12669232,463528,,12205704,7499174
2022-08-27,12447,1490,879,2013,34863611,12670394,464133,,12206261,7500920
2022-08-28,7949,1258,625,1411,34871560,12671390,464764,,12206626,7502110
2022-08-29,3408,504,286,685,34874968,12671611,464977,,12206634,7502559
2022-08-30,9928,1169,656,1861,34884896,12672421,465484,,12206937,7504116
2022-08-31,13538,1631,950,2320,34898434,12673757,466161,,12207596,7506190
2022-09-01,12938,1725,921,2152,34911372,12675186,466960,,12208226,7508096
2022-09-02,15068,1617,1000,4924,34926440,12676525,467569,,12208956,7512791
2022-09-03,14739,1530,930,5522,34941179,12677766,468166,,12209600,7518074
2022-09-04,8694,1015,685,3247,34949873,12678514,468486,,12210028,7521099
2022-09-05,3563,321,230,1389,34953436,12678566,468574,,12209992,7522263
2022-09-06,2487,159,120,1139,34955923,12678468,468610,,12209858,7523192
2022-09-07,10952,1022,596,3495,34966875,12679188,469032,,12210156,7526432
2022-09-08,10900,1029,537,2794,34977775,12679886,469521,,12210365,7528947
2022-09-09,9609,1018,494,2509,34987384,12680614,470040,,12210574,7531219
2022-09-10,10681,1275,559,3170,34998065,12681609,470749,,12210860,7534153
2022-09-11,9442,982,674,3743,35007507,12682341,471051,,12211290,7537685
2022-09-12,3137,296,206,1081,35010644,12682352,471134,,12211218,7538528
2022-09-13,6054,549,294,1141,35016698,12682610,471380,,12211230,7539422
2022-09-14,14503,798,439,1851,35031201,12683087,471735,,12211352,7541005
2022-09-15,15789,785,418,1543,35046990,12683551,472097,,12211454,7542276
2022-09-16,17782,770,452,1700,35064772,12684057,472409,,12211648,7543751
2022-09-17,17650,726,465,1676,35082422,12684474,472666,,12211808,7545169
2022-09-18,11233,773,451,1693,35093655,12684982,472986,,12211996,7546636
2022-09-19,4992,405,287,670,35098647,12685112,473099,,12212013,7547090
2022-09-20,13810,449,339,944,35112457,12685244,473207,,12212037,7547769
2022-09-21,23084,656,421,1501,35135541,12685588,473437,,12212151,7549013
2022-09-22,22954,639,409,1396,35158495,12685915,473661,,12212254,7550145
2022-09-23,22993,731,609,1420,35181488,12686338,473778,,12212560,7551303
2022-09-24,21725,742,696,1506,35203213,12686785,473820,,12212965,7552572
2022-09-25,11341,595,700,1361,35214554,12687096,473709,,12213387,7553694
2022-09-26,4577,193,223,596,35219131,12686996,473673,,12213323,7554044
2022-09-27,37682,496,373,1496,35256813,12687221,473792,,12213429,7555312
2022-09-28,51006,733,676,1905,35307819,12687684,473848,,12213836,7556990
2022-09-29,48063,640,754,1837,35355882,12687998,473726,,12214272,7558547
2022-09-30,47310,675,815,2001,35403192,12688345,473584,,12214761,7560266
2022-10-01,34478,524,639,1553,35437670,12688559,473467,,12215092,7561551
2022-10-02,24273,737,1035,1710,35461943,12688997,473166,,12215831,7563006
2022-10-03,10883,237,235,612,35472826,12688941,473164,,12215777,7563379
2022-10-04,32225,477,465,1164,35505051,12689095,473172,,12215923,7564263
2022-10-05,40468,633,744,1558,35545519,12689403,473054,,12216349,7565553
2022-10-06,38730,610,659,1569,35584249,12689705,473003,,12216702,7566859
2022-10-07,42285,665,861,1742,35626534,12690022,472799,,12217223,7568299
2022-10-08,37437,786,1148,2127,35663971,12690473,472431,,12218042,7570148
2022-10-09,18836,548,730,1555,35682807,12690739,472246,,12218493,7571461
2022-10-10,6879,163,373,570,35689686,12690602,472033,,12218569,7571769
2022-10-11,5023,131,120,320,35694709,12690437,472039,,12218398,7571850
2022-10-12,35141,580,687,1431,35729850,12690681,471930,,12218751,7572989
2022-10-13,36798,648,865,1621,35766648,12690956,471709,,12219247,7574296
2022-10-14,37013,624,759,1537,35803661,12691242,471570,,12219672,7575549
2022-10-15,35495,720,1022,1631,35839156,12691667,471265,,12220402,7576929
2022-10-16,20686,655,1030,1593,35859842,12692048,470884,,12221164,7578288
2022-10-17,7365,207,479,543,35867207,12691965,470610,,12221355,7578587
2022-10-18,36472,455,508,1398,35903679,12692095,470552,,12221543,7579710
2022-10-19,49937,619,734,1978,35953616,12692409,470433,,12221976,7581435
2022-10-20,51325,620,654,2050,36004941,12692711,470396,,12222315,7583217
2022-10-21,52878,700,626,1928,36057819,12693079,470464,,12222615,7584873
2022-10-22,50910,753,910,2315,36108729,12693496,470302,,12223194,7586908
2022-10-23,30668,568,786,2126,36139397,12693742,470077,,12223665,7588766
2022-10-24,14138,232,272,976,36153535,12693667,470032,,12223635,7589480
2022-10-25,41392,472,489,1819,36194927,12693783,470012,,12223771,7590997
2022-10-26,51685,615,665,2118,36246612,12694059,469958,,12224101,7592832
2022-10-27,50159,606,772,2162,36296771,12694336,469784,,12224552,7594720
2022-10-28,49830,586,679,2094,36346601,12694556,469686,,12224870,7596501
2022-10-29,50657,736,783,2226,36397258,12694936,469635,,12225301,7598420
2022-10-30,28427,658,932,2039,36425685,12695304,469357,,12225947,7600211
2022-10-31,12454,200,235,778,36438139,12695215,469318,,12225897,7600747
2022-11-01,33129,339,202,1223,36471268,12695205,469449,,12225756,7601677
2022-11-02,44322,571,626,1910,36515590,12695435,469390,,12226045,7603280
2022-11-03,44231,541,608,1861,36559821,12695639,469318,,12226321,7604850
2022-11-04,44676,648,532,2030,36604497,12695976,469427,,12226549,7606621
2022-11-05,45242,646,760,2369,36649739,12696313,469309,,12227004,7608718
2022-11-06,26042,559,776,2100,36675781,12696524,469089,,12227435,7610516
2022-11-07,10725,243,236,878,36686506,12696471,469093,,12227378,7611149
2022-11-08,33519,488,399,1587,36720025,12696663,469179,,12227484,7612487
2022-11-09,40573,606,574,1970,36760598,12696941,469209,,12227732,7614178
2022-11-10,39229,620,559,1931,36799827,12697235,469264,,12227971,7615830
2022-11-11,43381,641,647,2211,36843208,12697549,469256,,12228293,7617760
2022-11-12,36883,638,597,2191,36880091,12697860,469289,,12228571,7619666
2022-11-13,24294,560,776,2281,36904385,12698116,469067,,12229049,7621686
2022-11-14,10981,231,205,1027,36915366,12698047,469092,,12228955,7622451
2022-11-15,33675,488,388,1697,36949041,12698162,469186,,12228976,7623833
2022-11-16,43561,801,589,2371,36992602,12698657,469392,,12229265,7625947
2022-11-17,38381,678,651,2248,37030983,12698990,469415,,12229575,7627901
2022-11-18,40665,722,535,2339,37071648,12699358,469598,,12229760,7629935
2022-11-19,39703,1009,1038,3066,37111351,12700013,469562,,12230451,7632690
2022-11-20,22453,659,720,2446,37133804,12700385,469497,,12230888,7634899
2022-11-21,8933,198,195,967,37142737,12700311,469495,,12230816,7635652
2022-11-22,26470,486,377,1519,37169207,12700428,469599,,12230829,7636849
2022-11-23,32120,686,669,2075,37201327,12700771,469613,,12231158,7638634
2022-11-24,31961,664,757,2091,37233288,12701113,469517,,12231596,7640457
2022-11-25,30776,762,829,1963,37264064,12701554,469444,,12232110,7642149
2022-11-26,30324,905,1198,2701,37294388,12702109,469142,,12232967,7644551
2022-11-27,18701,608,948,2090,37313089,12702398,468796,,12233602,7646372
2022-11-28,7556,192,283,787,37320645,12702279,468697,,12233582,7646888
2022-11-29,21056,420,455,1296,37341701,12702357,468658,,12233699,7647896
2022-11-30,27920,642,653,1844,37369621,12702669,468645,,12234024,7649454
2022-12-01,24850,605,690,1700,37394471,12702937,468556,,12234381,7650861
2022-12-02,25078,522,632,1778,37419549,12703116,468439,,12234677,7652346
2022-12-03,25592,591,783,1950,37445141,12703374,468237,,12235137,7654023
2022-12-04,15268,494,610,1709,37460409,12703524,468115,,12235409,7655431
2022-12-05,6883,167,158,746,37467292,12703388,468118,,12235270,7655922
2022-12-06,20377,421,354,1383,37487669,12703427,468179,,12235248,7656983
2022-12-07,24823,554,617,1681,37512492,12703652,468108,,12235544,7658384
2022-12-08,23184,565,524,1771,37535676,12703886,468147,,12235739,7659865
2022-12-09,23353,639,578,1633,37559029,12704181,468203,,12235978,7661213
2022-12-10,22606,511,608,1633,37581635,12704362,468103,,12236259,7662559
2022-12-11,14218,547,787,1570,37595853,12704630,467860,,12236770,7663893
2022-12-12,5516,149,157,595,37601369,12704477,467847,,12236630,7664241
2022-12-13,17836,380,377,1130,37619205,12704521,467848,,12236673,7665085
2022-12-14,21353,512,553,1459,37640558,12704725,467801,,12236924,7666290
2022-12-15,22006,536,613,1581,37662564,12704905,467722,,12237183,7667565
2022-12-16,16312,384,454,1031,37678876,12704957,467649,,12237308,7668316
2022-12-17,18736,559,517,1285,37697612,12705178,467689,,12237489,7669304
2022-12-18,12652,530,797,1308,37710264,12705416,467421,,12237995,7670351
2022-12-19,4594,131,117,452,37714858,12705202,467431,,12237771,7670509
2022-12-20,16238,498,455,1114,37731096,12705371,467466,,12237905,7671351
2022-12-21,18505,543,558,1307,37749601,12705599,467447,,12238152,7672384
2022-12-22,18647,572,592,1751,37768248,12705860,467427,,12238433,7673864
2022-12-23,15679,577,609,1724,37783927,12706068,467390,,12238678,7675282
2022-12-24,5359,228,177,679,37789286,12705968,467440,,12238528,7675667
2022-12-25,2455,153,157,480,37791741,12705802,467426,,12238376,7675873
2022-12-26,263,12,8,48,37792004,12705497,467425,,12238072,7675655
2022-12-27,2109,98,39,308,37794113,12705297,467479,,12237818,7675719
2022-12-28,8342,339,176,980,37802455,12705308,467637,,12237671,7676416
2022-12-29,13185,584,531,1601,37815640,12705540,467685,,12237855,7677714
2022-12-30,15848,665,664,1883,37831488,12705883,467683,,12238200,7679312
2022-12-31,11255,460,395,1357,37842743,12705972,467744,,12238228,7680351
2023-01-01,3916,201,219,564,37846659,12705842,467724,,12238118,7680625
2023-01-02,654,37,13,98,37847313,12705571,467747,,12237824,7680458
2023-01-03,8208,296,154,904,37855521,12705558,467883,,12237675,7681102
2023-01-04,14747,579,551,1548,37870268,12705830,467904,,12237926,7682382
2023-01-05,16149,648,542,1802,37886417,12706153,468001,,12238152,7683902
2023-01-06,18869,717,621,2049,37905286,12706552,468094,,12238458,7685675
2023-01-07,18553,706,645,2064,37923839,12706957,468150,,12238807,7687476
2023-01-08,11632,579,609,1639,37935471,12707264,468116,,12239148,7688879
2023-01-09,5310,217,197,665,37940781,12707156,468133,,12239023,7689269
2023-01-10,12178,414,319,789,37952959,12707245,468226,,12239019,7689775
2023-01-11,15581,461,375,1104,37968540,12707361,468306,,12239055,7690589
2023-01-12,14108,445,410,979,37982648,12707477,468340,,12239137,7691291
2023-01-13,14214,421,351,1045,37996862,12707618,468407,,12239211,7692092
2023-01-14,13423,473,454,1082,38010285,12707762,468420,,12239342,7692889
2023-01-15,9058,459,509,1058,38019343,12707917,468369,,12239548,7693692
2023-01-16,3756,146,134,480,38023099,12707766,468381,,12239385,7693912
2023-01-17,8869,265,183,658,38031968,12707675,468459,,12239216,7694269
2023-01-18,10296,351,277,768,38042264,12707706,468529,,12239177,7694754
2023-01-19,10608,313,321,764,38052872,12707706,468516,,12239190,7695255
2023-01-20,9868,330,281,720,38062740,12707731,468563,,12239168,7695708
2023-01-21,11338,354,408,913,38074078,12707761,468508,,12239253,7696348
2023-01-22,7588,342,409,826,38081666,12707818,468436,,12239382,7696925
2023-01-23,3388,144,133,291,38085054,12707702,468446,,12239256,7696987
2023-01-24,8317,231,172,559,38093371,12707592,468502,,12239090,7697250
2023-01-25,10334,347,302,668,38103705,12707649,468543,,12239106,7697673
2023-01-26,6749,239,210,471,38110454,12707574,468568,,12239006,7697882
2023-01-27,6938,242,200,500,38117392,12707485,468607,,12238878,7698101
2023-01-28,9388,315,341,703,38126780,12707490,468575,,12238915,7698541
2023-01-29,5999,236,346,703,38132779,12707421,468460,,12238961,7698977
2023-01-30,1910,88,86,215,38134689,12707202,468460,,12238742,7698925
2023-01-31,5906,158,158,416,38140595,12707028,468455,,12238573,7699050
2023-02-01,7326,251,255,498,38147921,12707004,468448,,12238556,7699316
2023-02-02,6507,298,245,507,38154428,12707009,468497,,12238512,7699586
2023-02-03,6579,200,201,467,38161007,12706918,468491,,12238427,7699801
2023-02-04,6758,234,313,553,38167765,12706864,468405,,12238459,7700111
2023-02-05,4185,200,291,487,38171950,12706763,468309,,12238454,7700348
2023-02-06,1838,90,98,212,38173788,12706539,468298,,12238241,7700283
2023-02-07,4981,160,183,389,38178769,12706365,468271,,12238094,7700395
2023-02-08,5788,216,209,432,38184557,12706272,468272,,12238000,7700561
2023-02-09,6145,213,246,442,38190702,12706181,468238,,12237943,7700746
2023-02-10,5127,163,213,385,38195829,12706087,468183,,12237904,7700913
2023-02-11,6077,184,265,463,38201906,12705965,468097,,12237868,7701102
2023-02-12,4095,223,344,410,38206001,12705914,467972,,12237942,7701270
2023-02-13,1486,57,87,146,38207487,12705698,467940,,12237758,7701186
2023-02-14,3976,136,184,313,38211463,12705523,467890,,12237633,7701223
2023-02-15,4574,123,195,287,38216037,12705359,467815,,12237544,7701267
2023-02-16,4935,176,289,402,38220972,12705225,467697,,12237528,7701403
2023-02-17,5011,183,216,347,38225983,12705133,467660,,12237473,7701519
2023-02-18,5139,234,295,487,38231122,12705081,467597,,12237484,7701762
2023-02-19,3360,132,244,376,38234482,12704930,467480,,12237450,7701902
2023-02-20,1430,63,56,159,38235912,12704719,467484,,12237235,7701828
2023-02-21,924,30,17,108,38236836,12704479,467491,,12236988,7701701
2023-02-22,4155,136,216,371,38240991,12704322,467404,,12236918,7701834
2023-02-23,4308,167,233,395,38245299,12704193,467331,,12236862,7701978
2023-02-24,3043,136,233,275,38248342,12704043,467229,,12236814,7701997
2023-02-25,5040,215,544,386,38253382,12703978,466898,,12237080,7702148
2023-02-26,3489,148,683,388,38256871,12703831,466359,,12237472,7702290
2023-02-27,1080,37,56,97,38257951,12703604,466334,,12237270,7702169
2023-02-28,2747,101,165,237,38260698,12703396,466268,,12237128,7702131
2023-03-01,3878,138,430,346,38264576,12703202,465969,,12237233,7702183
2023-03-02,4617,160,497,331,38269193,12703019,465621,,12237398,7702232
2023-03-03,4393,161,360,341,38273586,12702877,465419,,12237458,7702306
2023-03-04,4989,208,624,355,38278575,12702775,465000,,12237775,7702395
2023-03-05,2550,113,451,256,38281125,12702562,464660,,12237902,7702369
2023-03-06,1166,49,41,114,38282291,12702323,464664,,12237659,7702235
2023-03-07,3251,91,178,232,38285542,12702066,464572,,12237494,7702175
2023-03-08,4347,135,413,293,38289889,12701874,464292,,12237582,7702180
2023-03-09,4650,177,457,318,38294539,12701739,464006,,12237733,7702231
2023-03-10,3970,100,139,259,38298509,12701562,463963,,12237599,7702258
2023-03-11,4092,144,178,290,38302601,12701444,463925,,12237519,7702317
2023-03-12,2929,111,238,305,38305530,12701253,463787,,12237466,7702368
2023-03-13,865,29,32,106,38306395,12701017,463778,,12237239,7702243
2023-03-14,3104,99,112,263,38309499,12700814,463765,,12237049,7702248
2023-03-15,4127,136,163,317,38313626,12700667,463735,,12236932,7702317
2023-03-16,4064,178,234,285,38317690,12700491,463670,,12236821,7702313
2023-03-17,4331,172,214,320,38322021,12700338,463624,,12236714,7702347
2023-03-18,4397,145,195,301,38326418,12700176,463573,,12236603,7702379
2023-03-19,2732,130,234,260,38329150,12700050,463465,,12236585,7702412
2023-03-20,781,34,19,74,38329931,12699788,463477,,12236311,7702236
2023-03-21,2925,69,89,206,38332856,12699565,463451,,12236114,7702196
2023-03-22,3922,131,136,251,38336778,12699387,463443,,12235944,7702172
2023-03-23,3853,119,178,234,38340631,12699191,463378,,12235813,7702139
2023-03-24,3733,103,117,240,38344364,12699008,463361,,12235647,7702142
2023-03-25,4330,107,176,258,38348694,12698821,463285,,12235536,7702148
2023-03-26,2519,113,220,203,38351213,12698641,463172,,12235469,7702106
2023-03-27,923,49,32,69,38352136,12698440,463187,,12235253,7701956
2023-03-28,3124,88,82,207,38355260,12698215,463184,,12235031,7701901
2023-03-29,4222,127,142,228,38359482,12698042,463163,,12234879,7701873
2023-03-30,3883,108,164,219,38363365,12697851,463105,,12234746,7701823
2023-03-31,4031,141,116,229,38367396,12697685,463129,,12234556,7701797
2023-04-01,4249,133,152,232,38371645,12697515,463107,,12234408,7701776
2023-04-02,2206,62,129,175,38373851,12697256,463036,,12234220,7701676
2023-04-03,786,24,12,55,38374637,12697000,463044,,12233956,7701487
2023-04-04,3458,77,79,175,38378095,12696794,463040,,12233754,7701409
2023-04-05,4425,100,116,255,38382520,12696574,463019,,12233555,7701393
2023-04-06,3742,113,113,195,38386262,12696398,463015,,12233383,7701339
2023-04-07,4641,103,121,251,38390903,12696194,462993,,12233201,7701330
2023-04-08,848,23,15,56,38391751,12695947,462995,,12232952,7701159
2023-04-09,2463,81,105,166,38394214,12695780,462968,,12232812,7701115
2023-04-10,365,9,6,22,38394579,12695503,462965,,12232538,7700905
2023-04-11,2803,35,31,131,38397382,12695231,462967,,12232264,7700765
2023-04-12,6393,107,97,194,38403775,12695043,462970,,12232073,7700719
2023-04-13,7056,109,133,215,38410831,12694850,462938,,12231912,7700672
2023-04-14,6565,90,106,211,38417396,12694651,462914,,12231737,7700648
2023-04-15,7002,108,152,240,38424398,12694469,462865,,12231604,7700647
2023-04-16,3303,83,146,174,38427701,12694248,462798,,12231450,7700560
2023-04-17,867,13,13,50,38428568,12694001,462794,,12231207,7700397
2023-04-18,4828,100,80,167,38433396,12693795,462810,,12230985,7700301
2023-04-19,6609,119,103,184,38440005,12693599,462824,,12230775,7700211
2023-04-20,6431,105,157,214,38446436,12693426,462769,,12230657,7700188
2023-04-21,5813,88,82,136,38452249,12693223,462771,,12230452,7700076
2023-04-22,6441,96,93,181,38458690,12693033,462771,,12230262,7700018
2023-04-23,3320,118,148,172,38462010,12692890,462740,,12230150,7699962
2023-04-24,966,4,14,61,38462976,12692621,462727,,12229894,7699803
2023-04-25,4846,69,73,190,38467822,12692401,462723,,12229678,7699737
2023-04-26,6645,109,95,213,38474467,12692244,462736,,12229508,7699717
2023-04-27,6941,119,154,215,38481408,12692065,462695,,12229370,7699679
2023-04-28,6703,87,88,191,38488111,12691869,462690,,12229179,7699621
2023-04-29,6589,125,116,205,38494700,12691699,462695,,12229004,7699574
2023-04-30,2664,95,128,148,38497364,12691539,462661,,12228878,7699500
2023-05-01,1038,21,19,34,38498402,12691267,462654,,12228613,7699287
2023-05-02,4387,67,59,110,38502789,12691032,462656,,12228376,7699140
2023-05-03,5681,111,107,181,38508470,12690854,462653,,12228201,7699077
2023-05-04,8154,85,86,141,38516624,12690638,462649,,12227989,7698973
2023-05-05,13136,91,100,172,38529760,12690449,462635,,12227814,7698903
2023-05-06,15745,110,102,164,38545505,12690303,462641,,12227662,7698839
2023-05-07,6116,56,96,110,38551621,12690104,462594,,12227510,7698731
2023-05-08,2182,18,6,38,38553803,12689854,462601,,12227253,7698543
2023-05-09,12653,61,54,130,38566456,12689631,462601,,12227030,7698436
2023-05-10,14863,72,82,161,38581319,12689426,462586,,12226840,7698363
2023-05-11,13438,80,79,164,38594757,12689251,462586,,12226665,7698301
2023-05-12,13602,83,81,181,38608359,12689055,462583,,12226472,7698243
2023-05-13,11508,80,78,149,38619867,12688806,462580,,12226226,7698107
2023-05-14,4212,68,97,103,38624079,12688610,462547,,12226063,7697999
2023-05-15,1059,9,6,40,38625138,12688367,462544,,12225823,7697827
2023-05-16,8994,57,49,99,38634132,12688135,462545,,12225590,7697683
2023-05-17,11199,97,83,146,38645331,12687942,462553,,12225389,7697566
2023-05-18,10953,79,70,154,38656284,12687728,462560,,12225168,7697469
2023-05-19,10568,96,99,161,38666852,12687531,462551,,12224980,7697370
2023-05-20,9469,92,90,176,38676321,12687304,462548,,12224756,7697266
2023-05-21,3107,48,87,96,38679428,12687101,462507,,12224594,7697143
2023-05-22,975,14,12,30,38680403,12686836,462507,,12224329,7696930
2023-05-23,759,8,3,19,38681162,12686579,462508,,12224071,7696727
2023-05-24,8192,57,82,111,38689354,12686345,462482,,12223863,7696579
2023-05-25,9413,76,94,168,38698767,12686120,462458,,12223662,7696485
2023-05-26,8061,70,73,126,38706828,12685927,462452,,12223475,7696382
2023-05-27,8319,111,79,136,38715147,12685746,462481,,12223265,7696273
2023-05-28,2929,56,73,105,38718076,12685544,462459,,12223085,7696158
2023-05-29,980,13,11,31,38719056,12685289,462456,,12222833,7695953
2023-05-30,6121,57,52,115,38725177,12685039,462457,,12222582,7695802
2023-05-31,8213,94,95,123,38733390,12684827,462451,,12222376,7695674
2023-06-01,7484,70,94,127,38740874,12684613,462424,,12222189,7695556
2023-06-02,6407,56,53,125,38747281,12684366,462424,,12221942,7695417
2023-06-03,5547,72,63,127,38752828,12684133,462432,,12221701,7695288
2023-06-04,2074,47,78,79,38754902,12683909,462393,,12221516,7695134
2023-06-05,608,13,9,19,38755510,12683652,462394,,12221258,7694924
2023-06-06,4516,40,41,81,38760026,12683385,462389,,12220996,7694743
2023-06-07,5899,66,70,127,38765925,12683186,462380,,12220806,7694650
2023-06-08,5828,60,72,114,38771753,12683002,462364,,12220638,7694554
2023-06-09,6271,82,86,123,38778024,12682796,462355,,12220441,7694429
2023-06-10,5413,77,96,121,38783437,12682574,462330,,12220244,7694295
2023-06-11,2019,54,62,107,38785456,12682383,462316,,12220067,7694195
2023-06-12,698,12,8,38,38786154,12682145,462315,,12219830,7694020
2023-06-13,4281,56,59,110,38790435,12681917,462309,,12219608,7693893
2023-06-14,5516,74,86,121,38795951,12681704,462295,,12219409,7693773
2023-06-15,5180,78,78,126,38801131,12681480,462290,,12219190,7693641
2023-06-16,5857,72,66,122,38806988,12681265,462291,,12218974,7693518
2023-06-17,4206,63,62,117,38811194,12681040,462290,,12218750,7693394
2023-06-18,1575,41,61,99,38812769,12680800,462266,,12218534,7693258
2023-06-19,377,7,3,16,38813146,12680539,462266,,12218273,7693049
2023-06-20,3288,54,45,94,38816434,12680290,462271,,12218019,7692883
2023-06-21,3771,44,58,97,38820205,12680072,462250,,12217822,7692747
2023-06-22,4034,72,74,124,38824239,12679874,462243,,12217631,7692637
2023-06-23,4567,54,46,96,38828806,12679672,462245,,12217427,7692516
2023-06-24,3770,52,64,75,38832576,12679434,462230,,12217204,7692345
2023-06-25,1556,31,54,98,38834132,12679188,462203,,12216985,7692212
2023-06-26,524,13,10,25,38834656,12678956,462203,,12216753,7692020
2023-06-27,3169,80,47,95,38837825,12678743,462233,,12216510,7691869
2023-06-28,4165,70,62,92,38841990,12678536,462238,,12216298,7691715
2023-06-29,4090,62,73,91,38846080,12678346,462221,,12216125,7691594
2023-06-30,3917,75,61,131,38849997,12678152,462230,,12215922,7691495
2023-07-01,3303,54,90,125,38853300,12677913,462191,,12215722,7691371
2023-07-02,276,9,4,18,38853576,12677645,462193,,12215452,7691155
2023-07-03,389,8,6,27,38853965,12677408,462194,,12215214,7690981
2023-07-04,1270,19,14,50,38855235,12677166,462197,,12214969,7690804
2023-07-05,2456,60,44,73,38857691,12676961,462209,,12214752,7690655
2023-07-06,2594,39,70,92,38860285,12676698,462175,,12214523,7690489
2023-07-07,2871,54,47,76,38863156,12676513,462176,,12214337,7690364
2023-07-08,2496,68,46,94,38865652,12676302,462194,,12214108,7690218
2023-07-09,939,32,47,38,38866591,12676085,462178,,12213907,7690035
2023-07-10,296,5,3,15,38866887,12675807,462176,,12213631,7689808
2023-07-11,1844,34,21,66,38868731,12675585,462183,,12213402,7689661
2023-07-12,2392,52,55,89,38871123,12675392,462179,,12213213,7689534
2023-07-13,2347,56,71,68,38873470,12675173,462158,,12213015,7689369
2023-07-14,2085,66,51,64,38875555,12674980,462170,,12212810,7689212
2023-07-15,1997,52,57,78,38877552,12674776,462162,,12212614,7689072
2023-07-16,841,37,31,44,38878393,12674544,462165,,12212379,7688892
2023-07-17,200,5,1,11,38878593,12674312,462161,,12212151,7688706
2023-07-18,1350,45,47,56,38879943,12674067,462155,,12211912,7688523
2023-07-19,1914,54,57,60,38881857,12673854,462147,,12211707,7688358
2023-07-20,1721,77,58,65,38883578,12673673,462163,,12211510,7688201
2023-07-21,1781,56,40,53,38885359,12673464,462174,,12211290,7688028
2023-07-22,1568,40,63,81,38886927,12673248,462151,,12211097,7687874
2023-07-23,720,29,32,53,38887647,12673035,462145,,12210890,7687713
2023-07-24,239,11,2,15,38887886,12672792,462152,,12210640,7687506
2023-07-25,1122,49,27,52,38889008,12672555,462171,,12210384,7687303
2023-07-26,1397,48,51,44,38890405,12672354,462166,,12210188,7687128
2023-07-27,1325,67,49,55,38891730,12672148,462179,,12209969,7686953
2023-07-28,1501,49,49,63,38893231,12671932,462178,,12209754,7686780
2023-07-29,1360,51,50,74,38894591,12671711,462174,,12209537,7686617
2023-07-30,666,32,19,30,38895257,12671481,462183,,12209298,7686430
2023-07-31,232,6,4,17,38895489,12671250,462180,,12209070,7686244
2023-08-01,1158,46,33,39,38896647,12671017,462192,,12208825,7686031
2023-08-02,1493,75,58,60,38898140,12670803,462205,,12208598,7685853
2023-08-03,1227,61,39,52,38899367,12670582,462226,,12208356,7685662
2023-08-04,1348,45,48,62,38900715,12670350,462220,,12208130,7685481
2023-08-05,1373,51,52,55,38902088,12670120,462215,,12207905,7685298
2023-08-06,601,25,21,26,38902689,12669904,462218,,12207686,7685111
2023-08-07,250,7,4,9,38902939,12669657,462215,,12207442,7684909
2023-08-08,343,9,5,16,38903282,12669416,462215,,12207201,7684706
2023-08-09,1335,47,41,51,38904617,12669180,462220,,12206960,7684513
2023-08-10,1679,96,53,72,38906296,12669034,462259,,12206775,7684375
2023-08-11,1734,59,49,67,38908030,12668836,462265,,12206571,7684225
2023-08-12,1734,65,48,72,38909764,12668667,462281,,12206386,7684100
2023-08-13,819,29,33,33,38910583,12668432,462276,,12206156,7683902
2023-08-14,256,6,3,6,38910839,12668190,462276,,12205914,7683694
2023-08-15,1338,40,29,43,38912177,12667907,462282,,12205625,7683469
2023-08-16,1709,60,51,52,38913886,12667695,462289,,12205406,7683287
2023-08-17,1779,81,69,65,38915665,12667496,462298,,12205198,7683108
2023-08-18,1760,87,61,56,38917425,12667278,462320,,12204958,7682907
2023-08-19,1790,80,54,73,38919215,12667068,462343,,12204725,7682731
2023-08-20,855,56,47,35,38920070,12666888,462346,,12204542,7682564
2023-08-21,239,4,3,9,38920309,12666577,462345,,12204232,7682309
2023-08-22,1295,56,48,52,38921604,12666322,462347,,12203975,7682101
2023-08-23,1602,68,52,55,38923206,12666119,462359,,12203760,7681927
2023-08-24,1654,95,69,75,38924860,12665908,462385,,12203523,7681734
2023-08-25,1528,87,44,63,38926388,12665694,462424,,12203270,7681544
2023-08-26,1730,79,56,72,38928118,12665498,462443,,12203055,7681381
2023-08-27,831,35,47,52,38928949,12665257,462426,,12202831,7681193
2023-08-28,201,5,3,9,38929150,12665008,462423,,12202585,7680982
2023-08-29,972,51,31,48,38930122,12664773,462439,,12202334,7680769
2023-08-30,1448,119,71,76,38931570,12664616,462484,,12202132,7680601
2023-08-31,1533,97,91,92,38933103,12664428,462486,,12201942,7680450
2023-09-01,1557,98,83,114,38934660,12664270,462496,,12201774,7680344
2023-09-02,1340,79,67,69,38936000,12664082,462506,,12201576,7680183
2023-09-03,701,49,41,35,38936701,12663877,462511,,12201366,7679997
2023-09-04,150,3,1,9,38936851,12663620,462507,,12201113,7679787
2023-09-05,142,6,3,8,38936993,12663351,462505,,12200846,7679563
2023-09-06,1065,46,40,59,38938058,12663087,462508,,12200579,7679356
2023-09-07,1304,55,38,77,38939362,12662835,462517,,12200318,7679173
2023-09-08,1118,67,43,49,38940480,12662623,462538,,12200085,7678982
2023-09-09,1282,62,41,73,38941762,12662390,462553,,12199837,7678801
2023-09-10,868,56,40,51,38942630,12662194,462566,,12199628,7678624
2023-09-11,137,5,4,8,38942767,12661951,462566,,12199385,7678411
2023-09-12,967,33,24,41,38943734,12661662,462570,,12199092,7678177
2023-09-13,1405,76,54,70,38945139,12661431,462587,,12198844,7677982
2023-09-14,1244,61,53,55,38946383,12661202,462591,,12198611,7677791
2023-09-15,1211,76,26,71,38947594,12660985,462638,,12198347,7677610
2023-09-16,1181,86,51,62,38948775,12660786,462671,,12198115,7677427
2023-09-17,715,57,31,54,38949490,12660580,462692,,12197888,7677255
2023-09-18,148,5,3,6,38949638,12660325,462691,,12197634,7677046
2023-09-19,920,62,30,54,38950558,12660048,462720,,12197328,7676815
2023-09-20,1033,80,36,52,38951591,12659856,462758,,12197098,7676627
2023-09-21,914,64,31,59,38952505,12659635,462786,,12196849,7676442
2023-09-22,901,58,35,67,38953406,12659390,462805,,12196585,7676245
2023-09-23,1013,71,56,57,38954419,12659173,462815,,12196358,7676060
2023-09-24,648,37,32,41,38955067,12658950,462817,,12196133,7675877
2023-09-25,134,5,4,10,38955201,12658672,462814,,12195858,7675645
2023-09-26,708,48,22,36,38955909,12658429,462839,,12195590,7675423
2023-09-27,924,77,33,52,38956833,12658215,462879,,12195336,7675237
2023-09-28,850,41,54,43,38957683,12658005,462860,,12195145,7675074
2023-09-29,934,54,32,73,38958617,12657749,462877,,12194872,7674877
2023-09-30,1015,58,31,50,38959632,12657500,462901,,12194599,7674650
2023-10-01,483,34,19,19,38960115,12657251,462913,,12194338,7674423
2023-10-02,135,5,2,10,38960250,12656994,462915,,12194079,7674207
2023-10-03,910,32,9,51,38961160,12656711,462930,,12193781,7673997
2023-10-04,2366,41,35,79,38963526,12656441,462931,,12193510,7673801
2023-10-05,3021,54,33,86,38966547,12656193,462950,,12193243,7673630
2023-10-06,4335,94,48,89,38970882,12655981,462991,,12192990,7673457
2023-10-07,4623,92,65,162,38975505,12655815,463013,,12192802,7673387
2023-10-08,775,36,21,45,38976280,12655547,463024,,12192523,7673168
2023-10-09,145,4,2,5,38976425,12655286,463024,,12192262,7672931
2023-10-10,89,4,1,4,38976514,12655035,463027,,12192008,7672708
2023-10-11,8835,103,54,173,38985349,12654860,463076,,12191784,7672640
2023-10-12,12672,132,92,251,38998021,12654666,463112,,12191554,7672610
2023-10-13,13236,160,69,259,39011257,12654505,463199,,12191306,7672593
2023-10-14,16937,174,107,298,39028194,12654404,463262,,12191142,7672648
2023-10-15,9528,142,75,243,39037722,12654224,463325,,12190899,7672604
2023-10-16,4568,53,31,54,39042290,12653957,463343,,12190614,7672382
2023-10-17,24339,197,102,300,39066629,12653855,463435,,12190420,7672417
2023-10-18,32531,292,151,435,39099160,12653847,463570,,12190277,7672591
2023-10-19,36279,303,132,505,39135439,12653851,463735,,12190116,7672836
2023-10-20,43598,340,165,544,39179037,12653881,463906,,12189975,7673111
2023-10-21,46020,405,196,634,39225057,12653967,464112,,12189855,7673465
2023-10-22,23775,262,138,528,39248832,12653903,464234,,12189669,7673706
2023-10-23,9002,85,45,163,39257834,12653727,464273,,12189454,7673639
2023-10-24,40960,297,148,507,39298794,12653737,464419,,12189318,7673903
2023-10-25,46128,431,182,649,39344922,12653868,464659,,12189209,7674297
2023-10-26,48121,435,186,716,39393043,12653964,464905,,12189059,7674728
2023-10-27,53359,464,199,770,39446402,12654134,465167,,12188967,7675236
2023-10-28,54875,497,242,855,39501277,12654350,465419,,12188931,7675836
2023-10-29,23988,301,157,591,39525265,12654384,465555,,12188829,7676200
2023-10-30,11604,132,53,267,39536869,12654247,465630,,12188617,7676231
2023-10-31,56887,435,195,691,39593756,12654363,465864,,12188499,7676648
2023-11-01,56856,499,197,675,39650612,12654541,466163,,12188378,7677045
2023-11-02,62942,594,245,1075,39713554,12654836,466509,,12188327,7677860
2023-11-03,65236,567,263,1249,39778790,12655085,466805,,12188280,7678837
2023-11-04,63081,709,293,1232,39841871,12655459,467216,,12188243,7679782
2023-11-05,34098,496,228,1128,39875969,12655610,467478,,12188132,7680631
2023-11-06,14327,174,56,401,39890296,12655466,467593,,12187873,7680748
2023-11-07,50029,545,218,877,39940325,12655652,467913,,12187739,7681310
2023-11-08,55305,677,286,1122,39995630,12656046,468300,,12187746,7682191
2023-11-09,55725,694,257,1298,40051355,12656464,468735,,12187729,7683254
2023-11-10,53930,804,276,1166,40105285,12656963,469255,,12187708,7684160
2023-11-11,50108,659,252,1270,40155393,12657256,469656,,12187600,7685115
2023-11-12,24883,454,221,1040,40180276,12657425,469888,,12187537,7685906
2023-11-13,11207,195,51,385,40191483,12657333,470030,,12187303,7686034
2023-11-14,40068,487,200,886,40231551,12657518,470314,,12187204,7686663
2023-11-15,45183,590,227,1107,40276734,12657746,470676,,12187070,7687456
2023-11-16,43545,604,278,1161,40320279,12658022,470999,,12187023,7688323
2023-11-17,41693,625,273,1097,40361972,12658311,471346,,12186965,7689130
2023-11-18,39947,671,255,1313,40401919,12658638,471758,,12186880,7690150
2023-11-19,22500,491,204,1110,40424419,12658849,472042,,12186807,7691019
2023-11-20,9111,150,73,338,40433530,12658702,472114,,12186588,7691110
2023-11-21,32630,465,196,830,40466160,12658860,472379,,12186481,7691688
2023-11-22,35637,668,217,1006,40501797,12659217,472826,,12186391,7692417
2023-11-23,35011,526,254,933,40536808,12659439,473089,,12186350,7693084
2023-11-24,32915,516,204,924,40569723,12659675,473391,,12186284,7693781
2023-11-25,31519,514,247,1110,40601242,12659878,473657,,12186221,7694612
2023-11-26,16843,407,183,972,40618085,12660019,473878,,12186141,7695359
2023-11-27,7043,124,46,332,40625128,12659834,473956,,12185878,7695425
2023-11-28,25138,369,132,636,40650266,12659878,474190,,12185688,7695781
2023-11-29,29817,489,198,949,40680083,12660022,474472,,12185550,7696444
2023-11-30,28615,475,195,899,40708698,12660192,474745,,12185447,7697086
2023-12-01,28636,445,195,884,40737334,12660307,474990,,12185317,7697684
2023-12-02,25726,443,206,897,40763060,12660434,475224,,12185210,7698304
2023-12-03,13579,330,171,739,40776639,12660474,475381,,12185093,7698784
2023-12-04,6073,130,54,290,40782712,12660274,475453,,12184821,7698791
2023-12-05,20457,294,130,660,40803169,12660237,475613,,12184624,7699168
2023-12-06,25474,396,182,797,40828643,12660317,475820,,12184497,7699685
2023-12-07,24456,396,204,810,40853099,12660438,476011,,12184427,7700246
2023-12-08,22858,432,187,779,40875957,12660531,476250,,12184281,7700729
2023-12-09,23322,411,237,822,40899279,12660619,476419,,12184200,7701275
2023-12-10,13662,365,187,866,40912941,12660654,476591,,12184063,7701853
2023-12-11,6611,117,51,340,40919552,12660483,476650,,12183833,7701952
2023-12-12,21006,320,168,666,40940558,12660454,476795,,12183659,7702315
2023-12-13,20308,368,167,745,40960866,12660486,476992,,12183494,7702756
2023-12-14,17976,352,162,766,40978842,12660531,477175,,12183356,7703274
2023-12-15,18018,273,154,618,40996860,12660494,477292,,12183202,7703615
2023-12-16,17808,362,172,693,41014668,12660503,477479,,12183024,7704003
2023-12-17,8992,239,142,614,41023660,12660440,477571,,12182869,7704363
2023-12-18,4251,97,46,244,41027911,12660253,477619,,12182634,7704359
2023-12-19,14814,283,121,588,41042725,12660180,477777,,12182403,7704631
2023-12-20,14808,350,156,553,41057533,12660257,477966,,12182291,7704940
2023-12-21,14846,321,126,633,41072379,12660254,478157,,12182097,7705287
2023-12-22,13361,286,122,551,41085740,12660216,478317,,12181899,7705560
2023-12-23,10627,296,117,442,41096367,12660166,478492,,12181674,7705704
2023-12-24,3945,123,46,244,41100312,12659952,478562,,12181390,7705663
2023-12-25,1342,56,10,89,41101654,12659701,478605,,12181096,7705477
2023-12-26,190,15,7,12,41101844,12659414,478610,,12180804,7705232
2023-12-27,1455,48,10,60,41103299,12659164,478645,,12180519,7705032
2023-12-28,6732,192,74,295,41110031,12659014,478761,,12180253,7705032
2023-12-29,7189,202,91,357,41117220,12658871,478869,,12180002,7705086
2023-12-30,6537,220,78,313,41123757,12658740,479009,,12179731,7705102
2023-12-31,2709,117,34,127,41126466,12658516,479088,,12179428,7704937
2024-01-01,1023,39,10,69,41127489,12658254,479110,,12179144,7704761
2024-01-02,427,18,1,18,41127916,12657976,479122,,12178854,7704525
2024-01-03,5751,185,84,284,41133667,12657814,479219,,12178595,7704511
2024-01-04,7474,263,107,359,41141141,12657730,479371,,12178359,7704573
2024-01-05,8007,267,122,389,41149148,12657648,479514,,12178134,7704657
2024-01-06,8513,238,152,430,41157661,12657532,479596,,12177936,7704782
2024-01-07,3982,168,81,218,41161643,12657401,479679,,12177722,7704739
2024-01-08,1698,65,7,109,41163341,12657135,479731,,12177404,7704571
2024-01-09,5653,176,67,207,41168994,12656981,479836,,12177145,7704487
2024-01-10,4588,140,77,190,41173582,12656747,479891,,12176856,7704359
2024-01-11,5029,153,79,204,41178611,12656545,479961,,12176584,7704256
2024-01-12,5124,116,72,213,41183735,12656374,480001,,12176373,7704215
2024-01-13,6086,183,126,269,41189821,12656260,480050,,12176210,7704230
2024-01-14,2413,87,34,177,41192234,12656042,480097,,12175945,7704145
2024-01-15,1350,41,15,72,41193584,12655797,480120,,12175677,7703964
2024-01-16,3983,187,73,162,41197567,12655687,480231,,12175456,7703868
2024-01-17,3815,152,67,193,41201382,12655533,480312,,12175221,7703792
2024-01-18,3878,118,88,180,41205260,12655351,480339,,12175012,7703716
2024-01-19,4040,140,89,182,41209300,12655161,480385,,12174776,7703620
2024-01-20,4302,198,113,194,41213602,12655041,480463,,12174578,7703542
2024-01-21,2027,88,58,105,41215629,12654845,480489,,12174356,7703403
2024-01-22,833,41,17,49,41216462,12654612,480512,,12174100,7703215
2024-01-23,3060,97,49,126,41219522,12654385,480555,,12173830,7703068
2024-01-24,2797,122,52,134,41222319,12654226,480620,,12173606,7702960
2024-01-25,2903,139,94,137,41225222,12654030,480661,,12173369,7702796
2024-01-26,2984,112,53,109,41228206,12653851,480717,,12173134,7702652
2024-01-27,3049,108,95,149,41231255,12653653,480728,,12172925,7702529
2024-01-28,1549,75,46,90,41232804,12653417,480755,,12172662,7702340
2024-01-29,632,25,10,42,41233436,12653129,480764,,12172365,7702108
2024-01-30,2360,94,56,109,41235796,12652904,480798,,12172106,7701955
2024-01-31,2576,102,64,127,41238372,12652722,480836,,12171886,7701827
2024-02-01,2599,108,55,97,41240971,12652497,480879,,12171618,7701637
2024-02-02,2167,79,54,93,41243138,12652271,480900,,12171371,7701460
2024-02-03,2667,100,79,100,41245805,12652066,480919,,12171147,7701287
2024-02-04,1158,65,27,62,41246963,12651866,480953,,12170913,7701115
2024-02-05,616,39,17,27,41247579,12651613,480970,,12170643,7700890
2024-02-06,2059,94,49,84,41249638,12651395,481010,,12170385,7700708
2024-02-07,2039,70,59,80,41251677,12651180,481016,,12170164,7700538
2024-02-08,2013,88,73,111,41253690,12650971,481031,,12169940,7700396
2024-02-09,2013,75,56,91,41255703,12650754,481045,,12169709,7700246
2024-02-10,2161,95,84,96,41257864,12650520,481052,,12169468,7700061
2024-02-11,1026,48,31,39,41258890,12650299,481067,,12169232,7699869
2024-02-12,409,20,6,25,41259299,12650055,481076,,12168979,7699665
2024-02-13,1741,69,38,77,41261040,12649823,481105,,12168718,7699480
2024-02-14,1555,61,48,81,41262595,12649586,481117,,12168469,7699295
2024-02-15,1395,50,53,85,41263990,12649319,481111,,12168208,7699099
2024-02-16,1293,71,39,55,41265283,12649081,481140,,12167941,7698889
2024-02-17,1940,88,52,103,41267223,12648882,481173,,12167709,7698741
2024-02-18,733,49,16,50,41267956,12648641,481201,,12167440,7698540
2024-02-19,356,23,4,25,41268312,12648388,481214,,12167174,7698338
2024-02-20,342,15,5,19,41268654,12648111,481220,,12166891,7698103
2024-02-21,1577,94,43,75,41270231,12647902,481267,,12166635,7697900
2024-02-22,1519,76,42,76,41271750,12647651,481300,,12166351,7697697
2024-02-23,1546,82,45,71,41273296,12647397,481329,,12166068,7697474
2024-02-24,1744,85,59,96,41275040,12647162,481350,,12165812,7697286
2024-02-25,700,27,21,52,41275740,12646922,481355,,12165567,7697117
2024-02-26,391,14,3,38,41276131,12646663,481361,,12165302,7696924
2024-02-27,1400,64,56,68,41277531,12646425,481365,,12165060,7696725
2024-02-28,1219,72,31,66,41278750,12646175,481402,,12164773,7696514
2024-02-29,1184,67,51,74,41279934,12645949,481414,,12164535,7696337
2024-03-01,1158,78,36,69,41281092,12645721,481455,,12164266,7696140
2024-03-02,1495,71,29,69,41282587,12645487,481490,,12163997,7695950
2024-03-03,697,29,13,35,41283284,12645215,481505,,12163710,7695718
2024-03-04,348,14,5,22,41283632,12644943,481509,,12163434,7695501
2024-03-05,1138,52,25,64,41284770,12644690,481530,,12163160,7695305
2024-03-06,1192,54,37,49,41285962,12644445,481546,,12162899,7695089
2024-03-07,1259,43,37,55,41287221,12644162,481547,,12162615,7694860
2024-03-08,1083,59,26,51,41288304,12643930,481578,,12162352,7694658
2024-03-09,1233,74,24,65,41289537,12643720,481625,,12162095,7694484
2024-03-10,678,28,10,36,41290215,12643444,481635,,12161809,7694263
2024-03-11,278,15,5,19,41290493,12643231,481642,,12161589,7694073
2024-03-12,1097,58,38,47,41291590,12642989,481658,,12161331,7693854
2024-03-13,1071,54,18,62,41292661,12642773,481693,,12161080,7693688
2024-03-14,1063,43,33,55,41293724,12642494,481698,,12160796,7693472
2024-03-15,1186,51,20,47,41294910,12642257,481726,,12160531,7693277
2024-03-16,1279,54,34,55,41296189,12641998,481743,,12160255,7693055
2024-03-17,518,21,8,40,41296707,12641745,481751,,12159994,7692861
2024-03-18,205,11,3,19,41296912,12641459,481755,,12159704,7692619
2024-03-19,994,38,22,51,41297906,12641202,481769,,12159433,7692414
2024-03-20,895,38,25,52,41298801,12640948,481777,,12159171,7692213
2024-03-21,971,40,32,41,41299772,12640698,481783,,12158915,7692000
2024-03-22,978,52,27,51,41300750,12640476,481804,,12158672,7691804
2024-03-23,1010,45,33,58,41301760,12640234,481809,,12158425,7691620
2024-03-24,433,26,13,23,41302193,12639987,481820,,12158167,7691402
2024-03-25,223,9,4,22,41302416,12639702,481820,,12157882,7691172
2024-03-26,1010,59,30,54,41303426,12639470,481845,,12157625,7690975
2024-03-27,795,41,23,50,41304221,12639223,481858,,12157365,7690768
2024-03-28,851,42,27,48,41305072,12638938,481869,,12157069,7690533
2024-03-29,1006,51,31,34,41306078,12638694,481885,,12156809,7690310
2024-03-30,232,11,2,14,41306310,12638408,481888,,12156520,7690063
2024-03-31,349,17,11,27,41306659,12638145,481893,,12156252,7689850
2024-04-01,89,5,2,6,41306748,12637903,481892,,12156011,7689641
2024-04-02,674,27,10,32,41307422,12637653,481906,,12155747,7689438
2024-04-03,967,46,20,42,41308389,12637398,481927,,12155471,7689220
2024-04-04,941,51,30,37,41309330,12637167,481940,,12155227,7689016
2024-04-05,1035,39,16,25,41310365,12636908,481960,,12154948,7688778
2024-04-06,1192,50,32,49,41311557,12636652,481977,,12154675,7688554
2024-04-07,559,31,19,26,41312116,12636424,481987,,12154437,7688351
2024-04-08,373,10,2,13,41312489,12636164,481991,,12154173,7688140
2024-04-09,980,31,15,40,41313469,12635907,482005,,12153902,7687926
2024-04-10,1288,36,26,22,41314757,12635664,482011,,12153653,7687706
2024-04-11,1495,54,27,43,41316252,12635418,482035,,12153383,7687488
2024-04-12,1252,34,25,36,41317504,12635158,482041,,12153117,7687263
2024-04-13,1577,39,17,47,41319081,12634913,482059,,12152854,7687062
2024-04-14,746,28,17,16,41319827,12634676,482067,,12152609,7686843
2024-04-15,424,9,3,12,41320251,12634414,482066,,12152348,7686630
2024-04-16,1790,36,24,30,41322041,12634149,482076,,12152073,7686396
2024-04-17,1778,50,19,48,41323819,12633932,482103,,12151829,7686220
2024-04-18,1985,49,34,47,41325804,12633701,482115,,12151586,7686030
2024-04-19,2102,50,32,35,41327906,12633439,482131,,12151308,7685795
2024-04-20,1835,48,25,56,41329741,12633173,482148,,12151025,7685588
2024-04-21,754,14,17,29,41330495,12632916,482140,,12150776,7685377
2024-04-22,341,7,2,10,41330836,12632668,482138,,12150530,7685178
2024-04-23,2217,54,17,47,41333053,12632452,482171,,12150281,7685000
2024-04-24,2248,44,20,43,41335301,12632196,482190,,12150006,7684783
2024-04-25,2175,31,23,50,41337476,12631973,482194,,12149779,7684603
2024-04-26,2717,55,39,53,41340193,12631731,482204,,12149527,7684402
2024-04-27,2565,46,33,48,41342758,12631467,482212,,12149255,7684184
2024-04-28,965,26,12,24,41343723,12631251,482223,,12149028,7684005
2024-04-29,293,3,4,6,41344016,12631010,482218,,12148792,7683810
2024-04-30,2427,51,29,34,41346443,12630782,482238,,12148544,7683596
2024-05-01,2671,56,22,46,41349114,12630586,482269,,12148317,7683432
2024-05-02,3264,38,19,72,41352378,12630344,482287,,12148057,7683260
2024-05-03,3079,46,28,39,41355457,12630110,482304,,12147806,7683062
2024-05-04,3946,58,33,35,41359403,12629891,482324,,12147567,7682866
2024-05-05,1501,15,10,21,41360904,12629669,482327,,12147342,7682690
2024-05-06,680,8,2,9,41361584,12629411,482329,,12147082,7682472
2024-05-07,4604,48,21,45,41366188,12629202,482355,,12146847,7682294
2024-05-08,5601,51,25,44,41371789,12629002,482378,,12146624,7682122
2024-05-09,5838,22,31,59,41377627,12628737,482368,,12146369,7681925
2024-05-10,7195,55,34,67,41384822,12628539,482386,,12146153,7681772
2024-05-11,6730,52,28,58,41391552,12628324,482405,,12145919,7681606
2024-05-12,1863,17,8,17,41393415,12628072,482410,,12145662,7681385
2024-05-13,694,4,3,5,41394109,12627840,482410,,12145430,7681186
2024-05-14,6074,40,24,44,41400183,12627586,482424,,12145162,7680968
2024-05-15,8693,49,34,58,41408876,12627356,482433,,12144923,7680790
2024-05-16,7548,51,28,58,41416424,12627107,482452,,12144655,7680589
2024-05-17,8905,61,43,76,41425329,12626892,482467,,12144425,7680431
2024-05-18,7700,52,27,55,41433029,12626678,482490,,12144188,7680258
2024-05-19,2300,26,4,10,41435329,12626459,482508,,12143951,7680065
2024-05-20,1002,6,3,14,41436331,12626222,482510,,12143712,7679869
2024-05-21,945,6,2,8,41437276,12625981,482511,,12143470,7679669
2024-05-22,7213,50,35,61,41444489,12625756,482521,,12143235,7679486
2024-05-23,7548,38,26,59,41452037,12625540,482529,,12143011,7679332
2024-05-24,7548,46,28,64,41459585,12625348,482542,,12142806,7679192
2024-05-25,6005,66,31,50,41465590,12625181,482574,,12142607,7679043
2024-05-26,1544,17,6,21,41467134,12624971,482583,,12142388,7678867
2024-05-27,794,11,0,9,41467928,12624763,482594,,12142169,7678685
2024-05-28,6200,54,27,60,41474128,12624548,482616,,12141932,7678506
2024-05-29,7158,45,31,73,41481286,12624362,482630,,12141732,7678366
2024-05-30,6923,58,35,60,41488209,12624203,482652,,12141551,7678239
2024-05-31,6938,49,29,73,41495147,12624028,482668,,12141360,7678110
2024-06-01,5905,56,26,44,41501052,12623857,482697,,12141160,7677952
2024-06-02,1470,19,9,26,41502522,12623684,482706,,12140978,7677809
2024-06-03,507,3,3,7,41503029,12623462,482705,,12140757,7677622
2024-06-04,4736,57,23,50,41507765,12623264,482735,,12140529,7677452
2024-06-05,5132,64,25,46,41512897,12623073,482772,,12140301,7677281
2024-06-06,5571,37,36,57,41518468,12622890,482772,,12140118,7677142
2024-06-07,5924,39,24,62,41524392,12622652,482784,,12139868,7676971
2024-06-08,4970,66,47,60,41529362,12622477,482798,,12139679,7676816
2024-06-09,1195,11,19,25,41530557,12622274,482788,,12139486,7676654
2024-06-10,513,5,5,4,41531070,12622063,482788,,12139275,7676459
2024-06-11,3994,34,28,47,41535064,12621875,482792,,12139083,7676314
2024-06-12,4869,53,24,50,41539933,12621685,482818,,12138867,7676146
2024-06-13,4606,61,35,59,41544539,12621519,482840,,12138679,7676009
2024-06-14,4071,53,28,49,41548610,12621331,482860,,12138471,7675846
2024-06-15,3783,60,27,57,41552393,12621151,482891,,12138260,7675693
2024-06-16,840,17,8,16,41553233,12620928,482894,,12138034,7675505
2024-06-17,296,2,7,9,41553529,12620738,482888,,12137850,7675349
2024-06-18,2932,44,21,32,41556461,12620525,482911,,12137614,7675158
2024-06-19,3728,47,30,57,41560189,12620328,482923,,12137405,7675009
2024-06-20,3808,46,24,48,41563997,12620133,482940,,12137193,7674850
2024-06-21,3923,40,37,50,41567920,12619934,482937,,12136997,7674699
2024-06-22,3103,48,23,44,41571023,12619753,482960,,12136793,7674543
2024-06-23,914,17,8,11,41571937,12619528,482965,,12136563,7674337
2024-06-24,352,2,5,11,41572289,12619292,482961,,12136331,7674148
2024-06-25,2756,54,29,48,41575045,12619083,482984,,12136099,7673978
2024-06-26,3198,57,23,48,41578243,12618879,483016,,12135863,7673791
2024-06-27,3290,48,34,37,41581533,12618658,483029,,12135629,7673592
2024-06-28,3385,55,16,56,41584918,12618439,483066,,12135373,7673417
2024-06-29,2889,50,12,39,41587807,12618222,483099,,12135123,7673233
2024-06-30,744,14,11,16,41588551,12618010,483101,,12134909,7673049
2024-07-01,304,4,0,6,41588855,12617801,483100,,12134701,7672882
2024-07-02,188,0,1,5,41589043,12617553,483096,,12134457,7672677
2024-07-03,1993,47,19,33,41591036,12617364,483120,,12134244,7672510
2024-07-04,2186,45,21,33,41593222,12617111,483140,,12133971,7672276
2024-07-05,2339,35,16,47,41595561,12616862,483156,,12133706,7672079
2024-07-06,2388,59,24,34,41597949,12616653,483188,,12133465,7671878
2024-07-07,577,28,9,16,41598526,12616453,483205,,12133248,7671690
2024-07-08,284,6,3,8,41598810,12616212,483206,,12133006,7671483
2024-07-09,1676,49,14,40,41600486,12615999,483239,,12132760,7671290
2024-07-10,1640,29,19,43,41602126,12615768,483246,,12132522,7671113
2024-07-11,1486,52,16,29,41603612,12615546,483279,,12132267,7670895
2024-07-12,1665,52,27,39,41605277,12615342,483300,,12132042,7670707
2024-07-13,1438,47,12,24,41606715,12615146,483331,,12131815,7670519
2024-07-14,500,18,11,21,41607215,12614928,483336,,12131592,7670334
2024-07-15,297,10,3,14,41607512,12614707,483342,,12131365,7670145
2024-07-16,1257,34,14,32,41608769,12614483,483358,,12131125,7669947
2024-07-17,1378,56,29,35,41610147,12614307,483385,,12130922,7669792
2024-07-18,1245,51,14,38,41611392,12614077,483416,,12130661,7669590
2024-07-19,1674,44,20,30,41613066,12613869,483440,,12130429,7669400
2024-07-20,1554,34,19,23,41614620,12613672,483453,,12130219,7669219
2024-07-21,468,15,5,13,41615088,12613450,483460,,12129990,7669028
2024-07-22,218,4,3,13,41615306,12613225,483458,,12129767,7668847
2024-07-23,1296,51,23,32,41616602,12613015,483485,,12129530,7668656
2024-07-24,1485,35,29,36,41618087,12612790,483487,,12129303,7668466
2024-07-25,1400,49,11,33,41619487,12612593,483525,,12129068,7668288
2024-07-26,1406,41,17,39,41620893,12612363,483544,,12128819,7668088
2024-07-27,1177,38,17,29,41622070,12612156,483563,,12128593,7667897
2024-07-28,497,20,7,22,41622567,12611941,483575,,12128366,7667716
2024-07-29,257,9,3,5,41622824,12611759,483578,,12128181,7667556
2024-07-30,1329,40,15,31,41624153,12611539,483599,,12127940,7667361
2024-07-31,1420,49,16,37,41625573,12611362,483630,,12127732,7667199
2024-08-01,1233,45,13,27,41626806,12611171,483659,,12127512,7667019
2024-08-02,1209,45,15,23,41628015,12610981,483688,,12127293,7666839
2024-08-03,1061,31,10,28,41629076,12610792,483706,,12127086,7666676
2024-08-04,437,8,4,9,41629513,12610558,483709,,12126849,7666479
2024-08-05,226,8,1,7,41629739,12610368,483713,,12126655,7666320
2024-08-06,245,2,4,12,41629984,12610154,483708,,12126446,7666139
2024-08-07,1127,34,13,22,41631111,12609977,483726,,12126251,7665987
2024-08-08,1090,38,25,23,41632201,12609781,483737,,12126044,7665805
2024-08-09,1228,43,21,47,41633429,12609586,483752,,12125834,7665652
2024-08-10,1285,47,17,31,41634714,12609431,483779,,12125652,7665509
2024-08-11,507,23,5,10,41635221,12609255,483796,,12125459,7665348
2024-08-12,219,6,0,4,41635440,12609081,483801,,12125280,7665191
2024-08-13,1161,39,12,35,41636601,12608918,483826,,12125092,7665052
2024-08-14,1216,35,12,42,41637817,12608749,483844,,12124905,7664921
2024-08-15,1065,39,19,30,41638882,12608573,483863,,12124710,7664763
2024-08-16,1129,37,11,46,41640011,12608420,483888,,12124532,7664645
2024-08-17,1086,38,24,31,41641097,12608272,483900,,12124372,7664516
2024-08-18,450,15,3,12,41641547,12608101,483911,,12124190,7664370
2024-08-19,223,5,3,6,41641770,12607920,483911,,12124009,7664205
2024-08-20,1155,39,22,31,41642925,12607774,483928,,12123846,7664071
2024-08-21,1179,37,15,27,41644104,12607654,483949,,12123705,7663959
2024-08-22,1022,27,18,34,41645126,12607532,483957,,12123575,7663866
2024-08-23,978,43,15,28,41646104,12607432,483984,,12123448,7663773
2024-08-24,986,41,12,18,41647090,12607314,484012,,12123302,7663652
2024-08-25,360,10,14,16,41647450,12607180,484005,,12123175,7663541
2024-08-26,197,8,1,7,41647647,12607031,484012,,12123019,7663413
2024-08-27,1035,51,13,29,41648682,12606910,484048,,12122862,7663289
2024-08-28,1000,50,18,33,41649682,12606813,484079,,12122734,7663196
2024-08-29,841,37,17,27,41650523,12606730,484098,,12122632,7663120
2024-08-30,818,40,13,37,41651341,12606664,484123,,12122541,7663064
2024-08-31,712,31,7,20,41652053,12606569,484146,,12122423,7662969
2024-09-01,363,16,6,14,41652416,12606462,484153,,12122309,7662872
2024-09-02,2,1,0,0,41652418,12606350,484151,,12122199,7662776
2024-09-03,5,1,0,1,41652423,12606235,484151,,12122084,7662676
2024-09-04,24,0,1,3,41652447,12606090,484148,,12121942,7662553
2024-09-05,12,2,0,0,41652459,12605951,484150,,12121801,7662428
2024-09-06,4,1,0,0,41652463,12605800,484149,,12121651,7662289
2024-09-07,9,1,0,1,41652472,12605656,484149,,12121507,7662167
2024-09-08,3,0,0,0,41652475,12605526,484148,,12121378,7662054
2024-09-09,1,0,0,0,41652476,12605371,484145,,12121226,7661916
2024-09-10,4,0,0,0,41652480,12605206,484143,,12121063,7661768
2024-09-11,2,0,0,0,41652482,12605008,484142,,12120866,7661591
2024-09-12,3,1,0,0,41652485,12604790,484141,,12120649,7661403
2024-09-13,2,0,0,1,41652487,12604568,484139,,12120429,7661208
2024-09-14,7,0,0,0,41652494,12604342,484136,,12120206,7661014
2024-09-15,,,,,41652494,12604152,484135,,12120017,7660849
2024-09-16,1,0,0,0,41652495,12603926,484133,,12119793,7660651
2024-09-17,4,1,0,0,41652499,12603701,484131,,12119570,7660448
2024-09-18,,,,,41652499,12603474,484129,,12119345,7660253
2024-09-19,2,0,0,1,41652501,12603248,484126,,12119122,7660053
2024-09-20,,,,,41652501,12603029,484124,,12118905,7659860
2024-09-21,5,0,0,0,41652506,12602821,484123,,12118698,7659673
2024-09-22,5,0,2,0,41652511,12602611,484120,,12118491,7659489
2024-09-23,4,0,0,0,41652515,12602407,484118,,12118289,7659313
2024-09-24,2,1,0,0,41652517,12602198,484119,,12118079,7659131
2024-09-25,4,0,0,0,41652521,12601984,484117,,12117867,7658938
2024-09-26,1,0,0,1,41652522,12601782,484115,,12117667,7658754
2024-09-27,1,0,0,0,41652523,12601600,484113,,12117487,7658596
2024-09-28,,,,,41652523,12601417,484110,,12117307,7658438
2024-09-29,4,0,0,0,41652527,12601226,484107,,12117119,7658269
2024-09-30,2,1,0,0,41652529,12601028,484105,,12116923,7658098
2024-10-01,1156,18,7,6,41653685,12600851,484114,,12116737,7657930
2024-10-02,2145,16,15,11,41655830,12600637,484111,,12116526,7657744
2024-10-03,2751,35,9,11,41658581,12600476,484135,,12116341,7657578
2024-10-04,4575,39,23,26,41663156,12600326,484150,,12116176,7657436
2024-10-05,5579,60,33,33,41668735,12600185,484176,,12116009,7657296
2024-10-06,3158,32,12,39,41671893,12600040,484196,,12115844,7657180
2024-10-07,1613,13,10,12,41673506,12599863,484197,,12115666,7657021
2024-10-08,8125,66,30,63,41681631,12599729,484232,,12115497,7656901
2024-10-09,8619,97,37,50,41690250,12599655,484290,,12115365,7656799
2024-10-10,9230,101,50,58,41699480,12599562,484339,,12115223,7656690
2024-10-11,10197,104,56,88,41709677,12599459,484386,,12115073,7656596
2024-10-12,10107,127,52,114,41719784,12599373,484459,,12114914,7656514
2024-10-13,3863,71,26,47,41723647,12599272,484504,,12114768,7656407
2024-10-14,1850,32,22,34,41725497,12599140,484514,,12114626,7656295
2024-10-15,1467,21,10,18,41726964,12598978,484523,,12114455,7656155
2024-10-16,23305,256,127,219,41750269,12599043,484650,,12114393,7656205
2024-10-17,28096,262,125,239,41778365,12599121,484785,,12114336,7656285
2024-10-18,31974,304,162,251,41810339,12599234,484925,,12114309,7656367
2024-10-19,32173,358,166,326,41842512,12599391,485115,,12114276,7656524
2024-10-20,14705,202,113,194,41857217,12599443,485203,,12114240,7656588
2024-10-21,8025,97,56,88,41865242,12599339,485243,,12114096,7656496
2024-10-22,33765,316,159,281,41899007,12599474,485400,,12114074,7656609
2024-10-23,34727,329,148,308,41933734,12599614,485581,,12114033,7656744
2024-10-24,33831,355,185,351,41967565,12599801,485748,,12114053,7656947
2024-10-25,34490,351,186,378,42002055,12599993,485912,,12114081,7657185
2024-10-26,31953,380,186,357,42034008,12600219,486106,,12114113,7657402
2024-10-27,13217,184,125,227,42047225,12600238,486163,,12114075,7657488
2024-10-28,7955,88,48,140,42055180,12600181,486203,,12113978,7657495
2024-10-29,38210,465,230,387,42093390,12600463,486436,,12114027,7657716
2024-10-30,42664,505,235,453,42136054,12600818,486705,,12114113,7658031
2024-10-31,42539,505,224,476,42178593,12601174,486985,,12114189,7658378
2024-11-01,42326,499,240,387,42220919,12601521,487242,,12114279,7658630
2024-11-02,46347,619,286,591,42267266,12602026,487574,,12114452,7659121
2024-11-03,23457,445,215,488,42290723,12602355,487803,,12114552,7659506
2024-11-04,12513,203,123,259,42303236,12602441,487882,,12114559,7659662
2024-11-05,41941,544,245,492,42345177,12602853,488180,,12114673,7660040
2024-11-06,43985,595,295,627,42389162,12603344,488480,,12114864,7660576
2024-11-07,40197,537,265,609,42429359,12603771,488751,,12115020,7661090
2024-11-08,42957,663,331,631,42472316,12604321,489082,,12115239,7661623
2024-11-09,39599,620,290,649,42511915,12604834,489412,,12115422,7662177
2024-11-10,19503,389,193,520,42531418,12605139,489608,,12115531,7662620
2024-11-11,10417,220,78,253,42541835,12605274,489749,,12115525,7662792
2024-11-12,31508,477,228,505,42573343,12605669,489998,,12115671,7663230
2024-11-13,34724,477,226,563,42608067,12606071,490249,,12115822,7663725
2024-11-14,33705,514,245,550,42641772,12606528,490517,,12116011,7664227
2024-11-15,34003,479,218,557,42675775,12606965,490778,,12116187,7664747
2024-11-16,34242,586,259,550,42710017,12607537,491105,,12116432,7665283
2024-11-17,15569,316,161,361,42725586,12607850,491260,,12116590,7665641
2024-11-18,8210,176,101,225,42733796,12608026,491335,,12116691,7665866
2024-11-19,28777,464,161,392,42762573,12608482,491638,,12116844,7666252
2024-11-20,27195,352,146,405,42789768,12608834,491844,,12116990,7666657
2024-11-21,22982,373,185,374,42812750,12609207,492032,,12117175,7667031
