_id,OBJECTID,PROJ_NUM,LAST_UPDATED_DATE,PROJECT,LOCATION,DETAILS,DURATION/ Construction Timeline,STATUS,INV_PRIORITY,OWNER,CONTACT_NAME,CONTACT_EMAIL,INV_WEB_SITE,INV_DISPLAY_PROGRAM,INV_DISPLAY_SYMBOL,START_YEAR,CONTR_NUMBER,geometry
1,1784866, ,2021-04-12,Local Road Reconstruction,MILITARY TRL<br> From: ELLESMERE RD<br> To: EAST HIGHLAND CREEK ,"Replacement of the entire road pavement structure, including the asphalt and underlying support materials. Repair, improvement, or replacement of: road drainage, curbs, boulevards and sidewalks. Work may include the closure of individual lanes or the entire road.  Also, includes the replacement of the City-owned portion of substandard water service connections. The property owner is encouraged to replace the private portion of the substandard water service connection, as well.",Q1 2022 - Q3 2024 (Carry-Over),Active,1 - Projects with approved or allocated funding in the Capital Works Program.,Transportation Services,"Steven Bertolo, Engineering and Construction Services",sbertol@toronto.ca,https://www.toronto.ca/services-payments/streets-parking-transportation/road-maintenance/road-sidewalk-repair/,TS_Road_Reconstruction,12,2021,EXTERNAL,"{""type"": ""MultiLineString"", ""coordinates"": [[[-79.2171425869619, 43.7797525911282], [-79.2172054231109, 43.7798897801554], [-79.2172618651245, 43.7800130285459], [-79.2172988676535, 43.780093500359], [-79.2173281899266, 43.7801560948803], [-79.2173465622082, 43.7802276814674], [-79.2173509875124, 43.7802904214334], [-79.2173631522376, 43.7803532345448], [-79.217363693422, 43.7804071347748], [-79.2173571682355, 43.7804789568231], [-79.2173460391378, 43.7805417663338], [-79.217326417551, 43.7805955716908], [-79.2173114170927, 43.7806494514819], [-79.2172956333036, 43.7807034643502], [-79.217279836596, 43.7807575761964], [-79.2172578276505, 43.780811789687], [-79.2172388999469, 43.7808659477879], [-79.2172160251013, 43.7809378013812], [-79.2171947165617, 43.7810094428172], [-79.2171733827422, 43.781081165196], [-79.2171615422584, 43.7811261506452], [-79.2171426644853, 43.7811802188391], [-79.2171345648972, 43.7812433418581], [-79.2171280731657, 43.7812974497034], [-79.2171239299592, 43.7813514553467], [-79.2171236450957, 43.7814145076927], [-79.2171311248896, 43.7814775792555], [-79.2171339212642, 43.7815405942202], [-79.2171382641291, 43.7815944408408], [-79.2171433293577, 43.7816663545543], [-79.2171569664363, 43.7817383704903], [-79.2171721795321, 43.7817923250184], [-79.2171893778909, 43.7818547275337], [-79.2172072972751, 43.7819170418184], [-79.2172370969877, 43.7819707623922], [-79.2172779767934, 43.782024888415], [-79.2173119417115, 43.7820700321761], [-79.2173405515638, 43.7821152796981], [-79.217378526901, 43.7821425030698], [-79.2174474764815, 43.7821878053032], [-79.2174954482687, 43.7822239554838], [-79.2175449538758, 43.7822509912717], [-79.2175834411329, 43.7822777117756], [-79.2176093076736, 43.7823040500395], [-79.2176428897774, 43.7823303083462], [-79.2176824875901, 43.7823929821442], [-79.2177006729781, 43.7824200305062], [-79.2177267546203, 43.7824561265182], [-79.2177400525552, 43.7824921459481], [-79.2177549791368, 43.7825464147243], [-79.2177566352935, 43.7825931437707], [-79.2177474628607, 43.7826388109434], [-79.2177256224113, 43.7826729973695], [-79.217703832437, 43.7826990918845], [-79.2176712122783, 43.782735015899], [-79.2176277659243, 43.7827799143043], [-79.2175847526409, 43.7828251738087], [-79.2175221490055, 43.782891078517], [-79.2174727102193, 43.7829262498139], [-79.2173183468634, 43.783033593854], [-79.2172000006983, 43.7831249687629], [-79.2171161885595, 43.7832066987883], [-79.2170426411406, 43.7832694077385], [-79.2169586073026, 43.7833137733392], [-79.2168539815298, 43.783385577366], [-79.2167740877602, 43.7834213749942], [-79.2166983141059, 43.7834660309057], [-79.2166161545103, 43.783510661932], [-79.2164667188975, 43.7835920487226], [-79.2163552888671, 43.783654870268], [-79.2162462067663, 43.7837176885321], [-79.2161471429247, 43.7837821427778], [-79.216059960995, 43.78383510499], [-79.2156789478982, 43.7840665583619]]]}"
2,1785166, ,2021-04-12,Local Road Reconstruction,THE KINGSWAY (N)<br> From: DUNDAS ST [RAMP G]<br> To: LAMBETH RD ,"Replacement of the entire road pavement structure, including the asphalt and underlying support materials. Repair, improvement, or replacement of: road drainage, curbs, boulevards and sidewalks. Work may include the closure of individual lanes or the entire road.  Also, includes the replacement of the City-owned portion of substandard water service connections. The property owner is encouraged to replace the private portion of the substandard water service connection, as well. Also, includes the replacement of the City-owned portion of substandard water service connections. The property owner is encouraged to replace the private portion of the substandard water service connection, as well.",Q4 2021 - Q2 2024 (Carry-Over),Active,1 - Projects with approved or allocated funding in the Capital Works Program.,Transportation Services,"Lucas Da Costa, Engineering and Construction Services",ldacost@toronto.ca,https://www.toronto.ca/services-payments/streets-parking-transportation/road-maintenance/road-sidewalk-repair/,TS_Road_Reconstruction,12,2021,EXTERNAL,"{""type"": ""MultiLineString"", ""coordinates"": [[[-79.5192295701625, 43.6580483290164], [-79.5191465294085, 43.6582103942419], [-79.5190683957878, 43.6584441633269], [-79.5190403597176, 43.6586285696233], [-79.5189925692403, 43.65891902407], [-79.5189370433764, 43.6591752926463], [-79.5188586943168, 43.6594007443395], [-79.5186381156228, 43.6599662271059], [-79.5186119236932, 43.6603072293588]]]}"
3,1785543, ,2021-04-12,Laneway Reconstruction,[33.20 m N] DOUGLAS AVE<br> From: JEDBURGH RD<br> To: GREER RD ,"Replacement of the entire laneway pavement structure, including the asphalt, concrete and underlying support materials. Repair, improvement, or replacement of laneway drainage, curbs, and associated areas. Work may include the closure of individual lanes or the entire laneway. Also, includes the replacement of the City-owned portion of substandard water service connections. The property owner is encouraged to replace the private portion of the substandard water service connection, as well.",Q3 2024 - Q3 2025 (Carry-Over),Active,1 - Projects with approved or allocated funding in the Capital Works Program.,Transportation Services,"Marfique Ahmed, Engineering and Construction Services",mahmed2@toronto.ca,https://www.toronto.ca/services-payments/streets-parking-transportation/road-maintenance/road-sidewalk-repair/,TS_Road_Reconstruction,12,2024,EXTERNAL,"{""type"": ""MultiLineString"", ""coordinates"": [[[-79.4063354943867, 43.7262409379777], [-79.4095119643438, 43.725568889742]]]}"
4,1785575, ,2021-04-12,Laneway Reconstruction,[32 m E] ST CLARENS AVE<br> From: COLLEGE ST (TO)<br> To: [27.80 m N] COLLEGE ST (TO) ,"Replacement of the entire laneway pavement structure, including the asphalt, concrete and underlying support materials. Repair, improvement, or replacement of laneway drainage, curbs, and associated areas. Work may include the closure of individual lanes or the entire laneway. Also, includes the replacement of the City-owned portion of substandard water service connections. The property owner is encouraged to replace the private portion of the substandard water service connection, as well.",Q2 2026 - Q4 2026,Active,1 - Projects with approved or allocated funding in the Capital Works Program.,Transportation Services,"Augustine Anifowose, Engineering and Construction Services",aanifow@toronto.ca,https://www.toronto.ca/services-payments/streets-parking-transportation/road-maintenance/road-sidewalk-repair/,TS_Road_Reconstruction,12,2026,EXTERNAL,"{""type"": ""MultiLineString"", ""coordinates"": [[[-79.4382658698794, 43.6514385788415], [-79.4383769880856, 43.6517237208411]]]}"
5,1785956, ,2021-04-12,Local Road Reconstruction,CLUESON PARK RD<br> From: [63 m E] GRENVIEW BLVD [CUL-DE-SAC]<br> To: GRENVIEW BLVD ,"Replacement of the entire road pavement structure, including the asphalt and underlying support materials. Repair, improvement, or replacement of: road drainage, curbs, boulevards and sidewalks. Work may include the closure of individual lanes or the entire road.  Also, includes the replacement of the City-owned portion of substandard water service connections. The property owner is encouraged to replace the private portion of the substandard water service connection, as well. Also, includes the replacement of the City-owned portion of substandard water service connections. The property owner is encouraged to replace the private portion of the substandard water service connection, as well.",Q4 2021 - Q2 2024 (Carry-Over),Active,1 - Projects with approved or allocated funding in the Capital Works Program.,Transportation Services,"Lucas Da Costa, Engineering and Construction Services",ldacost@toronto.ca,https://www.toronto.ca/services-payments/streets-parking-transportation/road-maintenance/road-sidewalk-repair/,TS_Road_Reconstruction,12,2021,EXTERNAL,"{""type"": ""MultiLineString"", ""coordinates"": [[[-79.5019103400789, 43.6357339848196], [-79.5011710561479, 43.6358913119773]]]}"
6,1785972, ,2021-04-12,Local Road Reconstruction,SOUTH KINGSLEA DR<br> From: IVY LEA CRES<br> To: KINGSLEA CRT ,"Replacement of the entire road pavement structure, including the asphalt and underlying support materials. Repair, improvement, or replacement of: road drainage, curbs, boulevards and sidewalks. Work may include the closure of individual lanes or the entire road.  Also, includes the replacement of the City-owned portion of substandard water service connections. The property owner is encouraged to replace the private portion of the substandard water service connection, as well. Also, includes the replacement of the City-owned portion of substandard water service connections. The property owner is encouraged to replace the private portion of the substandard water service connection, as well.",Q4 2021 - Q2 2024 (Carry-Over),Active,1 - Projects with approved or allocated funding in the Capital Works Program.,Transportation Services,"Lucas Da Costa, Engineering and Construction Services",ldacost@toronto.ca,https://www.toronto.ca/services-payments/streets-parking-transportation/road-maintenance/road-sidewalk-repair/,TS_Road_Reconstruction,12,2021,EXTERNAL,"{""type"": ""MultiLineString"", ""coordinates"": [[[-79.5004946420332, 43.6406937603926], [-79.5002645991889, 43.6407297666629], [-79.5000999994084, 43.640761262742], [-79.5000252477492, 43.6407747828504], [-79.4999326850432, 43.640792776585], [-79.4998242448089, 43.6408152799108], [-79.4997506580748, 43.6408377832151], [-79.4996522944434, 43.6408692877755], [-79.4995577977916, 43.6409052929543], [-79.4994602023344, 43.6409457987283], [-79.4993606856279, 43.6409818037199], [-79.4992503109992, 43.64102680993], [-79.4991228809902, 43.6410853179677], [-79.4990524045787, 43.6411168222211], [-79.4989641171338, 43.6411393248951], [-79.4988676862503, 43.6411663281083], [-79.4987689250842, 43.641193331215], [-79.4986802530883, 43.6412203343531], [-79.4985996998367, 43.6412338354584], [-79.4985264965894, 43.6412473456033], [-79.4983440946171, 43.6413193451109], [-79.4982217230679, 43.6412788370823], [-79.4979103328058, 43.6412428263114], [-79.497543201912, 43.6412608217624], [-79.4974374625572, 43.6412698388195], [-79.4973317357656, 43.6412743370885], [-79.4972112840804, 43.6412788259001], [-79.4970668477962, 43.6413013257246], [-79.4969150124665, 43.6413103231036], [-79.4967601029673, 43.6413238208817], [-79.4966260781999, 43.6413418287573], [-79.4964649574938, 43.6413778293908], [-79.4963480118738, 43.6414048298412], [-79.4962054688069, 43.6414678348268], [-79.4961125061047, 43.6415038372048], [-79.4960544229515, 43.6415263386531], [-79.4958572773565, 43.6416343661842], [-79.4954993724478, 43.6420529075811]]]}"
7,1785974, ,2021-04-12,Local Road Reconstruction,HIGH ST<br> From: THE QUEENSWAY<br> To: WHITWORTH AVE ,"Replacement of the entire road pavement structure, including the asphalt and underlying support materials. Repair, improvement, or replacement of: road drainage, curbs, boulevards and sidewalks. Work may include the closure of individual lanes or the entire road.  Also, includes the replacement of the City-owned portion of substandard water service connections. The property owner is encouraged to replace the private portion of the substandard water service connection, as well. Also, includes the replacement of the City-owned portion of substandard water service connections. The property owner is encouraged to replace the private portion of the substandard water service connection, as well.",Q4 2021 - Q2 2024 (Carry-Over),Active,1 - Projects with approved or allocated funding in the Capital Works Program.,Transportation Services,"Lucas Da Costa, Engineering and Construction Services",ldacost@toronto.ca,https://www.toronto.ca/services-payments/streets-parking-transportation/road-maintenance/road-sidewalk-repair/,TS_Road_Reconstruction,12,2021,EXTERNAL,"{""type"": ""MultiLineString"", ""coordinates"": [[[-79.4830749160358, 43.6306426427261], [-79.4832618206579, 43.6310854127189], [-79.4833048071206, 43.6311872697521], [-79.4836945378776, 43.6320739810142], [-79.483880705948, 43.6325240859115]]]}"
8,1785975, ,2021-04-12,Local Road Reconstruction,HIGH ST<br> From: WHITWORTH AVE<br> To: [175 m N] WHITWORTH AVE [END] ,"Replacement of the entire road pavement structure, including the asphalt and underlying support materials. Repair, improvement, or replacement of: road drainage, curbs, boulevards and sidewalks. Work may include the closure of individual lanes or the entire road.  Also, includes the replacement of the City-owned portion of substandard water service connections. The property owner is encouraged to replace the private portion of the substandard water service connection, as well. Also, includes the replacement of the City-owned portion of substandard water service connections. The property owner is encouraged to replace the private portion of the substandard water service connection, as well.",Q4 2021 - Q2 2024 (Carry-Over),Active,1 - Projects with approved or allocated funding in the Capital Works Program.,Transportation Services,"Lucas Da Costa, Engineering and Construction Services",ldacost@toronto.ca,https://www.toronto.ca/services-payments/streets-parking-transportation/road-maintenance/road-sidewalk-repair/,TS_Road_Reconstruction,12,2021,EXTERNAL,"{""type"": ""MultiLineString"", ""coordinates"": [[[-79.483880705948, 43.6325240859115], [-79.4839615851943, 43.6327446223248], [-79.4841140885193, 43.6331362130357], [-79.4841725280045, 43.6332532391917], [-79.4842971762655, 43.6334467952295], [-79.4843548639355, 43.633550301098], [-79.4845341036173, 43.6339913934776]]]}"
9,1786116, ,2021-04-12,Local Road Reconstruction,KING HENRYS BLVD<br> From: BONIS AVE<br> To: [186 m N] BONIS AVE [CUL-DE-SAC] ,"Replacement of the entire road pavement structure, including the asphalt and underlying support materials. Repair, improvement, or replacement of: road drainage, curbs, boulevards and sidewalks. Work may include the closure of individual lanes or the entire road.  Also, includes the replacement of the City-owned portion of substandard water service connections. The property owner is encouraged to replace the private portion of the substandard water service connection, as well. Also, includes the replacement of the City-owned portion of substandard water service connections. The property owner is encouraged to replace the private portion of the substandard water service connection, as well.",Q2 2026 - Q4 2026,Active,1 - Projects with approved or allocated funding in the Capital Works Program.,Transportation Services,"Marfique Ahmed, Engineering and Construction Services",mahmed2@toronto.ca,https://www.toronto.ca/services-payments/streets-parking-transportation/road-maintenance/road-sidewalk-repair/,TS_Road_Reconstruction,12,2026,EXTERNAL,"{""type"": ""MultiLineString"", ""coordinates"": [[[-79.2971628602789, 43.7841131106807], [-79.2972499851166, 43.7843022803599], [-79.2972909208699, 43.7843653609999], [-79.2973923332135, 43.7844555432873], [-79.2974473803889, 43.784482644297], [-79.29750785697, 43.7845097548994], [-79.2975815584364, 43.7845278877458], [-79.2986236373437, 43.7847547482337], [-79.2987299654279, 43.7847729378201], [-79.2987920562911, 43.7847820482918], [-79.298832332035, 43.7848091136265], [-79.2989113979882, 43.7848542584952], [-79.2990159622097, 43.7849354527352]]]}"
10,1786148, ,2021-04-12,Local Road Reconstruction,FISHERY RD<br> From: CALVERLEY TRL<br> To: FISHERY RD ,"Replacement of the entire road pavement structure, including the asphalt and underlying support materials. Repair, improvement, or replacement of: road drainage, curbs, boulevards and sidewalks. Work may include the closure of individual lanes or the entire road.  Also, includes the replacement of the City-owned portion of substandard water service connections. The property owner is encouraged to replace the private portion of the substandard water service connection, as well. Also, includes the replacement of the City-owned portion of substandard water service connections. The property owner is encouraged to replace the private portion of the substandard water service connection, as well.",Q4 2022 - Q3 2024 (Carry-Over),Active,1 - Projects with approved or allocated funding in the Capital Works Program.,Transportation Services,"Matthew McAinsh, Engineering and Construction Services",mmcains@toronto.ca,https://www.toronto.ca/services-payments/streets-parking-transportation/road-maintenance/road-sidewalk-repair/,TS_Road_Reconstruction,12,2022,EXTERNAL,"{""type"": ""MultiLineString"", ""coordinates"": [[[-79.1776297974364, 43.791239012935], [-79.1772388837659, 43.7914359615636], [-79.1771478224399, 43.7914717178966], [-79.1770506937168, 43.7914804446156], [-79.1769280405495, 43.7914711058409], [-79.1766585567111, 43.7914703617623], [-79.1764606320613, 43.7914535365955]], [[-79.1764606320613, 43.7914535365955], [-79.1754551933911, 43.7915254133352], [-79.1754268585608, 43.7915285012695], [-79.1753985204148, 43.7915322012643], [-79.1753702658821, 43.7915365225676], [-79.1753422812467, 43.791541483711], [-79.1753145670924, 43.7915469766827], [-79.1752870487196, 43.7915530282741], [-79.1752598127646, 43.7915597017394], [-79.1752328094275, 43.7915670149395], [-79.1752060393409, 43.7915748508618], [-79.1751977007994, 43.7915796067658], [-79.1751888677227, 43.7915839022061], [-79.1751795276367, 43.7915877461481], [-79.1751698057717, 43.7915909589251], [-79.1751597264912, 43.7915936306175], [-79.1751493892971, 43.7915957435058], [-79.1751389434905, 43.7915972620097], [-79.1751282646706, 43.791598212779], [-79.1751175895561, 43.7915984794719], [-79.1751068803344, 43.7915981609933], [-79.1750962111199, 43.791597338564], [-79.1750857819401, 43.7915957877244], [-79.1750754800393, 43.7915936791756], [-79.1750654296728, 43.7915910132708], [-79.1750556310358, 43.7915877540061], [-79.1750463322971, 43.7915839650951], [-79.175037409007, 43.7915796821886], [-79.1750289853717, 43.7915749146411], [-79.1750211981205, 43.7915696538401], [-79.1750138729063, 43.7915639712993], [-79.1750072082444, 43.7915579215899], [-79.1750012791267, 43.7915514239151], [-79.1749959603225, 43.7915446579416], [-79.1749915501411, 43.7915376065154], [-79.1749877122648, 43.7915304216996], [-79.1746688389607, 43.7907732303238], [-79.1746651663627, 43.7907653708817], [-79.1746622271528, 43.7907574595203], [-79.1746600098332, 43.7907493251854], [-79.1746586874792, 43.7907411303902], [-79.1746581354954, 43.7907329377878], [-79.1746585406521, 43.790724675901], [-79.1746597033624, 43.7907164881797], [-79.1746616112496, 43.7907083655875], [-79.174664524952, 43.7907003628732], [-79.1746680339457, 43.7906925688792], [-79.1746724244032, 43.7906849124113], [-79.1746775588159, 43.790677546097], [-79.1746834372323, 43.7906704609354], [-79.1746899350086, 43.7906637285805], [-79.1746971763978, 43.790657349386], [-79.1747050241357, 43.7906514309746], [-79.1747135283139, 43.7906459014797], [-79.1747224899811, 43.7906407873383], [-79.1747319333047, 43.790636214635], [-79.1747418090717, 43.7906320932182], [-79.1747453817715, 43.7906308792315], [-79.1747521287314, 43.7906286031431], [-79.1747627068317, 43.7906255728603], [-79.174773505121, 43.7906231822836], [-79.1747846979929, 43.7906213508989], [-79.1747959000683, 43.790620113614], [-79.1748072229312, 43.7906195157522], [-79.1759610157978, 43.7903551891199], [-79.1759723548901, 43.7903515758088], [-79.1759829195314, 43.7903487163963], [-79.1759937416008, 43.7903465057942], [-79.1760046851017, 43.7903448176011], [-79.1760158866147, 43.7903436702064], [-79.1760271966484, 43.7903431351952], [-79.1760383538353, 43.790343292837], [-79.1760495456241, 43.7903439456381], [-79.1760607339615, 43.7903452375089], [-79.1760716705374, 43.7903471317409], [-79.1760824429122, 43.7903495205689], [-79.176092876598, 43.7903525025108], [-79.176103046341, 43.7903560417741], [-79.1761128280347, 43.7903601110037], [-79.1761221226662, 43.79036463791], [-79.1761310538563, 43.7903697398582], [-79.1761393492216, 43.7903752360539], [-79.176147033224, 43.7903811985756], [-79.1761542058484, 43.7903875196931], [-79.1761606185414, 43.7903942077034], [-79.1761664085637, 43.7904011549819], [-79.1761714760271, 43.7904084512571], [-79.1761757968586, 43.7904159524426], [-79.1761793460129, 43.7904236944722], [-79.1761820368533, 43.7904316140925], [-79.176184105848, 43.7904396399646], [-79.176185180482, 43.7904477260272], [-79.1761854964947, 43.7904559359563], [-79.1761840964598, 43.7904643930551], [-79.1763039872771, 43.7907434167613], [-79.1763155524404, 43.7907646921897], [-79.1763262711833, 43.7907862442548], [-79.1763362182999, 43.7908080281632], [-79.1763452701675, 43.7908299265501], [-79.1763534761466, 43.7908520025635], [-79.1763609603926, 43.7908742745575], [-79.1763675367674, 43.7908966969993], [-79.1763732676882, 43.7909192160592], [-79.1763781283033, 43.7909418316668], [-79.1763829517916, 43.7909644201656], [-79.1764606320613, 43.7914535365955]]]}"
11,1788613, ,2021-04-12,Local Road Reconstruction,BROOKFIELD RD<br> From: DONINO AVE<br> To: PLYMBRIDGE CRES ,"Replacement of the entire road pavement structure, including the asphalt and underlying support materials. Repair, improvement, or replacement of: road drainage, curbs, boulevards and sidewalks. Work may include the closure of individual lanes or the entire road.  Also, includes the replacement of the City-owned portion of substandard water service connections. The property owner is encouraged to replace the private portion of the substandard water service connection, as well. Also, includes the replacement of the City-owned portion of substandard water service connections. The property owner is encouraged to replace the private portion of the substandard water service connection, as well.",Q3 2022 - Q3 2024 (Carry-Over),Active,1 - Projects with approved or allocated funding in the Capital Works Program.,Transportation Services,"Marfique Ahmed, Engineering and Construction Services",mahmed2@toronto.ca,https://www.toronto.ca/services-payments/streets-parking-transportation/road-maintenance/road-sidewalk-repair/,TS_Road_Reconstruction,12,2022,EXTERNAL,"{""type"": ""MultiLineString"", ""coordinates"": [[[-79.4032644018339, 43.7407292612203], [-79.4031451171704, 43.7407444532731], [-79.4029808659051, 43.7407819390635], [-79.4027878137144, 43.7408332079941], [-79.4025116550977, 43.7409142807868], [-79.4022747483214, 43.740982775772], [-79.4020866052831, 43.7410377472138], [-79.4018991051602, 43.7410865440621], [-79.4014089614301, 43.741216450957], [-79.4011464550628, 43.7412679182168], [-79.4009689475522, 43.741316848196], [-79.4007261871138, 43.7413794661012], [-79.4005227474804, 43.7414258885246], [-79.4003284298236, 43.7414666207703], [-79.4001668964191, 43.7414950496579], [-79.4000564228916, 43.7414961862803], [-79.3999788019637, 43.7414814283969]]]}"
12,1788767, ,2021-04-12,Local Road Reconstruction,BROOKFIELD RD<br> From: PLYMBRIDGE CRES<br> To: [41 m E] PLYMBRIDGE CRES ,"Replacement of the entire road pavement structure, including the asphalt and underlying support materials. Repair, improvement, or replacement of: road drainage, curbs, boulevards and sidewalks. Work may include the closure of individual lanes or the entire road.  Also, includes the replacement of the City-owned portion of substandard water service connections. The property owner is encouraged to replace the private portion of the substandard water service connection, as well. Also, includes the replacement of the City-owned portion of substandard water service connections. The property owner is encouraged to replace the private portion of the substandard water service connection, as well.",Q3 2022 - Q3 2024 (Carry-Over),Active,1 - Projects with approved or allocated funding in the Capital Works Program.,Transportation Services,"Marfique Ahmed, Engineering and Construction Services",mahmed2@toronto.ca,https://www.toronto.ca/services-payments/streets-parking-transportation/road-maintenance/road-sidewalk-repair/,TS_Road_Reconstruction,12,2022,EXTERNAL,"{""type"": ""MultiLineString"", ""coordinates"": [[[-79.3999788019637, 43.7414814283969], [-79.3999442328269, 43.7415067095622], [-79.3998976238997, 43.7415375699288], [-79.3998512409896, 43.7415594292578], [-79.3995334241464, 43.7416315111266]]]}"
13,1789411, ,2021-04-12,Laneway Reconstruction,VICTORIA STREET LANE<br> From: DUNDAS ST E<br> To: [105.20 m N] DUNDAS ST E ,"Replacement of the entire laneway pavement structure, including the asphalt, concrete and underlying support materials. Repair, improvement, or replacement of laneway drainage, curbs, and associated areas. Work may include the closure of individual lanes or the entire laneway. Also, includes the replacement of the City-owned portion of substandard water service connections. The property owner is encouraged to replace the private portion of the substandard water service connection, as well.",Q2 2026 - Q4 2026,Active,1 - Projects with approved or allocated funding in the Capital Works Program.,Transportation Services,"Augustine Anifowose, Engineering and Construction Services",aanifow@toronto.ca,https://www.toronto.ca/services-payments/streets-parking-transportation/road-maintenance/road-sidewalk-repair/,TS_Road_Reconstruction,12,2026,EXTERNAL,"{""type"": ""MultiLineString"", ""coordinates"": [[[-79.3788782255473, 43.6561462630987], [-79.3792421920512, 43.6569969247347], [-79.3792898247418, 43.6571083667461]]]}"
14,1790453, ,2021-04-12,Laneway Reconstruction,NICHOLSON LANE<br> From: PRINCESS ST<br> To: BERKELEY ST ,"Replacement of the entire laneway pavement structure, including the asphalt, concrete and underlying support materials. Repair, improvement, or replacement of laneway drainage, curbs, and associated areas. Work may include the closure of individual lanes or the entire laneway. Also, includes the replacement of the City-owned portion of substandard water service connections. The property owner is encouraged to replace the private portion of the substandard water service connection, as well.",Q2 2025 - Q2 2026,Active,1 - Projects with approved or allocated funding in the Capital Works Program.,Transportation Services,"Marfique Ahmed, Engineering and Construction Services",mahmed2@toronto.ca,https://www.toronto.ca/services-payments/streets-parking-transportation/road-maintenance/road-sidewalk-repair/,TS_Road_Reconstruction,12,2025,EXTERNAL,"{""type"": ""MultiLineString"", ""coordinates"": [[[-79.363853361954, 43.6508503853498], [-79.3665079581504, 43.6502499569073]]]}"
15,1790722, ,2021-04-12,Laneway Reconstruction,[37 m N] WOBURN AVE<br> From: LEDBURY ST<br> To: [43 m W] LEDBURY ST ,"Replacement of the entire laneway pavement structure, including the asphalt, concrete and underlying support materials. Repair, improvement, or replacement of laneway drainage, curbs, and associated areas. Work may include the closure of individual lanes or the entire laneway. Also, includes the replacement of the City-owned portion of substandard water service connections. The property owner is encouraged to replace the private portion of the substandard water service connection, as well.",Q3 2025 - Q4 2025,Active,1 - Projects with approved or allocated funding in the Capital Works Program.,Transportation Services,"Lucas Da Costa, Engineering and Construction Services",ldacost@toronto.ca,https://www.toronto.ca/services-payments/streets-parking-transportation/road-maintenance/road-sidewalk-repair/,TS_Road_Reconstruction,12,2025,EXTERNAL,"{""type"": ""MultiLineString"", ""coordinates"": [[[-79.4239127572604, 43.7243788422202], [-79.4244787396344, 43.7242666840196]]]}"
16,1790787, ,2021-04-12,Local Road Reconstruction,MILITARY TRL<br> From: EAST HIGHLAND CREEK<br> To: HIGHCASTLE RD ,"Replacement of the entire road pavement structure, including the asphalt and underlying support materials. Repair, improvement, or replacement of: road drainage, curbs, boulevards and sidewalks. Work may include the closure of individual lanes or the entire road.  Also, includes the replacement of the City-owned portion of substandard water service connections. The property owner is encouraged to replace the private portion of the substandard water service connection, as well.",Q1 2022 - Q3 2024 (Carry-Over),Active,1 - Projects with approved or allocated funding in the Capital Works Program.,Transportation Services,"Steven Bertolo, Engineering and Construction Services",sbertol@toronto.ca,https://www.toronto.ca/services-payments/streets-parking-transportation/road-maintenance/road-sidewalk-repair/,TS_Road_Reconstruction,12,2021,EXTERNAL,"{""type"": ""MultiLineString"", ""coordinates"": [[[-79.2156789478982, 43.7840665583619], [-79.2156224633278, 43.7841120536386], [-79.2155803622741, 43.7841661627727], [-79.2155002942151, 43.784246190697], [-79.2150545264078, 43.7849107688325], [-79.2150073676312, 43.7849831734642], [-79.2149539873679, 43.7850365971498], [-79.214884504944, 43.7851083429749], [-79.2148189843338, 43.7851620873547], [-79.2146746187574, 43.7852967621938], [-79.2144252875461, 43.7854843713784], [-79.2141934223753, 43.7856644087242], [-79.214121278106, 43.785733834127], [-79.2140508012425, 43.7857896629292], [-79.2140186233239, 43.7858154066953], [-79.2139814416659, 43.7858612914878]]]}"
17,1795758, ,2021-05-21,Local Road Reconstruction,GLEN CEDAR RD<br> From: AVA RD<br> To: DEWBOURNE AVE ,"Replacement of the entire road pavement structure, including the asphalt and underlying support materials. Repair, improvement, or replacement of: road drainage, curbs, boulevards and sidewalks. Work may include the closure of individual lanes or the entire road.  Also, includes the replacement of the City-owned portion of substandard water service connections. The property owner is encouraged to replace the private portion of the substandard water service connection, as well. Also, includes the replacement of the City-owned portion of substandard water service connections. The property owner is encouraged to replace the private portion of the substandard water service connection, as well.",Q4 2021 - Q4 2024 (Carry-Over),Active,1 - Projects with approved or allocated funding in the Capital Works Program.,Transportation Services,"Angela Au, Engineering and Construction Services",aau2@toronto.ca,https://www.toronto.ca/services-payments/streets-parking-transportation/road-maintenance/road-sidewalk-repair/,TS_Road_Reconstruction,12,2021,EXTERNAL,"{""type"": ""MultiLineString"", ""coordinates"": [[[-79.4296672553972, 43.6968280601347], [-79.4297104905519, 43.696913157897], [-79.4300251411861, 43.6976545169066]]]}"
18,1795766, ,2021-05-21,Local Road Reconstruction,STRATHEARN RD<br> From: CHILTERN HILL RD<br> To: GLEN CEDAR RD ,"Replacement of the entire road pavement structure, including the asphalt and underlying support materials. Repair, improvement, or replacement of: road drainage, curbs, boulevards and sidewalks. Work may include the closure of individual lanes or the entire road.  Also, includes the replacement of the City-owned portion of substandard water service connections. The property owner is encouraged to replace the private portion of the substandard water service connection, as well. Also, includes the replacement of the City-owned portion of substandard water service connections. The property owner is encouraged to replace the private portion of the substandard water service connection, as well.",Q4 2021 - Q4 2024 (Carry-Over),Active,1 - Projects with approved or allocated funding in the Capital Works Program.,Transportation Services,"Angela Au, Engineering and Construction Services",aau2@toronto.ca,https://www.toronto.ca/services-payments/streets-parking-transportation/road-maintenance/road-sidewalk-repair/,TS_Road_Reconstruction,12,2021,EXTERNAL,"{""type"": ""MultiLineString"", ""coordinates"": [[[-79.4254460942294, 43.6922463021133], [-79.4258312399363, 43.692194021107], [-79.426626537425, 43.6921103632593]]]}"
19,1795767, ,2021-05-21,Local Road Reconstruction,GLEN CEDAR RD<br> From: STRATHEARN RD<br> To: MARKDALE AVE ,"Replacement of the entire road pavement structure, including the asphalt and underlying support materials. Repair, improvement, or replacement of: road drainage, curbs, boulevards and sidewalks. Work may include the closure of individual lanes or the entire road.  Also, includes the replacement of the City-owned portion of substandard water service connections. The property owner is encouraged to replace the private portion of the substandard water service connection, as well. Also, includes the replacement of the City-owned portion of substandard water service connections. The property owner is encouraged to replace the private portion of the substandard water service connection, as well.",Q4 2021 - Q4 2024 (Carry-Over),Active,1 - Projects with approved or allocated funding in the Capital Works Program.,Transportation Services,"Angela Au, Engineering and Construction Services",aau2@toronto.ca,https://www.toronto.ca/services-payments/streets-parking-transportation/road-maintenance/road-sidewalk-repair/,TS_Road_Reconstruction,12,2021,EXTERNAL,"{""type"": ""MultiLineString"", ""coordinates"": [[[-79.426626537425, 43.6921103632593], [-79.4271211797002, 43.6929814108992], [-79.427439029989, 43.6935463542413], [-79.4277742482574, 43.6940334014379], [-79.4280996531903, 43.6945046171679]]]}"
20,1795768, ,2021-05-21,Local Road Reconstruction,STRATHEARN RD<br> From: WESTOVER HILL RD<br> To: AVA RD ,"Replacement of the entire road pavement structure, including the asphalt and underlying support materials. Repair, improvement, or replacement of: road drainage, curbs, boulevards and sidewalks. Work may include the closure of individual lanes or the entire road.  Also, includes the replacement of the City-owned portion of substandard water service connections. The property owner is encouraged to replace the private portion of the substandard water service connection, as well. Also, includes the replacement of the City-owned portion of substandard water service connections. The property owner is encouraged to replace the private portion of the substandard water service connection, as well.",Q4 2021 - Q4 2024 (Carry-Over),Active,1 - Projects with approved or allocated funding in the Capital Works Program.,Transportation Services,"Angela Au, Engineering and Construction Services",aau2@toronto.ca,https://www.toronto.ca/services-payments/streets-parking-transportation/road-maintenance/road-sidewalk-repair/,TS_Road_Reconstruction,12,2021,EXTERNAL,"{""type"": ""MultiLineString"", ""coordinates"": [[[-79.4315697086577, 43.6950603175675], [-79.4335653868554, 43.6960020486148]]]}"
21,1795771, ,2021-05-21,Local Road Reconstruction,STRATHEARN RD<br> From: WARWICK AVE<br> To: WESTOVER HILL RD ,"Replacement of the entire road pavement structure, including the asphalt and underlying support materials. Repair, improvement, or replacement of: road drainage, curbs, boulevards and sidewalks. Work may include the closure of individual lanes or the entire road.  Also, includes the replacement of the City-owned portion of substandard water service connections. The property owner is encouraged to replace the private portion of the substandard water service connection, as well. Also, includes the replacement of the City-owned portion of substandard water service connections. The property owner is encouraged to replace the private portion of the substandard water service connection, as well.",Q4 2021 - Q4 2024 (Carry-Over),Active,1 - Projects with approved or allocated funding in the Capital Works Program.,Transportation Services,"Angela Au, Engineering and Construction Services",aau2@toronto.ca,https://www.toronto.ca/services-payments/streets-parking-transportation/road-maintenance/road-sidewalk-repair/,TS_Road_Reconstruction,12,2021,EXTERNAL,"{""type"": ""MultiLineString"", ""coordinates"": [[[-79.4303836622978, 43.6944980468598], [-79.4315697086577, 43.6950603175675]]]}"
22,1795772, ,2021-05-21,Local Road Reconstruction,STRATHEARN RD<br> From: GLEN CEDAR RD<br> To: [S] MARKDALE AVE [BRANCH] ,"Replacement of the entire road pavement structure, including the asphalt and underlying support materials. Repair, improvement, or replacement of: road drainage, curbs, boulevards and sidewalks. Work may include the closure of individual lanes or the entire road.  Also, includes the replacement of the City-owned portion of substandard water service connections. The property owner is encouraged to replace the private portion of the substandard water service connection, as well. Also, includes the replacement of the City-owned portion of substandard water service connections. The property owner is encouraged to replace the private portion of the substandard water service connection, as well.",Q4 2021 - Q4 2024 (Carry-Over),Active,1 - Projects with approved or allocated funding in the Capital Works Program.,Transportation Services,"Angela Au, Engineering and Construction Services",aau2@toronto.ca,https://www.toronto.ca/services-payments/streets-parking-transportation/road-maintenance/road-sidewalk-repair/,TS_Road_Reconstruction,12,2021,EXTERNAL,"{""type"": ""MultiLineString"", ""coordinates"": [[[-79.426626537425, 43.6921103632593], [-79.4268539822614, 43.6921029839452], [-79.4269975825422, 43.6920838669815], [-79.4271527425934, 43.6920969188319], [-79.4273042621369, 43.6921250993335], [-79.4274463800191, 43.692162490993], [-79.427565701517, 43.6921964565416], [-79.4276981239293, 43.6922503051117], [-79.4278377825694, 43.6923217016196], [-79.427936658879, 43.6923780310897], [-79.4280255494576, 43.6924341291543], [-79.4281416233449, 43.6925082378283], [-79.42817765809, 43.6925518537439], [-79.4282370862338, 43.6926083381848], [-79.4283062921033, 43.6927045694406], [-79.4283664027919, 43.6928027572358], [-79.4284332940104, 43.6929054588912], [-79.4287956898338, 43.6933985690285], [-79.4289552231744, 43.6935983979794], [-79.4290289621915, 43.6936816787386], [-79.4291110205658, 43.6937691412083], [-79.4291821791443, 43.6938423208159], [-79.4293219298556, 43.6939561566404], [-79.4296291738158, 43.6941183784572]]]}"
23,1795773, ,2021-05-21,Local Road Reconstruction,STRATHEARN RD<br> From: [N] MARKDALE AVE [BRANCH]<br> To: WARWICK AVE ,"Replacement of the entire road pavement structure, including the asphalt and underlying support materials. Repair, improvement, or replacement of: road drainage, curbs, boulevards and sidewalks. Work may include the closure of individual lanes or the entire road.  Also, includes the replacement of the City-owned portion of substandard water service connections. The property owner is encouraged to replace the private portion of the substandard water service connection, as well. Also, includes the replacement of the City-owned portion of substandard water service connections. The property owner is encouraged to replace the private portion of the substandard water service connection, as well.",Q4 2021 - Q4 2024 (Carry-Over),Active,1 - Projects with approved or allocated funding in the Capital Works Program.,Transportation Services,"Angela Au, Engineering and Construction Services",aau2@toronto.ca,https://www.toronto.ca/services-payments/streets-parking-transportation/road-maintenance/road-sidewalk-repair/,TS_Road_Reconstruction,12,2021,EXTERNAL,"{""type"": ""MultiLineString"", ""coordinates"": [[[-79.4296291738158, 43.6941183784572], [-79.4303836622978, 43.6944980468598]]]}"
24,1795777, ,2021-05-21,Local Road Reconstruction,STRATHEARN RD<br> From: BATHURST ST<br> To: CHILTERN HILL RD ,"Replacement of the entire road pavement structure, including the asphalt and underlying support materials. Repair, improvement, or replacement of: road drainage, curbs, boulevards and sidewalks. Work may include the closure of individual lanes or the entire road.  Also, includes the replacement of the City-owned portion of substandard water service connections. The property owner is encouraged to replace the private portion of the substandard water service connection, as well. Also, includes the replacement of the City-owned portion of substandard water service connections. The property owner is encouraged to replace the private portion of the substandard water service connection, as well.",Q4 2021 - Q4 2024 (Carry-Over),Active,1 - Projects with approved or allocated funding in the Capital Works Program.,Transportation Services,"Angela Au, Engineering and Construction Services",aau2@toronto.ca,https://www.toronto.ca/services-payments/streets-parking-transportation/road-maintenance/road-sidewalk-repair/,TS_Road_Reconstruction,12,2021,EXTERNAL,"{""type"": ""MultiLineString"", ""coordinates"": [[[-79.4218735360433, 43.6919353968125], [-79.422041111349, 43.691920308035], [-79.4222500952051, 43.691924104898], [-79.4224274512804, 43.6919431101114], [-79.4240168107184, 43.692273463015], [-79.4241507865171, 43.6923030672384], [-79.4243012515696, 43.692320719505], [-79.4244744119832, 43.6923334448603], [-79.4245879123424, 43.692329217177], [-79.4247113737715, 43.6923252119732], [-79.4248220271682, 43.6923060400331], [-79.4254460942294, 43.6922463021133]]]}"
25,1799890, ,2021-06-29,Laneway Reconstruction,[39.30 m E] GRACE ST (TO)<br> From: [39.60 m N] COLLEGE ST (TO)<br> To: JERSEY AVE ,"Replacement of the entire laneway pavement structure, including the asphalt, concrete and underlying support materials. Repair, improvement, or replacement of laneway drainage, curbs, and associated areas. Work may include the closure of individual lanes or the entire laneway. Also, includes the replacement of the City-owned portion of substandard water service connections. The property owner is encouraged to replace the private portion of the substandard water service connection, as well.",2026,Active,1 - Projects with approved or allocated funding in the Capital Works Program.,Transportation Services,"Lucas Da Costa, Engineering and Construction Services",ldacost@toronto.ca,https://www.toronto.ca/services-payments/streets-parking-transportation/road-maintenance/road-sidewalk-repair/,TS_Road_Reconstruction,12,2026,EXTERNAL,"{""type"": ""MultiLineString"", ""coordinates"": [[[-79.4152006202104, 43.6554195698455], [-79.4164095679113, 43.6585765587381], [-79.4163697556779, 43.6585955044604]]]}"
26,1800306, ,2021-07-12,Local Road Rehabilitation,RAMPART RD<br> From: MARTIN GROVE RD<br> To: [105 m E] MARTIN GROVE RD [CUL-DE-SAC] ,"Replacement of partial road pavement structure or entire road pavement structure for either partial lane width, full lane width or full road width. This could include the asphalt and underlying support materials. Repair, improvement or replacement of road drainage, damaged sidewalk, boulevards and curbs. Work may include the closure of individual lanes or the entire road.",Q3 2024 - Q4 2024,Active,None,Transportation Services,"Lucas Da Costa, Engineering and Construction Services",ldacost@toronto.ca,https://www.toronto.ca/services-payments/streets-parking-transportation/road-maintenance/road-sidewalk-repair/,TS_Road_Reconstruction,12,2024,EXTERNAL,"{""type"": ""MultiLineString"", ""coordinates"": [[[-79.5903711963216, 43.7340113037318], [-79.5899604928695, 43.7341152948613], [-79.5891731945518, 43.7343146319075], [-79.5891327342896, 43.7343373645631], [-79.5890449793373, 43.7343866786798]]]}"
27,1800313, ,2021-07-12,Local Road Rehabilitation,CARLING AVE<br> From: BLOOR ST W<br> To: IRENE AVE ,"Replacement of partial road pavement structure or entire road pavement structure for either partial lane width, full lane width or full road width. This could include the asphalt and underlying support materials. Repair, improvement or replacement of road drainage, damaged sidewalk, boulevards and curbs. Work may include the closure of individual lanes or the entire road.",Q1 2024 - Q2 2025 (Carry-Over),Active,None,Transportation Services,"Dennis Coronel, Engineering and Construction Services",dcorone@toronto.ca,https://www.toronto.ca/services-payments/streets-parking-transportation/road-maintenance/road-sidewalk-repair/,TS_Road_Reconstruction,12,2024,EXTERNAL,"{""type"": ""MultiLineString"", ""coordinates"": [[[-79.4246453518478, 43.6621985657573], [-79.4248081618785, 43.6626166142716], [-79.4248969649302, 43.6628446316204]]]}"
28,1800326, ,2021-07-12,Local Road Rehabilitation,HENNING AVE<br> From: EGLINTON AVE W<br> To: [107 m N] EGLINTON AVE W [END] ,"Replacement of partial road pavement structure or entire road pavement structure for either partial lane width, full lane width or full road width. This could include the asphalt and underlying support materials. Repair, improvement or replacement of road drainage, damaged sidewalk, boulevards and curbs. Work may include the closure of individual lanes or the entire road.",Q3 2024 - Q4 2025 (Carry-Over),Active,None,Transportation Services,"Augustine Anifowose, Engineering and Construction Services",aanifow@toronto.ca,https://www.toronto.ca/services-payments/streets-parking-transportation/road-maintenance/road-sidewalk-repair/,TS_Road_Reconstruction,12,2024,EXTERNAL,"{""type"": ""MultiLineString"", ""coordinates"": [[[-79.4014521157876, 43.7061002196874], [-79.4018118861901, 43.7071266382737]]]}"
29,1800389, ,2021-07-12,Local Road Rehabilitation,LIMOGES CRT<br> From: GARNIER CRT<br> To: [78 m N] GARNIER CRT [CUL-DE-SAC] ,"Replacement of partial road pavement structure or entire road pavement structure for either partial lane width, full lane width or full road width. This could include the asphalt and underlying support materials. Repair, improvement or replacement of road drainage, damaged sidewalk, boulevards and curbs. Work may include the closure of individual lanes or the entire road.",Q2 2025 - Q3 2025,Active,None,Transportation Services,"Christy Manoharan, Engineering and Construction Services",cmanoha@toronto.ca,https://www.toronto.ca/services-payments/streets-parking-transportation/road-maintenance/road-sidewalk-repair/,TS_Road_Reconstruction,12,2024,EXTERNAL,"{""type"": ""MultiLineString"", ""coordinates"": [[[-79.3942754560439, 43.7995528206976], [-79.3943754689177, 43.7996035805019], [-79.3944330032807, 43.7996483782499], [-79.3944776570942, 43.7996965124954], [-79.3945090656014, 43.7997504492247], [-79.3945318833459, 43.7998063672661], [-79.3945402603449, 43.799855296107], [-79.3945534406356, 43.7999077128137], [-79.3945979874431, 43.799946188705], [-79.3946703029975, 43.7999672189916], [-79.3947402415859, 43.7999760145156], [-79.3948282745002, 43.79998483565], [-79.3949114607466, 43.7999936522602], [-79.3949705548506, 43.7999998183443]]]}"
30,1800391, ,2021-07-12,Local Road Rehabilitation,CARLING AVE<br> From: IRENE AVE<br> To: LEEDS ST ,"Replacement of partial road pavement structure or entire road pavement structure for either partial lane width, full lane width or full road width. This could include the asphalt and underlying support materials. Repair, improvement or replacement of road drainage, damaged sidewalk, boulevards and curbs. Work may include the closure of individual lanes or the entire road.",Q1 2024 - Q2 2025 (Carry-Over),Active,None,Transportation Services,"Dennis Coronel, Engineering and Construction Services",dcorone@toronto.ca,https://www.toronto.ca/services-payments/streets-parking-transportation/road-maintenance/road-sidewalk-repair/,TS_Road_Reconstruction,12,2024,EXTERNAL,"{""type"": ""MultiLineString"", ""coordinates"": [[[-79.4248969649302, 43.6628446316204], [-79.4252099904837, 43.6636456591171], [-79.4254609709207, 43.6643217516281]]]}"
31,1803342, ,2021-07-30,Laneway Rehabilitation,[84.40 m W] CHRISTIE ST<br> From: [39 m N] TYRREL AVE<br> To: ILFORD RD ,"Replacement of partial or entire laneway pavement structure for either partial or full laneway width. This could include the asphalt, concrete and underlying support materials. Repair, improvement or replacement of laneway drainage, curbs and associated areas. Work may include the closure of individual lanes or the entire laneway.",Q3 2025 - Q4 2025,Active,None,Transportation Services,"Angela Au, Engineering and Construction Services",aau2@toronto.ca,https://www.toronto.ca/services-payments/streets-parking-transportation/road-maintenance/road-sidewalk-repair/,TS_Road_Reconstruction,12,2025,EXTERNAL,"{""type"": ""MultiLineString"", ""coordinates"": [[[-79.4255867536006, 43.678411215879], [-79.4257995807273, 43.678881537981]]]}"
32,1803343, ,2021-07-30,Laneway Rehabilitation,[43.30 m N] TYRREL AVE<br> From: CHRISTIE ST<br> To: [29.60 m E] RUSHTON RD ,"Replacement of partial or entire laneway pavement structure for either partial or full laneway width. This could include the asphalt, concrete and underlying support materials. Repair, improvement or replacement of laneway drainage, curbs and associated areas. Work may include the closure of individual lanes or the entire laneway.",Q3 2025 - Q4 2025,Active,None,Transportation Services,"Angela Au, Engineering and Construction Services",aau2@toronto.ca,https://www.toronto.ca/services-payments/streets-parking-transportation/road-maintenance/road-sidewalk-repair/,TS_Road_Reconstruction,12,2025,EXTERNAL,"{""type"": ""MultiLineString"", ""coordinates"": [[[-79.4244727718885, 43.6786923885046], [-79.424953126144, 43.678584698081], [-79.4250050082342, 43.6785424259437], [-79.4255867536006, 43.678411215879]]]}"
33,1804083, ,2021-08-12,Local Road Reconstruction,MONTCREST BLVD<br> From: [105 m W] BROADVIEW AVE [END]<br> To: BROADVIEW AVE ,"Replacement of the entire road pavement structure, including the asphalt and underlying support materials. Repair, improvement, or replacement of: road drainage, curbs, boulevards and sidewalks. Work may include the closure of individual lanes or the entire road.  Also, includes the replacement of the City-owned portion of substandard water service connections. The property owner is encouraged to replace the private portion of the substandard water service connection, as well. Also, includes the replacement of the City-owned portion of substandard water service connections. The property owner is encouraged to replace the private portion of the substandard water service connection, as well.",Q3 2023 - Q2 2024 (Carry-Over),Active,1 - Projects with approved or allocated funding in the Capital Works Program.,Transportation Services,"Easwaran Vallipuram, Engineering and Construction Services",evallip@toronto.ca,https://www.toronto.ca/services-payments/streets-parking-transportation/road-maintenance/road-sidewalk-repair/,TS_Road_Reconstruction,12,2023,EXTERNAL,"{""type"": ""MultiLineString"", ""coordinates"": [[[-79.3574735884126, 43.6729374376903], [-79.3560992945526, 43.6732359280829]]]}"
34,1805616, ,2021-09-01,Laneway Reconstruction,[27.40 m W] BAY ST<br> From: TEMPERANCE ST<br> To: RICHMOND ST W ,"Replacement of the entire laneway pavement structure, including the asphalt, concrete and underlying support materials. Repair, improvement, or replacement of laneway drainage, curbs, and associated areas. Work may include the closure of individual lanes or the entire laneway. Also, includes the replacement of the City-owned portion of substandard water service connections. The property owner is encouraged to replace the private portion of the substandard water service connection, as well.",2025,Active,1 - Projects with approved or allocated funding in the Capital Works Program.,Transportation Services,"Gabor Szakter, Engineering and Construction Services",gszakte@toronto.ca,https://www.toronto.ca/services-payments/streets-parking-transportation/road-maintenance/road-sidewalk-repair/,TS_Road_Reconstruction,12,2025,EXTERNAL,"{""type"": ""MultiLineString"", ""coordinates"": [[[-79.3815384546847, 43.6504649376741], [-79.3817994165711, 43.6510645453408]]]}"
35,1806418, ,2021-09-14,Local Road Reconstruction,HIGHLAND AVE<br> From: [289.60 m E] HIGHLAND GDNS<br> To: ROXBOROUGH DR ,"Replacement of the entire road pavement structure, including the asphalt and underlying support materials. Repair, improvement, or replacement of: road drainage, curbs, boulevards and sidewalks. Work may include the closure of individual lanes or the entire road.  Also, includes the replacement of the City-owned portion of substandard water service connections. The property owner is encouraged to replace the private portion of the substandard water service connection, as well. Also, includes the replacement of the City-owned portion of substandard water service connections. The property owner is encouraged to replace the private portion of the substandard water service connection, as well.",Q2 2025 - Q2 2026,Active,1 - Projects with approved or allocated funding in the Capital Works Program.,Transportation Services,"Marfique Ahmed, Engineering and Construction Services",mahmed2@toronto.ca,https://www.toronto.ca/services-payments/streets-parking-transportation/road-maintenance/road-sidewalk-repair/,TS_Road_Reconstruction,12,2025,EXTERNAL,"{""type"": ""MultiLineString"", ""coordinates"": [[[-79.3785435132965, 43.6817156199135], [-79.3776022711147, 43.6819003219903], [-79.3775600049071, 43.681904777381], [-79.3771063514825, 43.681989803011]]]}"
36,1806419, ,2021-09-14,Local Road Reconstruction,HIGHLAND AVE<br> From: [45.70 m E] HIGHLAND GDNS<br> To: [289.60 m E] HIGHLAND GDNS ,"Replacement of the entire road pavement structure, including the asphalt and underlying support materials. Repair, improvement, or replacement of: road drainage, curbs, boulevards and sidewalks. Work may include the closure of individual lanes or the entire road.  Also, includes the replacement of the City-owned portion of substandard water service connections. The property owner is encouraged to replace the private portion of the substandard water service connection, as well. Also, includes the replacement of the City-owned portion of substandard water service connections. The property owner is encouraged to replace the private portion of the substandard water service connection, as well.",Q2 2025 - Q2 2026,Active,1 - Projects with approved or allocated funding in the Capital Works Program.,Transportation Services,"Marfique Ahmed, Engineering and Construction Services",mahmed2@toronto.ca,https://www.toronto.ca/services-payments/streets-parking-transportation/road-maintenance/road-sidewalk-repair/,TS_Road_Reconstruction,12,2025,EXTERNAL,"{""type"": ""MultiLineString"", ""coordinates"": [[[-79.3810608091432, 43.6824335739954], [-79.3809993061724, 43.6824251567697], [-79.3809520785339, 43.6824108225157], [-79.3808891197104, 43.6823859853254], [-79.3808051802476, 43.6823458870075], [-79.3807435570354, 43.6823105736047], [-79.3806727658467, 43.6822638279361], [-79.3805901640981, 43.6822122991922], [-79.3805023349146, 43.682151232536], [-79.3804302653271, 43.6820863837447], [-79.3803713069677, 43.6820272554601], [-79.3803293906495, 43.6819805397914], [-79.3802704135539, 43.6819309348205], [-79.3802101001039, 43.6818984849162], [-79.3801471459216, 43.6818717390422], [-79.3800343125984, 43.681842096383], [-79.3799621147413, 43.6818420205902], [-79.3798544634194, 43.6818447609093], [-79.3797704207671, 43.6818570583487], [-79.3795394968827, 43.6819026048996], [-79.3792991268231, 43.6819516965274], [-79.3792281882913, 43.6819606229112], [-79.3791696674581, 43.681956060412], [-79.3791022559746, 43.6819379865144], [-79.3790430635348, 43.6819220095784], [-79.378986686346, 43.6818876549159], [-79.3789395372339, 43.6818285473934], [-79.3788936981145, 43.6817780014851], [-79.3788412682325, 43.6817360268218], [-79.3787743687456, 43.6817102391495], [-79.3786654345064, 43.6817034446003], [-79.3785435132965, 43.6817156199135]]]}"
37,1806421, ,2021-09-14,Local Road Reconstruction,HIGHLAND GDNS<br> From: [73 m W] HIGHLAND AVE [END]<br> To: [73 m W] HIGHLAND AVE [END] ,"Replacement of the entire road pavement structure, including the asphalt and underlying support materials. Repair, improvement, or replacement of: road drainage, curbs, boulevards and sidewalks. Work may include the closure of individual lanes or the entire road.  Also, includes the replacement of the City-owned portion of substandard water service connections. The property owner is encouraged to replace the private portion of the substandard water service connection, as well. Also, includes the replacement of the City-owned portion of substandard water service connections. The property owner is encouraged to replace the private portion of the substandard water service connection, as well.",Q2 2025 - Q2 2026,Active,1 - Projects with approved or allocated funding in the Capital Works Program.,Transportation Services,"Marfique Ahmed, Engineering and Construction Services",mahmed2@toronto.ca,https://www.toronto.ca/services-payments/streets-parking-transportation/road-maintenance/road-sidewalk-repair/,TS_Road_Reconstruction,12,2025,EXTERNAL,"{""type"": ""MultiLineString"", ""coordinates"": [[[-79.3815816306817, 43.6824393714879], [-79.3816929414559, 43.6824116186904], [-79.3817923996911, 43.6824002899198], [-79.3818622728068, 43.682416078441], [-79.3819005483342, 43.6824732763086], [-79.381879781207, 43.6825196926074], [-79.3818334557851, 43.6825510863027], [-79.381753664274, 43.6825710047009], [-79.381667978628, 43.6825859212153], [-79.3815842706715, 43.6825979772977], [-79.3815104389036, 43.6825957584784]]]}"
38,1806422, ,2021-09-14,Local Road Reconstruction,[S] HIGHLAND AVE [BRANCH]<br> From: HIGHLAND GDNS<br> To: [45.70 m E] HIGHLAND GDNS ,"Replacement of the entire road pavement structure, including the asphalt and underlying support materials. Repair, improvement, or replacement of: road drainage, curbs, boulevards and sidewalks. Work may include the closure of individual lanes or the entire road.  Also, includes the replacement of the City-owned portion of substandard water service connections. The property owner is encouraged to replace the private portion of the substandard water service connection, as well. Also, includes the replacement of the City-owned portion of substandard water service connections. The property owner is encouraged to replace the private portion of the substandard water service connection, as well.",Q2 2025 - Q2 2026,Active,1 - Projects with approved or allocated funding in the Capital Works Program.,Transportation Services,"Marfique Ahmed, Engineering and Construction Services",mahmed2@toronto.ca,https://www.toronto.ca/services-payments/streets-parking-transportation/road-maintenance/road-sidewalk-repair/,TS_Road_Reconstruction,12,2025,EXTERNAL,"{""type"": ""MultiLineString"", ""coordinates"": [[[-79.3815816306817, 43.6824393714879], [-79.3814447307685, 43.6824677997425], [-79.3813885925313, 43.6824748885453], [-79.381333456396, 43.6824769736327], [-79.3812753795835, 43.6824733398077], [-79.381220261773, 43.682466135508], [-79.3811484152677, 43.6824510556462], [-79.3810608091432, 43.6824335739954]]]}"
39,1807796, ,2021-09-22,Local Road Reconstruction,[W] CONLINS RD [BRANCH]<br> From: CONLINS RD<br> To: [95 m N] CONLINS RD [END] ,"Replacement of the entire road pavement structure, including the asphalt and underlying support materials. Repair, improvement, or replacement of: road drainage, curbs, boulevards and sidewalks. Work may include the closure of individual lanes or the entire road.  Also, includes the replacement of the City-owned portion of substandard water service connections. The property owner is encouraged to replace the private portion of the substandard water service connection, as well. Also, includes the replacement of the City-owned portion of substandard water service connections. The property owner is encouraged to replace the private portion of the substandard water service connection, as well.",Q4 2022 - Q3 2024 (Carry-Over),Active,1 - Projects with approved or allocated funding in the Capital Works Program.,Transportation Services,"Matthew McAinsh, Engineering and Construction Services",mmcains@toronto.ca,https://www.toronto.ca/services-payments/streets-parking-transportation/road-maintenance/road-sidewalk-repair/,TS_Road_Reconstruction,12,2022,EXTERNAL,"{""type"": ""MultiLineString"", ""coordinates"": [[[-79.1865024352934, 43.7958241798001], [-79.186572903115, 43.7958319340164], [-79.1866454126104, 43.7958294685085], [-79.1866559864727, 43.7958273102253], [-79.1866659220732, 43.7958260142993], [-79.1866690918847, 43.7958258159636], [-79.1866758665254, 43.7958254024823], [-79.1866859324665, 43.7958253220638], [-79.1866960073069, 43.7958259167533], [-79.186705929927, 43.7958271050989], [-79.1867157498917, 43.79582891424], [-79.186725169203, 43.7958312983539], [-79.1867343496392, 43.7958342128788], [-79.1867432658305, 43.7958377567575], [-79.1867515833931, 43.7958417130464], [-79.1867595127764, 43.7958462353418], [-79.186766817879, 43.7958513229966], [-79.1867736367548, 43.7958567153566], [-79.1867796831264, 43.7958625016486], [-79.1867851187719, 43.7958686373105], [-79.1867896703106, 43.7958751215932], [-79.1867936243016, 43.795881811264], [-79.1867966947494, 43.7958887415437], [-79.1867990062469, 43.7958958497661], [-79.1868010692168, 43.7959029573073], [-79.1869734361134, 43.7962152375025], [-79.1871552082222, 43.7965329708443]]]}"
40,1810888, ,2021-10-28,Local Road Rehabilitation,HIGHVIEW CRES<br> From: OAKWOOD AVE<br> To: ROSEMOUNT AVE (TO) ,"Replacement of partial road pavement structure or entire road pavement structure for either partial lane width, full lane width or full road width. This could include the asphalt and underlying support materials. Repair, improvement or replacement of road drainage, damaged sidewalk, boulevards and curbs. Work may include the closure of individual lanes or the entire road.",Q2 2025 - Q4 2025,Active,None,Transportation Services,"Marfique Ahmed, Engineering and Construction Services",mahmed2@toronto.ca,https://www.toronto.ca/services-payments/streets-parking-transportation/road-maintenance/road-sidewalk-repair/,TS_Road_Reconstruction,12,2025,EXTERNAL,"{""type"": ""MultiLineString"", ""coordinates"": [[[-79.434514215464, 43.6761762686499], [-79.4346378908303, 43.6761839815543], [-79.434700016397, 43.6762025687812], [-79.4347536844794, 43.6762206470735], [-79.4358322386603, 43.6767085890558], [-79.4358781341359, 43.6767474825069], [-79.4359296869535, 43.6768078292541], [-79.4359704644798, 43.6768896740939], [-79.4360128833723, 43.676967577259], [-79.4363657125302, 43.6778674109735]]]}"
41,1810889, ,2021-10-28,Local Road Rehabilitation,HOUNSLOW HEATH RD<br> From: LAUGHTON AVE<br> To: SPRING GROVE AVE ,"Replacement of partial road pavement structure or entire road pavement structure for either partial lane width, full lane width or full road width. This could include the asphalt and underlying support materials. Repair, improvement or replacement of road drainage, damaged sidewalk, boulevards and curbs. Work may include the closure of individual lanes or the entire road.",Q2 2025 - Q4 2025,Active,None,Transportation Services,"Marfique Ahmed, Engineering and Construction Services",mahmed2@toronto.ca,https://www.toronto.ca/services-payments/streets-parking-transportation/road-maintenance/road-sidewalk-repair/,TS_Road_Reconstruction,12,2025,EXTERNAL,"{""type"": ""MultiLineString"", ""coordinates"": [[[-79.4570279045759, 43.673257495634], [-79.4575848447846, 43.6731522531191], [-79.4577722545045, 43.6731313764199], [-79.4578824778978, 43.6731295988166], [-79.4579885681593, 43.6731328603302], [-79.4580693969768, 43.6731363285138], [-79.4584575967532, 43.6731665166737]]]}"
42,1813590, ,2021-11-02,Local Road Reconstruction,RIPLEY AVE<br> From: [E-W] RIPLEY AVE [LEG]<br> To: ORMSKIRK AVE ,"Replacement of the entire road pavement structure, including the asphalt and underlying support materials. Repair, improvement, or replacement of: road drainage, curbs, boulevards and sidewalks. Work may include the closure of individual lanes or the entire road.  Also, includes the replacement of the City-owned portion of substandard water service connections. The property owner is encouraged to replace the private portion of the substandard water service connection, as well. Also, includes the replacement of the City-owned portion of substandard water service connections. The property owner is encouraged to replace the private portion of the substandard water service connection, as well.",2025,Active,1 - Projects with approved or allocated funding in the Capital Works Program.,Transportation Services,"Marfique Ahmed, Engineering and Construction Services",mahmed2@toronto.ca,https://www.toronto.ca/services-payments/streets-parking-transportation/road-maintenance/road-sidewalk-repair/,TS_Road_Reconstruction,12,2025,EXTERNAL,"{""type"": ""MultiLineString"", ""coordinates"": [[[-79.4745930690629, 43.637182047426], [-79.4745961077644, 43.6372062168123], [-79.4746219613309, 43.6372650825918], [-79.4749660380028, 43.6377761758923], [-79.475268822514, 43.6381989826478], [-79.4756074738367, 43.6385754751277], [-79.4759083900822, 43.6388873377308], [-79.4761854885928, 43.6391341506009]]]}"
43,1813591, ,2021-11-02,Local Road Reconstruction,[E-W] RIPLEY AVE [LEG]<br> From: SOUTH KINGSWAY<br> To: RIPLEY AVE ,"Replacement of the entire road pavement structure, including the asphalt and underlying support materials. Repair, improvement, or replacement of: road drainage, curbs, boulevards and sidewalks. Work may include the closure of individual lanes or the entire road.  Also, includes the replacement of the City-owned portion of substandard water service connections. The property owner is encouraged to replace the private portion of the substandard water service connection, as well. Also, includes the replacement of the City-owned portion of substandard water service connections. The property owner is encouraged to replace the private portion of the substandard water service connection, as well.",2025,Active,1 - Projects with approved or allocated funding in the Capital Works Program.,Transportation Services,"Marfique Ahmed, Engineering and Construction Services",mahmed2@toronto.ca,https://www.toronto.ca/services-payments/streets-parking-transportation/road-maintenance/road-sidewalk-repair/,TS_Road_Reconstruction,12,2025,EXTERNAL,"{""type"": ""MultiLineString"", ""coordinates"": [[[-79.4752735067663, 43.6367801228756], [-79.4750956403653, 43.6368789644543], [-79.4747420400863, 43.6370114142297], [-79.4746954581377, 43.6370258151413], [-79.4746477198946, 43.6370488931101], [-79.4746018710858, 43.6370880749517], [-79.4745885481266, 43.6371459598801], [-79.4745930690629, 43.637182047426]]]}"
44,1831378, ,2022-02-07,Local Road Rehabilitation,[N-S] HOUNSLOW HEATH RD [LEG]<br> From: HOUNSLOW HEATH RD<br> To: ST CLAIR AVE W ,"Replacement of partial road pavement structure or entire road pavement structure for either partial lane width, full lane width or full road width. This could include the asphalt and underlying support materials. Repair, improvement or replacement of road drainage, damaged sidewalk, boulevards and curbs. Work may include the closure of individual lanes or the entire road.",Q2 2025 - Q4 2025,Active,None,Transportation Services,"Marfique Ahmed, Engineering and Construction Services",mahmed2@toronto.ca,https://www.toronto.ca/services-payments/streets-parking-transportation/road-maintenance/road-sidewalk-repair/,TS_Road_Reconstruction,12,2025,EXTERNAL,"{""type"": ""MultiLineString"", ""coordinates"": [[[-79.4595968635094, 43.6733112522682], [-79.4596224559924, 43.6733353218525], [-79.4596590888003, 43.6733916920813], [-79.4600179943476, 43.6741950063347]]]}"
45,1831379, ,2022-02-07,Local Road Rehabilitation,HOUNSLOW HEATH RD<br> From: SPRING GROVE AVE<br> To: [N-S] HOUNSLOW HEATH RD [LEG] ,"Replacement of partial road pavement structure or entire road pavement structure for either partial lane width, full lane width or full road width. This could include the asphalt and underlying support materials. Repair, improvement or replacement of road drainage, damaged sidewalk, boulevards and curbs. Work may include the closure of individual lanes or the entire road.",Q2 2025 - Q4 2025,Active,None,Transportation Services,"Marfique Ahmed, Engineering and Construction Services",mahmed2@toronto.ca,https://www.toronto.ca/services-payments/streets-parking-transportation/road-maintenance/road-sidewalk-repair/,TS_Road_Reconstruction,12,2025,EXTERNAL,"{""type"": ""MultiLineString"", ""coordinates"": [[[-79.4584575967532, 43.6731665166737], [-79.458703929799, 43.6731921426887], [-79.4593708297161, 43.6732499721449], [-79.4594419410844, 43.6732645795441], [-79.4595006028938, 43.6732772922107], [-79.4595621622354, 43.6732965408342], [-79.4595968635094, 43.6733112522682]]]}"
46,1831381,TS2023-11-370,2022-02-07,Local Road Rehabilitation,PEARS AVE<br> From: AVENUE RD<br> To: [73.20 m E] BEDFORD RD ,"Replacement of partial road pavement structure or entire road pavement structure for either partial lane width, full lane width or full road width. This could include the asphalt and underlying support materials. Repair, improvement or replacement of road drainage, damaged sidewalk, boulevards and curbs. Work may include the closure of individual lanes or the entire road.",Q1 2025 - Q4 2026,Active,None,Transportation Services,"Fernando Eyzaguirre Garcia, Engineering and Construction Services",feyzagu@toronto.ca,https://www.toronto.ca/services-payments/streets-parking-transportation/road-maintenance/road-sidewalk-repair/,TS_Road_Reconstruction,12,2025,EXTERNAL,"{""type"": ""MultiLineString"", ""coordinates"": [[[-79.3969414213476, 43.6755527268763], [-79.3975187723944, 43.6754355896709]]]}"
47,1833521, ,2022-02-22,Local Road Rehabilitation,DOROTHY ST<br> From: HILTZ AVE<br> To: GREENWOOD AVE ,"Replacement of partial road pavement structure or entire road pavement structure for either partial lane width, full lane width or full road width. This could include the asphalt and underlying support materials. Repair, improvement or replacement of road drainage, damaged sidewalk, boulevards and curbs. Work may include the closure of individual lanes or the entire road.",Q3 2025 - Q4 2025,Active,None,Transportation Services,"Christy Manoharan, Engineering and Construction Services",cmanoha@toronto.ca,https://www.toronto.ca/services-payments/streets-parking-transportation/road-maintenance/road-sidewalk-repair/,TS_Road_Reconstruction,12,2025,EXTERNAL,"{""type"": ""MultiLineString"", ""coordinates"": [[[-79.326923741667, 43.665894202187], [-79.3260210547978, 43.6660953799296]]]}"
48,1833536, ,2022-02-22,Local Road Rehabilitation,BOUCHETTE ST<br> From: BASIN ST<br> To: COMMISSIONERS ST ,"Replacement of partial road pavement structure or entire road pavement structure for either partial lane width, full lane width or full road width. This could include the asphalt and underlying support materials. Repair, improvement or replacement of road drainage, damaged sidewalk, boulevards and curbs. Work may include the closure of individual lanes or the entire road.",2025,Active,None,Transportation Services,"Christy Manoharan, Engineering and Construction Services",cmanoha@toronto.ca,https://www.toronto.ca/services-payments/streets-parking-transportation/road-maintenance/road-sidewalk-repair/,TS_Road_Reconstruction,12,2025,EXTERNAL,"{""type"": ""MultiLineString"", ""coordinates"": [[[-79.3392270797343, 43.6496561388978], [-79.3400641226648, 43.6506555458654]]]}"
49,1833882, ,2022-02-23,Local Road Rehabilitation,MAUD ST<br> From: ADELAIDE ST W<br> To: RICHMOND ST W ,"Replacement of partial road pavement structure or entire road pavement structure for either partial lane width, full lane width or full road width. This could include the asphalt and underlying support materials. Repair, improvement or replacement of road drainage, damaged sidewalk, boulevards and curbs. Work may include the closure of individual lanes or the entire road.",Q2 2025 - Q2 2026,Active,None,Transportation Services,"Marfique Ahmed, Engineering and Construction Services",mahmed2@toronto.ca,https://www.toronto.ca/services-payments/streets-parking-transportation/road-maintenance/road-sidewalk-repair/,TS_Road_Reconstruction,12,2025,EXTERNAL,"{""type"": ""MultiLineString"", ""coordinates"": [[[-79.3996280899736, 43.6459341239133], [-79.4001233276329, 43.647186629772]]]}"
50,1833883, ,2022-02-23,Local Road Rehabilitation,REGENT ST<br> From: SHUTER ST<br> To: SUTTON AVE ,"Replacement of partial road pavement structure or entire road pavement structure for either partial lane width, full lane width or full road width. This could include the asphalt and underlying support materials. Repair, improvement or replacement of road drainage, damaged sidewalk, boulevards and curbs. Work may include the closure of individual lanes or the entire road.",Q2 2025 - Q2 2026,Active,None,Transportation Services,"Marfique Ahmed, Engineering and Construction Services",mahmed2@toronto.ca,https://www.toronto.ca/services-payments/streets-parking-transportation/road-maintenance/road-sidewalk-repair/,TS_Road_Reconstruction,12,2025,EXTERNAL,"{""type"": ""MultiLineString"", ""coordinates"": [[[-79.3635196716123, 43.6572869098687], [-79.3636245840537, 43.6575166234831], [-79.3637305759474, 43.6577737383835], [-79.3637847232498, 43.6579141519399]]]}"
51,1833884, ,2022-02-23,Local Road Rehabilitation,REGENT ST<br> From: SUTTON AVE<br> To: ST DAVID WALK ,"Replacement of partial road pavement structure or entire road pavement structure for either partial lane width, full lane width or full road width. This could include the asphalt and underlying support materials. Repair, improvement or replacement of road drainage, damaged sidewalk, boulevards and curbs. Work may include the closure of individual lanes or the entire road.",Q2 2025 - Q2 2026,Active,None,Transportation Services,"Marfique Ahmed, Engineering and Construction Services",mahmed2@toronto.ca,https://www.toronto.ca/services-payments/streets-parking-transportation/road-maintenance/road-sidewalk-repair/,TS_Road_Reconstruction,12,2025,EXTERNAL,"{""type"": ""MultiLineString"", ""coordinates"": [[[-79.3637847232498, 43.6579141519399], [-79.3640219851897, 43.658529685528]]]}"
52,1833890, ,2022-02-23,Local Road Rehabilitation,REGENT ST<br> From: ST BARTHOLOMEW ST<br> To: DUNDAS ST E ,"Replacement of partial road pavement structure or entire road pavement structure for either partial lane width, full lane width or full road width. This could include the asphalt and underlying support materials. Repair, improvement or replacement of road drainage, damaged sidewalk, boulevards and curbs. Work may include the closure of individual lanes or the entire road.",Q2 2025 - Q2 2026,Active,None,Transportation Services,"Marfique Ahmed, Engineering and Construction Services",mahmed2@toronto.ca,https://www.toronto.ca/services-payments/streets-parking-transportation/road-maintenance/road-sidewalk-repair/,TS_Road_Reconstruction,12,2025,EXTERNAL,"{""type"": ""MultiLineString"", ""coordinates"": [[[-79.3642448102262, 43.6591221669688], [-79.3644998925049, 43.6597622852683]]]}"
53,1833934, ,2022-02-23,Local Road Rehabilitation,PEVERIL HILL N<br> From: DEWBOURNE AVE<br> To: EGLINTON AVE W ,"Replacement of partial road pavement structure or entire road pavement structure for either partial lane width, full lane width or full road width. This could include the asphalt and underlying support materials. Repair, improvement or replacement of road drainage, damaged sidewalk, boulevards and curbs. Work may include the closure of individual lanes or the entire road.",Q3 2025 - Q4 2025,Active,None,Transportation Services,"Lucas Da Costa, Engineering and Construction Services",ldacost@toronto.ca,https://www.toronto.ca/services-payments/streets-parking-transportation/road-maintenance/road-sidewalk-repair/,TS_Road_Reconstruction,12,2025,EXTERNAL,"{""type"": ""MultiLineString"", ""coordinates"": [[[-79.4258025350152, 43.6985525046105], [-79.4263178470572, 43.6998619666502], [-79.4264505271345, 43.7001847840807], [-79.4265108929743, 43.700331642819], [-79.4266864626875, 43.7007588213682]]]}"
54,1834000, ,2022-02-23,Local Road Rehabilitation,REGENT ST<br> From: ST DAVID WALK<br> To: ST BARTHOLOMEW ST ,"Replacement of partial road pavement structure or entire road pavement structure for either partial lane width, full lane width or full road width. This could include the asphalt and underlying support materials. Repair, improvement or replacement of road drainage, damaged sidewalk, boulevards and curbs. Work may include the closure of individual lanes or the entire road.",Q2 2025 - Q2 2026,Active,None,Transportation Services,"Marfique Ahmed, Engineering and Construction Services",mahmed2@toronto.ca,https://www.toronto.ca/services-payments/streets-parking-transportation/road-maintenance/road-sidewalk-repair/,TS_Road_Reconstruction,12,2025,EXTERNAL,"{""type"": ""MultiLineString"", ""coordinates"": [[[-79.3640219851897, 43.658529685528], [-79.3642448102262, 43.6591221669688]]]}"
55,1845429, ,2022-03-25,Local Road Reconstruction,OLD YONGE ST<br> From: MILL ST (N YK)<br> To: CAMPBELL CRES ,"Replacement of the entire road pavement structure, including the asphalt and underlying support materials. Repair, improvement, or replacement of: road drainage, curbs, boulevards and sidewalks. Work may include the closure of individual lanes or the entire road.  Also, includes the replacement of the City-owned portion of substandard water service connections. The property owner is encouraged to replace the private portion of the substandard water service connection, as well. Also, includes the replacement of the City-owned portion of substandard water service connections. The property owner is encouraged to replace the private portion of the substandard water service connection, as well.",Q3 2022 - Q3 2024 (Carry-Over),Active,1 - Projects with approved or allocated funding in the Capital Works Program.,Transportation Services,"Marfique Ahmed, Engineering and Construction Services",mahmed2@toronto.ca,https://www.toronto.ca/services-payments/streets-parking-transportation/road-maintenance/road-sidewalk-repair/,TS_Road_Reconstruction,12,2022,EXTERNAL,"{""type"": ""MultiLineString"", ""coordinates"": [[[-79.4032644018339, 43.7407292612203], [-79.4033044778074, 43.7407911064937], [-79.4033588836928, 43.7408821548181], [-79.4033669057605, 43.7408964465329], [-79.4034169943806, 43.7409856009223], [-79.4034644810647, 43.7411179319303], [-79.4034730486508, 43.7412254587053], [-79.4034575088141, 43.7413156287743], [-79.4034308181227, 43.741391504488], [-79.4034032552257, 43.7414615646714], [-79.4033485791542, 43.741514949673]]]}"
56,1848817, ,2022-04-01,Local Road Reconstruction,DONINO AVE<br> From: BROOKFIELD RD<br> To: DON RIVER BRIDGE ,"Replacement of the entire road pavement structure, including the asphalt and underlying support materials. Repair, improvement, or replacement of: road drainage, curbs, boulevards and sidewalks. Work may include the closure of individual lanes or the entire road.  Also, includes the replacement of the City-owned portion of substandard water service connections. The property owner is encouraged to replace the private portion of the substandard water service connection, as well. Also, includes the replacement of the City-owned portion of substandard water service connections. The property owner is encouraged to replace the private portion of the substandard water service connection, as well.",Q3 2022 - Q3 2024 (Carry-Over),Active,1 - Projects with approved or allocated funding in the Capital Works Program.,Transportation Services,"Marfique Ahmed, Engineering and Construction Services",mahmed2@toronto.ca,https://www.toronto.ca/services-payments/streets-parking-transportation/road-maintenance/road-sidewalk-repair/,TS_Road_Reconstruction,12,2022,EXTERNAL,"{""type"": ""MultiLineString"", ""coordinates"": [[[-79.4028440904274, 43.7400970011927], [-79.4032644018339, 43.7407292612203]]]}"
57,1892087, ,2022-06-15,Local Road Reconstruction,TORLAKE CRES<br> From: KIPLING AVE<br> To: KIPLING AVE ,"Replacement of the entire road pavement structure, including the asphalt and underlying support materials. Repair, improvement, or replacement of: road drainage, curbs, boulevards and sidewalks. Work may include the closure of individual lanes or the entire road.  Also, includes the replacement of the City-owned portion of substandard water service connections. The property owner is encouraged to replace the private portion of the substandard water service connection, as well.",Q3 2023 - Q4 2024 (Carry-Over),Active,1 - Projects with approved or allocated funding in the Capital Works Program.,Transportation Services,"Thomas Yeung, Engineering and Construction Services",tyeung@toronto.ca,https://www.toronto.ca/services-payments/streets-parking-transportation/road-maintenance/road-sidewalk-repair/,TS_Road_Reconstruction,12,2023,EXTERNAL,"{""type"": ""MultiLineString"", ""coordinates"": [[[-79.5225522643935, 43.6115420704535], [-79.5260671345273, 43.6107903613075], [-79.527038882113, 43.6131414330491], [-79.5270458692485, 43.6131686246865], [-79.5270525299998, 43.6132139092548], [-79.5270573412404, 43.6132512280034], [-79.5270541619114, 43.6132891787423], [-79.5270226116429, 43.6133265240939], [-79.5269581565048, 43.6133643272715], [-79.5268759557149, 43.6133918189587], [-79.5236462483383, 43.6141320442004]]]}"
58,1916813, ,2022-07-22,Laneway Reconstruction,[116.70 m W] RONCESVALLES AVE<br> From: GEOFFREY ST<br> To: GRENADIER RD ,"Replacement of the entire laneway pavement structure, including the asphalt, concrete and underlying support materials. Repair, improvement, or replacement of laneway drainage, curbs, and associated areas. Work may include the closure of individual lanes or the entire laneway. Also, includes the replacement of the City-owned portion of substandard water service connections. The property owner is encouraged to replace the private portion of the substandard water service connection, as well.",Q2 2025 - Q4 2025,Active,1 - Projects with approved or allocated funding in the Capital Works Program.,Transportation Services,"Marfique Ahmed, Engineering and Construction Services",mahmed2@toronto.ca,https://www.toronto.ca/services-payments/streets-parking-transportation/road-maintenance/road-sidewalk-repair/,TS_Road_Reconstruction,12,2025,EXTERNAL,"{""type"": ""MultiLineString"", ""coordinates"": [[[-79.4514451805993, 43.6476871556254], [-79.4515951399121, 43.6480977804842], [-79.4517427017002, 43.6485017971034]]]}"
59,1916893, ,2022-07-22,Laneway Reconstruction,SKEENS LANE<br> From: THIRTIETH ST<br> To: [41 m]E THIRTIETH ST ,"Replacement of the entire laneway pavement structure, including the asphalt, concrete and underlying support materials. Repair, improvement, or replacement of laneway drainage, curbs, and associated areas. Work may include the closure of individual lanes or the entire laneway. Also, includes the replacement of the City-owned portion of substandard water service connections. The property owner is encouraged to replace the private portion of the substandard water service connection, as well.",Q2 2026 - Q4 2026,Active,1 - Projects with approved or allocated funding in the Capital Works Program.,Transportation Services,"Azizul Haque, Engineering and Construction Services",ahaque@toronto.ca,https://www.toronto.ca/services-payments/streets-parking-transportation/road-maintenance/road-sidewalk-repair/,TS_Road_Reconstruction,12,2026,EXTERNAL,"{""type"": ""MultiLineString"", ""coordinates"": [[[-79.5291908899106, 43.5958887198638], [-79.529934532359, 43.5957153757249]]]}"
60,1919803, ,2022-07-26,Local Road Rehabilitation,BOUCHETTE ST<br> From: COMMISSIONERS ST<br> To: [S] LAKE SHORE BLVD E [BRANCH] ,"Replacement of partial road pavement structure or entire road pavement structure for either partial lane width, full lane width or full road width. This could include the asphalt and underlying support materials. Repair, improvement or replacement of road drainage, damaged sidewalk, boulevards and curbs. Work may include the closure of individual lanes or the entire road.",2025,Active,None,Transportation Services,"Christy Manoharan, Engineering and Construction Services",cmanoha@toronto.ca,https://www.toronto.ca/services-payments/streets-parking-transportation/road-maintenance/road-sidewalk-repair/,TS_Road_Reconstruction,12,2025,EXTERNAL,"{""type"": ""MultiLineString"", ""coordinates"": [[[-79.3400641226648, 43.6506555458654], [-79.341963236941, 43.6530131132065]]]}"
61,1936943, ,2022-08-18,Laneway Reconstruction,NUNES LANE<br> From: MC FARLAND AVE<br> To: VIA ITALIA ,"Replacement of the entire laneway pavement structure, including the asphalt, concrete and underlying support materials. Repair, improvement, or replacement of laneway drainage, curbs, and associated areas. Work may include the closure of individual lanes or the entire laneway. Also, includes the replacement of the City-owned portion of substandard water service connections. The property owner is encouraged to replace the private portion of the substandard water service connection, as well.",2026,Active,1 - Projects with approved or allocated funding in the Capital Works Program.,Transportation Services,"Lucas Da Costa, Engineering and Construction Services",ldacost@toronto.ca,https://www.toronto.ca/services-payments/streets-parking-transportation/road-maintenance/road-sidewalk-repair/,TS_Road_Reconstruction,12,2026,EXTERNAL,"{""type"": ""MultiLineString"", ""coordinates"": [[[-79.4425101582618, 43.673247569697], [-79.4437645179198, 43.6729581349581]]]}"
62,1946273, ,2022-08-29,Laneway Reconstruction,[36 m N] BLOOR ST W<br> From: BRENTWOOD (N) RD<br> To: [157 m E] BRENTWOOD (N) RD ,"Replacement of the entire laneway pavement structure, including the asphalt, concrete and underlying support materials. Repair, improvement, or replacement of laneway drainage, curbs, and associated areas. Work may include the closure of individual lanes or the entire laneway. Also, includes the replacement of the City-owned portion of substandard water service connections. The property owner is encouraged to replace the private portion of the substandard water service connection, as well.",Q2 2026 - Q4 2026,Active,1 - Projects with approved or allocated funding in the Capital Works Program.,Transportation Services,"Azizul Haque, Engineering and Construction Services",ahaque@toronto.ca,https://www.toronto.ca/services-payments/streets-parking-transportation/road-maintenance/road-sidewalk-repair/,TS_Road_Reconstruction,12,2026,EXTERNAL,"{""type"": ""MultiLineString"", ""coordinates"": [[[-79.5139379667209, 43.6472917811464], [-79.5121162813672, 43.6476911723127]]]}"
63,1946277, ,2022-08-29,Laneway Reconstruction,[45.70 m E] BEECH AVE<br> From: CEDAR AVE<br> To: PINE AVE ,"Replacement of the entire laneway pavement structure, including the asphalt, concrete and underlying support materials. Repair, improvement, or replacement of laneway drainage, curbs, and associated areas. Work may include the closure of individual lanes or the entire laneway. Also, includes the replacement of the City-owned portion of substandard water service connections. The property owner is encouraged to replace the private portion of the substandard water service connection, as well.",Q2 2026 - Q4 2026,Active,1 - Projects with approved or allocated funding in the Capital Works Program.,Transportation Services,"Augustine Anifowose, Engineering and Construction Services",aanifow@toronto.ca,https://www.toronto.ca/services-payments/streets-parking-transportation/road-maintenance/road-sidewalk-repair/,TS_Road_Reconstruction,12,2026,EXTERNAL,"{""type"": ""MultiLineString"", ""coordinates"": [[[-79.2875937208785, 43.674543323986], [-79.2879796582391, 43.6754832201276], [-79.2883565320521, 43.6764082458593]]]}"
64,1946281, ,2022-08-29,Local Road Reconstruction,HOLLAMAN RD<br> From: GLEN PARK AVE<br> To: [40 m N] GLEN PARK AVE ,"Replacement of the entire road pavement structure, including the asphalt and underlying support materials. Repair, improvement, or replacement of: road drainage, curbs, boulevards and sidewalks. Work may include the closure of individual lanes or the entire road.  Also, includes the replacement of the City-owned portion of substandard water service connections. The property owner is encouraged to replace the private portion of the substandard water service connection, as well. Also, includes the replacement of the City-owned portion of substandard water service connections. The property owner is encouraged to replace the private portion of the substandard water service connection, as well.",Q2 2026 - Q2 2027,Active,1 - Projects with approved or allocated funding in the Capital Works Program.,Transportation Services,"Matthew McAinsh, Engineering and Construction Services",mmcains@toronto.ca,https://www.toronto.ca/services-payments/streets-parking-transportation/road-maintenance/road-sidewalk-repair/,TS_Road_Reconstruction,12,2026,EXTERNAL,"{""type"": ""MultiLineString"", ""coordinates"": [[[-79.4294173872541, 43.7130262491248], [-79.4298163688248, 43.713266387425]]]}"
65,1946317, ,2022-08-29,Laneway Reconstruction,[37 m S] EGLINTON AVE W<br> From: SCOTT RD<br> To: [83 m E] KEELE ST ,"Replacement of the entire laneway pavement structure, including the asphalt, concrete and underlying support materials. Repair, improvement, or replacement of laneway drainage, curbs, and associated areas. Work may include the closure of individual lanes or the entire laneway. Also, includes the replacement of the City-owned portion of substandard water service connections. The property owner is encouraged to replace the private portion of the substandard water service connection, as well.",2026 - Q3 2026,Active,1 - Projects with approved or allocated funding in the Capital Works Program.,Transportation Services,"Angela Au, Engineering and Construction Services",aau2@toronto.ca,https://www.toronto.ca/services-payments/streets-parking-transportation/road-maintenance/road-sidewalk-repair/,TS_Road_Reconstruction,12,2026,EXTERNAL,"{""type"": ""MultiLineString"", ""coordinates"": [[[-79.4725949892088, 43.6903503685642], [-79.4730713980564, 43.690232096715], [-79.4730302392909, 43.6900932059788], [-79.4742980003073, 43.6898074367886]]]}"
66,1946320, ,2022-08-29,Laneway Reconstruction,[33.50 m E] EMERSON AVE<br> From: [30.50 m N] WALLACE AVE<br> To: ARMSTRONG AVE ,"Replacement of the entire laneway pavement structure, including the asphalt, concrete and underlying support materials. Repair, improvement, or replacement of laneway drainage, curbs, and associated areas. Work may include the closure of individual lanes or the entire laneway. Also, includes the replacement of the City-owned portion of substandard water service connections. The property owner is encouraged to replace the private portion of the substandard water service connection, as well.",Q2 2026 - Q4 2026,Active,1 - Projects with approved or allocated funding in the Capital Works Program.,Transportation Services,"Augustine Anifowose, Engineering and Construction Services",aanifow@toronto.ca,https://www.toronto.ca/services-payments/streets-parking-transportation/road-maintenance/road-sidewalk-repair/,TS_Road_Reconstruction,12,2026,EXTERNAL,"{""type"": ""MultiLineString"", ""coordinates"": [[[-79.4419968763231, 43.6632356139409], [-79.4420207671826, 43.6633025150236], [-79.4421819084151, 43.6637535367856]]]}"
67,1946326, ,2022-08-29,Laneway Reconstruction,[30.50 m W] OSSINGTON AVE<br> From: BADEN ST<br> To: [30.20 m N] BADEN ST ,"Replacement of the entire laneway pavement structure, including the asphalt, concrete and underlying support materials. Repair, improvement, or replacement of laneway drainage, curbs, and associated areas. Work may include the closure of individual lanes or the entire laneway. Also, includes the replacement of the City-owned portion of substandard water service connections. The property owner is encouraged to replace the private portion of the substandard water service connection, as well.",Q2 2026 - Q4 2026,Active,1 - Projects with approved or allocated funding in the Capital Works Program.,Transportation Services,"Augustine Anifowose, Engineering and Construction Services",aanifow@toronto.ca,https://www.toronto.ca/services-payments/streets-parking-transportation/road-maintenance/road-sidewalk-repair/,TS_Road_Reconstruction,12,2026,EXTERNAL,"{""type"": ""MultiLineString"", ""coordinates"": [[[-79.4216355315554, 43.6500756097822], [-79.421591252616, 43.6500841307132], [-79.4217053489407, 43.6503902461918]]]}"
68,1946328, ,2022-08-29,Laneway Reconstruction,[30.50 m N] WALLACE AVE<br> From: [33.50 m E] EMERSON AVE<br> To: EMERSON AVE ,"Replacement of the entire laneway pavement structure, including the asphalt, concrete and underlying support materials. Repair, improvement, or replacement of laneway drainage, curbs, and associated areas. Work may include the closure of individual lanes or the entire laneway. Also, includes the replacement of the City-owned portion of substandard water service connections. The property owner is encouraged to replace the private portion of the substandard water service connection, as well.",Q2 2026 - Q4 2026,Active,1 - Projects with approved or allocated funding in the Capital Works Program.,Transportation Services,"Augustine Anifowose, Engineering and Construction Services",aanifow@toronto.ca,https://www.toronto.ca/services-payments/streets-parking-transportation/road-maintenance/road-sidewalk-repair/,TS_Road_Reconstruction,12,2026,EXTERNAL,"{""type"": ""MultiLineString"", ""coordinates"": [[[-79.4425523348517, 43.6631192100524], [-79.4419968763231, 43.6632356139409]]]}"
69,1948539, ,2022-08-31,Local Road Rehabilitation,FERNWOOD PARK AVE<br> From: FIR AVE<br> To: HAZEL AVE ,"Replacement of partial road pavement structure or entire road pavement structure for either partial lane width, full lane width or full road width. This could include the asphalt and underlying support materials. Repair, improvement or replacement of road drainage, damaged sidewalk, boulevards and curbs. Work may include the closure of individual lanes or the entire road.",Q2 2026 - Q4 2026,Active,None,Transportation Services,"Augustine Anifowose, Engineering and Construction Services",aanifow@toronto.ca,https://www.toronto.ca/services-payments/streets-parking-transportation/road-maintenance/road-sidewalk-repair/,TS_Road_Reconstruction,12,2026,EXTERNAL,"{""type"": ""MultiLineString"", ""coordinates"": [[[-79.2881650445252, 43.6703271470925], [-79.28817907089, 43.6704078969828], [-79.288402242705, 43.6709805696214], [-79.2884127267979, 43.6710213830359], [-79.2883999949919, 43.6710697145906], [-79.2883572749416, 43.6711330318403], [-79.2883355382896, 43.6711677547129], [-79.2883289174626, 43.6711991660805], [-79.2884618675573, 43.6714813967029]]]}"
70,1948541,TS2023-19-335,2022-08-31,Local Road Reconstruction,HAZEL AVE<br> From: BALSAM AVE<br> To: FERNWOOD PARK AVE ,"Replacement of the entire road pavement structure, including the asphalt and underlying support materials. Repair, improvement, or replacement of: road drainage, curbs, boulevards and sidewalks. Work may include the closure of individual lanes or the entire road.  Also, includes the replacement of the City-owned portion of substandard water service connections. The property owner is encouraged to replace the private portion of the substandard water service connection, as well. Also, includes the replacement of the City-owned portion of substandard water service connections. The property owner is encouraged to replace the private portion of the substandard water service connection, as well.",Q2 2026 - Q4 2026,Active,1 - Projects with approved or allocated funding in the Capital Works Program.,Transportation Services,"Augustine Anifowose, Engineering and Construction Services",aanifow@toronto.ca,https://www.toronto.ca/services-payments/streets-parking-transportation/road-maintenance/road-sidewalk-repair/,TS_Road_Reconstruction,12,2026,EXTERNAL,"{""type"": ""MultiLineString"", ""coordinates"": [[[-79.2896188795919, 43.6714184253652], [-79.2891267682332, 43.6715303412211], [-79.289059313165, 43.6715463831445], [-79.2889869526682, 43.671546735665], [-79.2889265184488, 43.6715480553011], [-79.2888219369274, 43.6715423263308], [-79.2887122339102, 43.6715401163179], [-79.2886268184318, 43.6715289677902], [-79.2885766148691, 43.6715232491197], [-79.2884618675573, 43.6714813967029]]]}"
71,1948609, ,2022-08-31,Local Road Reconstruction,HAZEL AVE<br> From: FERNWOOD PARK AVE<br> To: BEECH AVE ,"Replacement of the entire road pavement structure, including the asphalt and underlying support materials. Repair, improvement, or replacement of: road drainage, curbs, boulevards and sidewalks. Work may include the closure of individual lanes or the entire road.  Also, includes the replacement of the City-owned portion of substandard water service connections. The property owner is encouraged to replace the private portion of the substandard water service connection, as well. Also, includes the replacement of the City-owned portion of substandard water service connections. The property owner is encouraged to replace the private portion of the substandard water service connection, as well.",Q2 2026 - Q4 2026,Active,1 - Projects with approved or allocated funding in the Capital Works Program.,Transportation Services,"Augustine Anifowose, Engineering and Construction Services",aanifow@toronto.ca,https://www.toronto.ca/services-payments/streets-parking-transportation/road-maintenance/road-sidewalk-repair/,TS_Road_Reconstruction,12,2026,EXTERNAL,"{""type"": ""MultiLineString"", ""coordinates"": [[[-79.2884618675573, 43.6714813967029], [-79.2879610368349, 43.6716000333949], [-79.2872199949479, 43.6717511208522]]]}"
72,1969725, ,2022-09-27,Laneway Reconstruction,[28.60 m W] YORK ST<br> From: [52 m S] RICHMOND ST W<br> To: RICHMOND ST W ,"Replacement of the entire laneway pavement structure, including the asphalt, concrete and underlying support materials. Repair, improvement, or replacement of laneway drainage, curbs, and associated areas. Work may include the closure of individual lanes or the entire laneway. Also, includes the replacement of the City-owned portion of substandard water service connections. The property owner is encouraged to replace the private portion of the substandard water service connection, as well.",Q2 2025 - Q2 2026,Active,1 - Projects with approved or allocated funding in the Capital Works Program.,Transportation Services,"Marfique Ahmed, Engineering and Construction Services",mahmed2@toronto.ca,https://www.toronto.ca/services-payments/streets-parking-transportation/road-maintenance/road-sidewalk-repair/,TS_Road_Reconstruction,12,2025,EXTERNAL,"{""type"": ""MultiLineString"", ""coordinates"": [[[-79.3851110950526, 43.6503416018767], [-79.3848953663775, 43.64980495776]]]}"
73,2046073, ,2023-01-27,Laneway Reconstruction,[38 m N] DONALD AVE<br> From: [32 m W] SILVERTHORN AVE<br> To: [47 m E] KANE AVE ,"Replacement of the entire laneway pavement structure, including the asphalt, concrete and underlying support materials. Repair, improvement, or replacement of laneway drainage, curbs, and associated areas. Work may include the closure of individual lanes or the entire laneway. Also, includes the replacement of the City-owned portion of substandard water service connections. The property owner is encouraged to replace the private portion of the substandard water service connection, as well.",2026,Active,1 - Projects with approved or allocated funding in the Capital Works Program.,Transportation Services,"Angela Au, Engineering and Construction Services",aau2@toronto.ca,https://www.toronto.ca/services-payments/streets-parking-transportation/road-maintenance/road-sidewalk-repair/,TS_Road_Reconstruction,12,2026,EXTERNAL,"{""type"": ""MultiLineString"", ""coordinates"": [[[-79.4671336457099, 43.686675497844], [-79.4673096427629, 43.6866364736512], [-79.4676657305379, 43.6865564993309]]]}"
74,2046114, ,2023-01-27,Laneway Reconstruction,[28 m W] SILVERTHORN AVE<br> From: [23 m N] DONALD AVE<br> To: TROWELL AVE ,"Replacement of the entire laneway pavement structure, including the asphalt, concrete and underlying support materials. Repair, improvement, or replacement of laneway drainage, curbs, and associated areas. Work may include the closure of individual lanes or the entire laneway. Also, includes the replacement of the City-owned portion of substandard water service connections. The property owner is encouraged to replace the private portion of the substandard water service connection, as well.",2026,Active,1 - Projects with approved or allocated funding in the Capital Works Program.,Transportation Services,"Angela Au, Engineering and Construction Services",aau2@toronto.ca,https://www.toronto.ca/services-payments/streets-parking-transportation/road-maintenance/road-sidewalk-repair/,TS_Road_Reconstruction,12,2026,EXTERNAL,"{""type"": ""MultiLineString"", ""coordinates"": [[[-79.4673242918845, 43.6871392276457], [-79.4672133099173, 43.6868702189207], [-79.4671336457099, 43.686675497844], [-79.4670750034543, 43.68653218921]]]}"
75,2053910,TS2023-09-011,2023-02-13,Local Road Rehabilitation,ASCOT AVE<br> From: DUFFERIN ST<br> To: ST CLAIR GDNS ,"Replacement of partial road pavement structure or entire road pavement structure for either partial lane width, full lane width or full road width. This could include the asphalt and underlying support materials. Repair, improvement or replacement of road drainage, damaged sidewalk, boulevards and curbs. Work may include the closure of individual lanes or the entire road.",2026,Active,None,Transportation Services,"Lucas Da Costa, Engineering and Construction Services",ldacost@toronto.ca,https://www.toronto.ca/services-payments/streets-parking-transportation/road-maintenance/road-sidewalk-repair/,TS_Road_Reconstruction,12,2026,EXTERNAL,"{""type"": ""MultiLineString"", ""coordinates"": [[[-79.4439547809527, 43.6801495447553], [-79.4454150086383, 43.679822891565], [-79.4459694918064, 43.6796988558402]]]}"
76,2053915, ,2023-02-13,Local Road Rehabilitation,MACPHERSON AVE<br> From: [15.20 m W] DAVENPORT RD<br> To: HURON ST ,"Replacement of partial road pavement structure or entire road pavement structure for either partial lane width, full lane width or full road width. This could include the asphalt and underlying support materials. Repair, improvement or replacement of road drainage, damaged sidewalk, boulevards and curbs. Work may include the closure of individual lanes or the entire road.",2026,Active,None,Transportation Services,"Lucas Da Costa, Engineering and Construction Services",ldacost@toronto.ca,https://www.toronto.ca/services-payments/streets-parking-transportation/road-maintenance/road-sidewalk-repair/,TS_Road_Reconstruction,12,2026,EXTERNAL,"{""type"": ""MultiLineString"", ""coordinates"": [[[-79.4040959591214, 43.6765933129411], [-79.4051682329097, 43.6763638637588]]]}"
77,2053925,TS2023-09-011,2023-02-13,Local Road Rehabilitation,ASCOT AVE<br> From: NAIRN AVE<br> To: HARVIE AVE ,"Replacement of partial road pavement structure or entire road pavement structure for either partial lane width, full lane width or full road width. This could include the asphalt and underlying support materials. Repair, improvement or replacement of road drainage, damaged sidewalk, boulevards and curbs. Work may include the closure of individual lanes or the entire road.",2026,Active,None,Transportation Services,"Lucas Da Costa, Engineering and Construction Services",ldacost@toronto.ca,https://www.toronto.ca/services-payments/streets-parking-transportation/road-maintenance/road-sidewalk-repair/,TS_Road_Reconstruction,12,2026,EXTERNAL,"{""type"": ""MultiLineString"", ""coordinates"": [[[-79.4495473897519, 43.6789139380494], [-79.4507281001739, 43.6786565653648]]]}"
78,2053943, ,2023-02-13,Local Road Rehabilitation,MACPHERSON AVE<br> From: WALMER RD<br> To: KENDAL AVE ,"Replacement of partial road pavement structure or entire road pavement structure for either partial lane width, full lane width or full road width. This could include the asphalt and underlying support materials. Repair, improvement or replacement of road drainage, damaged sidewalk, boulevards and curbs. Work may include the closure of individual lanes or the entire road.",2026,Active,None,Transportation Services,"Lucas Da Costa, Engineering and Construction Services",ldacost@toronto.ca,https://www.toronto.ca/services-payments/streets-parking-transportation/road-maintenance/road-sidewalk-repair/,TS_Road_Reconstruction,12,2026,EXTERNAL,"{""type"": ""MultiLineString"", ""coordinates"": [[[-79.4086770688533, 43.6756331312206], [-79.4092068145149, 43.6755228459601], [-79.4095428699455, 43.675452857072], [-79.4096177186593, 43.6754334014128], [-79.4096551328811, 43.67542628394], [-79.409678105805, 43.6754229716053], [-79.4097122214199, 43.6754239526964]]]}"
79,2053946,TS2023-09-011,2023-02-13,Local Road Rehabilitation,ASCOT AVE<br> From: ST CLAIR GDNS<br> To: BOON AVE ,"Replacement of partial road pavement structure or entire road pavement structure for either partial lane width, full lane width or full road width. This could include the asphalt and underlying support materials. Repair, improvement or replacement of road drainage, damaged sidewalk, boulevards and curbs. Work may include the closure of individual lanes or the entire road.",2026,Active,None,Transportation Services,"Lucas Da Costa, Engineering and Construction Services",ldacost@toronto.ca,https://www.toronto.ca/services-payments/streets-parking-transportation/road-maintenance/road-sidewalk-repair/,TS_Road_Reconstruction,12,2026,EXTERNAL,"{""type"": ""MultiLineString"", ""coordinates"": [[[-79.4459694918064, 43.6796988558402], [-79.446508364338, 43.6795814980961], [-79.4471291691785, 43.6794463081232]]]}"
80,2053955, ,2023-02-13,Local Road Rehabilitation,BRIDGMAN AVE<br> From: DARTNELL AVE<br> To: [15 m W] DARTNELL AVE ,"Replacement of partial road pavement structure or entire road pavement structure for either partial lane width, full lane width or full road width. This could include the asphalt and underlying support materials. Repair, improvement or replacement of road drainage, damaged sidewalk, boulevards and curbs. Work may include the closure of individual lanes or the entire road.",2026,Active,None,Transportation Services,"Lucas Da Costa, Engineering and Construction Services",ldacost@toronto.ca,https://www.toronto.ca/services-payments/streets-parking-transportation/road-maintenance/road-sidewalk-repair/,TS_Road_Reconstruction,12,2026,EXTERNAL,"{""type"": ""MultiLineString"", ""coordinates"": [[[-79.4115365800885, 43.6750145947858], [-79.4117988868482, 43.6749637149778]]]}"
81,2053962, ,2023-02-13,Local Road Rehabilitation,MACPHERSON AVE<br> From: HURON ST<br> To: MADISON AVE ,"Replacement of partial road pavement structure or entire road pavement structure for either partial lane width, full lane width or full road width. This could include the asphalt and underlying support materials. Repair, improvement or replacement of road drainage, damaged sidewalk, boulevards and curbs. Work may include the closure of individual lanes or the entire road.",2026,Active,None,Transportation Services,"Lucas Da Costa, Engineering and Construction Services",ldacost@toronto.ca,https://www.toronto.ca/services-payments/streets-parking-transportation/road-maintenance/road-sidewalk-repair/,TS_Road_Reconstruction,12,2026,EXTERNAL,"{""type"": ""MultiLineString"", ""coordinates"": [[[-79.4051682329097, 43.6763638637588], [-79.4063298357469, 43.6761221369325]]]}"
82,2053972, ,2023-02-13,Local Road Rehabilitation,MACPHERSON AVE<br> From: MADISON AVE<br> To: SPADINA RD (TO) ,"Replacement of partial road pavement structure or entire road pavement structure for either partial lane width, full lane width or full road width. This could include the asphalt and underlying support materials. Repair, improvement or replacement of road drainage, damaged sidewalk, boulevards and curbs. Work may include the closure of individual lanes or the entire road.",2026,Active,None,Transportation Services,"Lucas Da Costa, Engineering and Construction Services",ldacost@toronto.ca,https://www.toronto.ca/services-payments/streets-parking-transportation/road-maintenance/road-sidewalk-repair/,TS_Road_Reconstruction,12,2026,EXTERNAL,"{""type"": ""MultiLineString"", ""coordinates"": [[[-79.4063298357469, 43.6761221369325], [-79.4066741597226, 43.6760507050471], [-79.4068049027407, 43.6760167777221], [-79.4069870353744, 43.6759529176771], [-79.4071208602984, 43.6759146808653], [-79.4073791400346, 43.6758583981421], [-79.4074931331621, 43.675869175016]]]}"
83,2053974,TS2023-09-011,2023-02-13,Local Road Rehabilitation,ASCOT AVE<br> From: EARLSCOURT AVE<br> To: NAIRN AVE ,"Replacement of partial road pavement structure or entire road pavement structure for either partial lane width, full lane width or full road width. This could include the asphalt and underlying support materials. Repair, improvement or replacement of road drainage, damaged sidewalk, boulevards and curbs. Work may include the closure of individual lanes or the entire road.",2026,Active,None,Transportation Services,"Lucas Da Costa, Engineering and Construction Services",ldacost@toronto.ca,https://www.toronto.ca/services-payments/streets-parking-transportation/road-maintenance/road-sidewalk-repair/,TS_Road_Reconstruction,12,2026,EXTERNAL,"{""type"": ""MultiLineString"", ""coordinates"": [[[-79.448338203112, 43.67917415708], [-79.4495473897519, 43.6789139380494]]]}"
84,2053975, ,2023-02-13,Local Road Rehabilitation,ROSELAWN AVE<br> From: CASTLEWOOD RD<br> To: LATIMER AVE ,"Replacement of partial road pavement structure or entire road pavement structure for either partial lane width, full lane width or full road width. This could include the asphalt and underlying support materials. Repair, improvement or replacement of road drainage, damaged sidewalk, boulevards and curbs. Work may include the closure of individual lanes or the entire road.",Q2 2026 - Q4 2026,Active,None,Transportation Services,"Osa Ehioghiren, Engineering and Construction Services",oehiogh@toronto.ca,https://www.toronto.ca/services-payments/streets-parking-transportation/road-maintenance/road-sidewalk-repair/,TS_Road_Reconstruction,12,2026,EXTERNAL,"{""type"": ""MultiLineString"", ""coordinates"": [[[-79.416224264715, 43.7073587039924], [-79.4170993146943, 43.7071568133792]]]}"
85,2053995,TS2023-12-084,2023-02-13,Local Road Rehabilitation,COLLEGE VIEW AVE<br> From: ORIOLE PKWY<br> To: HIGHBOURNE RD ,"Replacement of partial road pavement structure or entire road pavement structure for either partial lane width, full lane width or full road width. This could include the asphalt and underlying support materials. Repair, improvement or replacement of road drainage, damaged sidewalk, boulevards and curbs. Work may include the closure of individual lanes or the entire road.",Q2 2026 - Q4 2026,Active,None,Transportation Services,"Osa Ehioghiren, Engineering and Construction Services",oehiogh@toronto.ca,https://www.toronto.ca/services-payments/streets-parking-transportation/road-maintenance/road-sidewalk-repair/,TS_Road_Reconstruction,12,2026,EXTERNAL,"{""type"": ""MultiLineString"", ""coordinates"": [[[-79.4050543760627, 43.7023348665464], [-79.4063385680769, 43.7020610179557]]]}"
86,2053997, ,2023-02-13,Local Road Rehabilitation,MACPHERSON AVE<br> From: [N] DAVENPORT RD [BRANCH]<br> To: [15.20 m W] DAVENPORT RD ,"Replacement of partial road pavement structure or entire road pavement structure for either partial lane width, full lane width or full road width. This could include the asphalt and underlying support materials. Repair, improvement or replacement of road drainage, damaged sidewalk, boulevards and curbs. Work may include the closure of individual lanes or the entire road.",2026,Active,None,Transportation Services,"Lucas Da Costa, Engineering and Construction Services",ldacost@toronto.ca,https://www.toronto.ca/services-payments/streets-parking-transportation/road-maintenance/road-sidewalk-repair/,TS_Road_Reconstruction,12,2026,EXTERNAL,"{""type"": ""MultiLineString"", ""coordinates"": [[[-79.4036901154487, 43.6766801405027], [-79.4040959591214, 43.6765933129411]]]}"
87,2054000, ,2023-02-13,Local Road Rehabilitation,MACPHERSON AVE<br> From: SPADINA RD (TO)<br> To: WALMER RD ,"Replacement of partial road pavement structure or entire road pavement structure for either partial lane width, full lane width or full road width. This could include the asphalt and underlying support materials. Repair, improvement or replacement of road drainage, damaged sidewalk, boulevards and curbs. Work may include the closure of individual lanes or the entire road.",2026,Active,None,Transportation Services,"Lucas Da Costa, Engineering and Construction Services",ldacost@toronto.ca,https://www.toronto.ca/services-payments/streets-parking-transportation/road-maintenance/road-sidewalk-repair/,TS_Road_Reconstruction,12,2026,EXTERNAL,"{""type"": ""MultiLineString"", ""coordinates"": [[[-79.4074931331621, 43.675869175016], [-79.4080897418853, 43.6757501997433], [-79.4086770688533, 43.6756331312206]]]}"
88,2054005, ,2023-02-13,Local Road Rehabilitation,CORTLEIGH BLVD<br> From: AVENUE RD<br> To: MONA DR ,"Replacement of partial road pavement structure or entire road pavement structure for either partial lane width, full lane width or full road width. This could include the asphalt and underlying support materials. Repair, improvement or replacement of road drainage, damaged sidewalk, boulevards and curbs. Work may include the closure of individual lanes or the entire road.",Q2 2026 - Q4 2026,Active,None,Transportation Services,"Osa Ehioghiren, Engineering and Construction Services",oehiogh@toronto.ca,https://www.toronto.ca/services-payments/streets-parking-transportation/road-maintenance/road-sidewalk-repair/,TS_Road_Reconstruction,12,2026,EXTERNAL,"{""type"": ""MultiLineString"", ""coordinates"": [[[-79.4117758992924, 43.7130486490807], [-79.4135913428226, 43.7126674822445], [-79.4156786708608, 43.7122280062308], [-79.4162892463394, 43.7120934360664]]]}"
89,2054042, ,2023-02-13,Local Road Rehabilitation,CASTLEFIELD AVE<br> From: YONGE ST<br> To: DUPLEX AVE ,"Replacement of partial road pavement structure or entire road pavement structure for either partial lane width, full lane width or full road width. This could include the asphalt and underlying support materials. Repair, improvement or replacement of road drainage, damaged sidewalk, boulevards and curbs. Work may include the closure of individual lanes or the entire road.",Q2 2026 - Q4 2026,Active,None,Transportation Services,"Osa Ehioghiren, Engineering and Construction Services",oehiogh@toronto.ca,https://www.toronto.ca/services-payments/streets-parking-transportation/road-maintenance/road-sidewalk-repair/,TS_Road_Reconstruction,12,2026,EXTERNAL,"{""type"": ""MultiLineString"", ""coordinates"": [[[-79.3994765853598, 43.7118389681081], [-79.3999992591552, 43.7117357590166], [-79.4012583561257, 43.7114871495535]]]}"
90,2054045,TS2023-09-011,2023-02-13,Local Road Rehabilitation,ASCOT AVE<br> From: BOON AVE<br> To: EARLSCOURT AVE ,"Replacement of partial road pavement structure or entire road pavement structure for either partial lane width, full lane width or full road width. This could include the asphalt and underlying support materials. Repair, improvement or replacement of road drainage, damaged sidewalk, boulevards and curbs. Work may include the closure of individual lanes or the entire road.",2026,Active,None,Transportation Services,"Lucas Da Costa, Engineering and Construction Services",ldacost@toronto.ca,https://www.toronto.ca/services-payments/streets-parking-transportation/road-maintenance/road-sidewalk-repair/,TS_Road_Reconstruction,12,2026,EXTERNAL,"{""type"": ""MultiLineString"", ""coordinates"": [[[-79.4471291691785, 43.6794463081232], [-79.448338203112, 43.67917415708]]]}"
91,2061098, ,2023-02-27,Local Road Reconstruction,LOGAN AVE<br> From: [47 m N] FULTON AVE<br> To: NEALON AVE ,"Replacement of the entire road pavement structure, including the asphalt and underlying support materials. Repair, improvement, or replacement of: road drainage, curbs, boulevards and sidewalks. Work may include the closure of individual lanes or the entire road.  Also, includes the replacement of the City-owned portion of substandard water service connections. The property owner is encouraged to replace the private portion of the substandard water service connection, as well. Also, includes the replacement of the City-owned portion of substandard water service connections. The property owner is encouraged to replace the private portion of the substandard water service connection, as well.",Q4 2023 - Q3 2024 (Carry-Over),Active,1 - Projects with approved or allocated funding in the Capital Works Program.,Transportation Services,"Angela Au, Engineering and Construction Services",aau2@toronto.ca,https://www.toronto.ca/services-payments/streets-parking-transportation/road-maintenance/road-sidewalk-repair/,TS_Road_Reconstruction,12,2023,EXTERNAL,"{""type"": ""MultiLineString"", ""coordinates"": [[[-79.3514407576483, 43.6835587443497], [-79.3516178788085, 43.6840163128122]]]}"
92,2061099, ,2023-02-27,Local Road Reconstruction,LOGAN AVE<br> From: FULTON AVE<br> To: [47 m N] FULTON AVE [CITY LIMITS] ,"Replacement of the entire road pavement structure, including the asphalt and underlying support materials. Repair, improvement, or replacement of: road drainage, curbs, boulevards and sidewalks. Work may include the closure of individual lanes or the entire road.  Also, includes the replacement of the City-owned portion of substandard water service connections. The property owner is encouraged to replace the private portion of the substandard water service connection, as well. Also, includes the replacement of the City-owned portion of substandard water service connections. The property owner is encouraged to replace the private portion of the substandard water service connection, as well.",Q4 2023 - Q3 2024 (Carry-Over),Active,1 - Projects with approved or allocated funding in the Capital Works Program.,Transportation Services,"Angela Au, Engineering and Construction Services",aau2@toronto.ca,https://www.toronto.ca/services-payments/streets-parking-transportation/road-maintenance/road-sidewalk-repair/,TS_Road_Reconstruction,12,2023,EXTERNAL,"{""type"": ""MultiLineString"", ""coordinates"": [[[-79.351284142951, 43.6831358572932], [-79.3514407576483, 43.6835587443497]]]}"
93,2061100, ,2023-02-27,Laneway Reconstruction,[28 m N] THE QUEENSWAY<br> From: STOCK AVE<br> To: [14 m W] STOCK AVE ,"Replacement of the entire laneway pavement structure, including the asphalt, concrete and underlying support materials. Repair, improvement, or replacement of laneway drainage, curbs, and associated areas. Work may include the closure of individual lanes or the entire laneway. Also, includes the replacement of the City-owned portion of substandard water service connections. The property owner is encouraged to replace the private portion of the substandard water service connection, as well.",Q3 2023 - Q4 2024 (Carry-Over),Active,1 - Projects with approved or allocated funding in the Capital Works Program.,Transportation Services,"Thomas Yeung, Engineering and Construction Services",tyeung@toronto.ca,https://www.toronto.ca/services-payments/streets-parking-transportation/road-maintenance/road-sidewalk-repair/,TS_Road_Reconstruction,12,2023,EXTERNAL,"{""type"": ""MultiLineString"", ""coordinates"": [[[-79.5256757754268, 43.6216303502215], [-79.5259372837899, 43.6215817285996]]]}"
94,2061101,None,2023-02-27,Laneway Reconstruction,[30 m N] THE QUEENSWAY<br> From: STOCK AVE<br> To: [43 m E] STOCK AVE ,"Replacement of the entire laneway pavement structure, including the asphalt, concrete and underlying support materials. Repair, improvement, or replacement of laneway drainage, curbs, and associated areas. Work may include the closure of individual lanes or the entire laneway. Also, includes the replacement of the City-owned portion of substandard water service connections. The property owner is encouraged to replace the private portion of the substandard water service connection, as well.",Q3 2023 - Q4 2024 (Carry-Over),Active,1 - Projects with approved or allocated funding in the Capital Works Program.,Transportation Services,"Thomas Yeung, Engineering and Construction Services",tyeung@toronto.ca,https://www.toronto.ca/services-payments/streets-parking-transportation/road-maintenance/road-sidewalk-repair/,TS_Road_Reconstruction,12,2023,EXTERNAL,"{""type"": ""MultiLineString"", ""coordinates"": [[[-79.5256829194399, 43.6216468031882], [-79.5250524048172, 43.6217856997815]]]}"
95,2063172, ,2023-03-01,Laneway Reconstruction,[30.20 m S] QUEEN ST W<br> From: MC DOUGALL LANE<br> To: AUGUSTA AVE ,"Replacement of the entire laneway pavement structure, including the asphalt, concrete and underlying support materials. Repair, improvement, or replacement of laneway drainage, curbs, and associated areas. Work may include the closure of individual lanes or the entire laneway. Also, includes the replacement of the City-owned portion of substandard water service connections. The property owner is encouraged to replace the private portion of the substandard water service connection, as well.",Q4 2023 - Q3 2024 (Carry-Over),Active,1 - Projects with approved or allocated funding in the Capital Works Program.,Transportation Services,"Angela Au, Engineering and Construction Services",aau2@toronto.ca,https://www.toronto.ca/services-payments/streets-parking-transportation/road-maintenance/road-sidewalk-repair/,TS_Road_Reconstruction,12,2023,EXTERNAL,"{""type"": ""MultiLineString"", ""coordinates"": [[[-79.3980235156111, 43.6480057724027], [-79.3982783396768, 43.6479553937663], [-79.3991101075368, 43.6477893085825], [-79.3993904006363, 43.6477258349515], [-79.3995469222143, 43.6477200497012]]]}"
96,2063173, ,2023-03-01,Laneway Reconstruction,MC DOUGALL LANE<br> From: [30 m N] RICHMOND ST W<br> To: QUEEN ST W ,"Replacement of the entire laneway pavement structure, including the asphalt, concrete and underlying support materials. Repair, improvement, or replacement of laneway drainage, curbs, and associated areas. Work may include the closure of individual lanes or the entire laneway. Also, includes the replacement of the City-owned portion of substandard water service connections. The property owner is encouraged to replace the private portion of the substandard water service connection, as well.",Q4 2023 - Q3 2024 (Carry-Over),Active,1 - Projects with approved or allocated funding in the Capital Works Program.,Transportation Services,"Angela Au, Engineering and Construction Services",aau2@toronto.ca,https://www.toronto.ca/services-payments/streets-parking-transportation/road-maintenance/road-sidewalk-repair/,TS_Road_Reconstruction,12,2023,EXTERNAL,"{""type"": ""MultiLineString"", ""coordinates"": [[[-79.3980235156111, 43.6480057724027], [-79.3981780184085, 43.648373696859]]]}"
97,2063174, ,2023-03-01,Laneway Reconstruction,ST PATRICKS SQ<br> From: [45.70 m N] RENFREW PL<br> To: STEPHANIE ST ,"Replacement of the entire laneway pavement structure, including the asphalt, concrete and underlying support materials. Repair, improvement, or replacement of laneway drainage, curbs, and associated areas. Work may include the closure of individual lanes or the entire laneway. Also, includes the replacement of the City-owned portion of substandard water service connections. The property owner is encouraged to replace the private portion of the substandard water service connection, as well.",Q4 2023 - Q3 2024 (Carry-Over),Active,1 - Projects with approved or allocated funding in the Capital Works Program.,Transportation Services,"Angela Au, Engineering and Construction Services",aau2@toronto.ca,https://www.toronto.ca/services-payments/streets-parking-transportation/road-maintenance/road-sidewalk-repair/,TS_Road_Reconstruction,12,2023,EXTERNAL,"{""type"": ""MultiLineString"", ""coordinates"": [[[-79.3906242508324, 43.6509127092287], [-79.3908309523897, 43.6513782860894]]]}"
98,2065817,TR-ECS---16-02003,2023-03-08,Major Road Reconstruction,O'CONNOR DR<br> From: SANDRA RD<br> To: BERMONDSEY RD ,"Replacement of the entire road pavement structure, including the asphalt and underlying support materials. Repair, improvement, or replacement of: road drainage, curbs, boulevards and sidewalks. Work may include the closure of individual lanes or the entire road.  Also, includes the replacement of the City-owned portion of substandard water service connections. The property owner is encouraged to replace the private portion of the substandard water service connection, as well. Also, includes the replacement of the City-owned portion of substandard water service connections. The property owner is encouraged to replace the private portion of the substandard water service connection, as well.",Q4 2022 - Q4 2024,Active,1 - Projects with approved or allocated funding in the Capital Works Program.,Transportation Services,"Joseph Pellegrini, Engineering and Construction Services",jpellegr@toronto.ca,https://www.toronto.ca/services-payments/streets-parking-transportation/road-maintenance/road-sidewalk-repair/,TS_Road_Reconstruction,12,2022,EXTERNAL,"{""type"": ""MultiLineString"", ""coordinates"": [[[-79.3136726855262, 43.7044576140523], [-79.3135201204232, 43.7045977761225], [-79.3130847129912, 43.7050756716494], [-79.3128363040299, 43.7053961785368], [-79.3126801505834, 43.7056074616362], [-79.3124889334561, 43.7058816868981], [-79.3122521684297, 43.7062143452833], [-79.3117374080127, 43.7069201073381], [-79.3112538855924, 43.7075448981528], [-79.3110170223543, 43.7079045485211], [-79.3106585594748, 43.7083450084227], [-79.3095784315773, 43.7097384464085], [-79.3089547374781, 43.7105250343366], [-79.3080324170073, 43.7116801693715], [-79.3074273270774, 43.7124533230489]]]}"
99,2067444, ,2023-03-24,Major Road Reconstruction,BLOOR ST W<br> From: AVENUE RD<br> To: BEDFORD RD ,"Replacement of the entire road pavement structure, including the asphalt and underlying support materials. Repair, improvement, or replacement of: road drainage, curbs, boulevards and sidewalks. Work may include the closure of individual lanes or the entire road.  Also, includes the replacement of the City-owned portion of substandard water service connections. The property owner is encouraged to replace the private portion of the substandard water service connection, as well. Also, includes the replacement of the City-owned portion of substandard water service connections. The property owner is encouraged to replace the private portion of the substandard water service connection, as well.",Q3 2023 - Q4 2024,Active,1 - Projects with approved or allocated funding in the Capital Works Program.,Transportation Services,"Ahmed Bhabha, Engineering and Construction Services",abhabha@toronto.ca,https://www.toronto.ca/services-payments/streets-parking-transportation/road-maintenance/road-sidewalk-repair/,TS_Road_Reconstruction,12,2023,EXTERNAL,"{""type"": ""MultiLineString"", ""coordinates"": [[[-79.3941414134514, 43.6687202589369], [-79.3958757476091, 43.6683327872883], [-79.3973807918684, 43.668033224743]]]}"
100,2067449,TS2023-04-073,2023-03-24,Laneway Reconstruction,[40 m N] PEARSON AVE<br> From: [91.40 m W] SORAUREN AVE<br> To: [374.90 m W] SORAUREN AVE ,"Replacement of the entire laneway pavement structure, including the asphalt, concrete and underlying support materials. Repair, improvement, or replacement of laneway drainage, curbs, and associated areas. Work may include the closure of individual lanes or the entire laneway. Also, includes the replacement of the City-owned portion of substandard water service connections. The property owner is encouraged to replace the private portion of the substandard water service connection, as well.",Q3 2023 - Q4 2024 (Carry-Over),Active,1 - Projects with approved or allocated funding in the Capital Works Program.,Transportation Services,"Rajab Ali, Engineering and Construction Services",rali3@toronto.ca,https://www.toronto.ca/services-payments/streets-parking-transportation/road-maintenance/road-sidewalk-repair/,TS_Road_Reconstruction,12,2023,EXTERNAL,"{""type"": ""MultiLineString"", ""coordinates"": [[[-79.4469541453297, 43.6424504134285], [-79.4468374713761, 43.642521353063], [-79.4435642918778, 43.6431699171929]]]}"
101,2067458, ,2023-03-24,Major Road Reconstruction,BLOOR ST W<br> From: BEDFORD RD<br> To: DEVONSHIRE PL ,"Replacement of the entire road pavement structure, including the asphalt and underlying support materials. Repair, improvement, or replacement of: road drainage, curbs, boulevards and sidewalks. Work may include the closure of individual lanes or the entire road.  Also, includes the replacement of the City-owned portion of substandard water service connections. The property owner is encouraged to replace the private portion of the substandard water service connection, as well. Also, includes the replacement of the City-owned portion of substandard water service connections. The property owner is encouraged to replace the private portion of the substandard water service connection, as well.",Q3 2023 - Q4 2024,Active,1 - Projects with approved or allocated funding in the Capital Works Program.,Transportation Services,"Ahmed Bhabha, Engineering and Construction Services",abhabha@toronto.ca,https://www.toronto.ca/services-payments/streets-parking-transportation/road-maintenance/road-sidewalk-repair/,TS_Road_Reconstruction,12,2023,EXTERNAL,"{""type"": ""MultiLineString"", ""coordinates"": [[[-79.3973807918684, 43.668033224743], [-79.3983645780234, 43.6678316276819]]]}"
102,2067462,TS2023-04-073,2023-03-24,Laneway Reconstruction,[374.90 m W] SORAUREN AVE<br> From: PEARSON AVE<br> To: [40 m N] PEARSON AVE ,"Replacement of the entire laneway pavement structure, including the asphalt, concrete and underlying support materials. Repair, improvement, or replacement of laneway drainage, curbs, and associated areas. Work may include the closure of individual lanes or the entire laneway. Also, includes the replacement of the City-owned portion of substandard water service connections. The property owner is encouraged to replace the private portion of the substandard water service connection, as well.",Q3 2023 - Q4 2024 (Carry-Over),Active,1 - Projects with approved or allocated funding in the Capital Works Program.,Transportation Services,"Rajab Ali, Engineering and Construction Services",rali3@toronto.ca,https://www.toronto.ca/services-payments/streets-parking-transportation/road-maintenance/road-sidewalk-repair/,TS_Road_Reconstruction,12,2023,EXTERNAL,"{""type"": ""MultiLineString"", ""coordinates"": [[[-79.4468157950049, 43.6420409396539], [-79.4469541453297, 43.6424504134285]]]}"
103,2067465, ,2023-03-24,Major Road Reconstruction,BLOOR ST W<br> From: MADISON AVE<br> To: SPADINA RD (TO) ,"Replacement of the entire road pavement structure, including the asphalt and underlying support materials. Repair, improvement, or replacement of: road drainage, curbs, boulevards and sidewalks. Work may include the closure of individual lanes or the entire road.  Also, includes the replacement of the City-owned portion of substandard water service connections. The property owner is encouraged to replace the private portion of the substandard water service connection, as well. Also, includes the replacement of the City-owned portion of substandard water service connections. The property owner is encouraged to replace the private portion of the substandard water service connection, as well.",Q3 2023 - Q4 2024,Active,1 - Projects with approved or allocated funding in the Capital Works Program.,Transportation Services,"Ahmed Bhabha, Engineering and Construction Services",abhabha@toronto.ca,https://www.toronto.ca/services-payments/streets-parking-transportation/road-maintenance/road-sidewalk-repair/,TS_Road_Reconstruction,12,2023,EXTERNAL,"{""type"": ""MultiLineString"", ""coordinates"": [[[-79.402707177037, 43.6669054424105], [-79.4038707378977, 43.6666572968676]]]}"
104,2067484,TS2023-19-039,2023-03-24,Local Road Rehabilitation,NORWAY AVE<br> From: HASLETT AVE<br> To: ELMER AVE ,"Replacement of partial road pavement structure or entire road pavement structure for either partial lane width, full lane width or full road width. This could include the asphalt and underlying support materials. Repair, improvement or replacement of road drainage, damaged sidewalk, boulevards and curbs. Work may include the closure of individual lanes or the entire road.",Q1 2024 - Q4 2024,Active,None,Transportation Services,"Angela Au, Engineering and Construction Services",aau2@toronto.ca,https://www.toronto.ca/services-payments/streets-parking-transportation/road-maintenance/road-sidewalk-repair/,TS_Road_Reconstruction,12,2023,EXTERNAL,"{""type"": ""MultiLineString"", ""coordinates"": [[[-79.3059653343488, 43.6724793068433], [-79.3053591038183, 43.6726068691167], [-79.3052757367934, 43.6726204451522], [-79.3051627144702, 43.6726813085455], [-79.3049677584033, 43.6728261494314]]]}"
105,2067509, ,2023-03-24,Major Road Reconstruction,BLOOR ST W<br> From: DEVONSHIRE PL<br> To: ST GEORGE ST (TO) ,"Replacement of the entire road pavement structure, including the asphalt and underlying support materials. Repair, improvement, or replacement of: road drainage, curbs, boulevards and sidewalks. Work may include the closure of individual lanes or the entire road.  Also, includes the replacement of the City-owned portion of substandard water service connections. The property owner is encouraged to replace the private portion of the substandard water service connection, as well. Also, includes the replacement of the City-owned portion of substandard water service connections. The property owner is encouraged to replace the private portion of the substandard water service connection, as well.",Q3 2023 - Q4 2024,Active,1 - Projects with approved or allocated funding in the Capital Works Program.,Transportation Services,"Ahmed Bhabha, Engineering and Construction Services",abhabha@toronto.ca,https://www.toronto.ca/services-payments/streets-parking-transportation/road-maintenance/road-sidewalk-repair/,TS_Road_Reconstruction,12,2023,EXTERNAL,"{""type"": ""MultiLineString"", ""coordinates"": [[[-79.3983645780234, 43.6678316276819], [-79.3998364772234, 43.6675168810616]]]}"
106,2067512, ,2023-03-24,Laneway Reconstruction,[40 m N] PEARSON AVE<br> From: [61.30 m W] SORAUREN AVE<br> To: [91.40 m W] SORAUREN AVE ,"Replacement of the entire laneway pavement structure, including the asphalt, concrete and underlying support materials. Repair, improvement, or replacement of laneway drainage, curbs, and associated areas. Work may include the closure of individual lanes or the entire laneway. Also, includes the replacement of the City-owned portion of substandard water service connections. The property owner is encouraged to replace the private portion of the substandard water service connection, as well.",Q3 2023 - Q4 2024 (Carry-Over),Active,1 - Projects with approved or allocated funding in the Capital Works Program.,Transportation Services,"Rajab Ali, Engineering and Construction Services",rali3@toronto.ca,https://www.toronto.ca/services-payments/streets-parking-transportation/road-maintenance/road-sidewalk-repair/,TS_Road_Reconstruction,12,2023,EXTERNAL,"{""type"": ""MultiLineString"", ""coordinates"": [[[-79.4435642918778, 43.6431699171929], [-79.443223785419, 43.6432373938989]]]}"
107,2067515,TS2023-04-074,2023-03-24,Laneway Reconstruction,[91.40 m W] SORAUREN AVE<br> From: PEARSON AVE<br> To: [40 m N] PEARSON AVE ,"Replacement of the entire laneway pavement structure, including the asphalt, concrete and underlying support materials. Repair, improvement, or replacement of laneway drainage, curbs, and associated areas. Work may include the closure of individual lanes or the entire laneway. Also, includes the replacement of the City-owned portion of substandard water service connections. The property owner is encouraged to replace the private portion of the substandard water service connection, as well.",Q3 2023 - Q4 2024 (Carry-Over),Active,1 - Projects with approved or allocated funding in the Capital Works Program.,Transportation Services,"Rajab Ali, Engineering and Construction Services",rali3@toronto.ca,https://www.toronto.ca/services-payments/streets-parking-transportation/road-maintenance/road-sidewalk-repair/,TS_Road_Reconstruction,12,2023,EXTERNAL,"{""type"": ""MultiLineString"", ""coordinates"": [[[-79.4434135375464, 43.6427268040992], [-79.4435642918778, 43.6431699171929]]]}"
108,2067516, ,2023-03-24,Major Road Reconstruction,BLOOR ST W<br> From: ST GEORGE ST (TO)<br> To: HURON ST ,"Replacement of the entire road pavement structure, including the asphalt and underlying support materials. Repair, improvement, or replacement of: road drainage, curbs, boulevards and sidewalks. Work may include the closure of individual lanes or the entire road.  Also, includes the replacement of the City-owned portion of substandard water service connections. The property owner is encouraged to replace the private portion of the substandard water service connection, as well. Also, includes the replacement of the City-owned portion of substandard water service connections. The property owner is encouraged to replace the private portion of the substandard water service connection, as well.",Q3 2023 - Q4 2024,Active,1 - Projects with approved or allocated funding in the Capital Works Program.,Transportation Services,"Ahmed Bhabha, Engineering and Construction Services",abhabha@toronto.ca,https://www.toronto.ca/services-payments/streets-parking-transportation/road-maintenance/road-sidewalk-repair/,TS_Road_Reconstruction,12,2023,EXTERNAL,"{""type"": ""MultiLineString"", ""coordinates"": [[[-79.3998364772234, 43.6675168810616], [-79.4015389554648, 43.6671618623126]]]}"
109,2067529, ,2023-03-24,Major Road Reconstruction,BLOOR ST W<br> From: HURON ST<br> To: MADISON AVE ,"Replacement of the entire road pavement structure, including the asphalt and underlying support materials. Repair, improvement, or replacement of: road drainage, curbs, boulevards and sidewalks. Work may include the closure of individual lanes or the entire road.  Also, includes the replacement of the City-owned portion of substandard water service connections. The property owner is encouraged to replace the private portion of the substandard water service connection, as well. Also, includes the replacement of the City-owned portion of substandard water service connections. The property owner is encouraged to replace the private portion of the substandard water service connection, as well.",Q3 2023 - Q4 2024,Active,1 - Projects with approved or allocated funding in the Capital Works Program.,Transportation Services,"Ahmed Bhabha, Engineering and Construction Services",abhabha@toronto.ca,https://www.toronto.ca/services-payments/streets-parking-transportation/road-maintenance/road-sidewalk-repair/,TS_Road_Reconstruction,12,2023,EXTERNAL,"{""type"": ""MultiLineString"", ""coordinates"": [[[-79.4015389554648, 43.6671618623126], [-79.402707177037, 43.6669054424105]]]}"
110,2073829, ,2023-05-08,Laneway Reconstruction,[42.80 m N] SULLIVAN ST<br> From: HURON ST<br> To: [42.70 m E] SPADINA AVE ,"Replacement of the entire laneway pavement structure, including the asphalt, concrete and underlying support materials. Repair, improvement, or replacement of laneway drainage, curbs, and associated areas. Work may include the closure of individual lanes or the entire laneway. Also, includes the replacement of the City-owned portion of substandard water service connections. The property owner is encouraged to replace the private portion of the substandard water service connection, as well.",Q4 2023 - Q3 2024 (Carry-Over),Active,1 - Projects with approved or allocated funding in the Capital Works Program.,Transportation Services,"Angela Au, Engineering and Construction Services",aau2@toronto.ca,https://www.toronto.ca/services-payments/streets-parking-transportation/road-maintenance/road-sidewalk-repair/,TS_Road_Reconstruction,12,2023,EXTERNAL,"{""type"": ""MultiLineString"", ""coordinates"": [[[-79.3955234813765, 43.651772780947], [-79.3966359524551, 43.6515392258563]]]}"
111,2073832, ,2023-05-08,Laneway Reconstruction,[35.80 m S] WELLINGTON ST W<br> From: WINDSOR ST (TO)<br> To: BLUE JAYS WAY ,"Replacement of the entire laneway pavement structure, including the asphalt, concrete and underlying support materials. Repair, improvement, or replacement of laneway drainage, curbs, and associated areas. Work may include the closure of individual lanes or the entire laneway. Also, includes the replacement of the City-owned portion of substandard water service connections. The property owner is encouraged to replace the private portion of the substandard water service connection, as well.",Q4 2023 - Q3 2024 (Carry-Over),Active,1 - Projects with approved or allocated funding in the Capital Works Program.,Transportation Services,"Angela Au, Engineering and Construction Services",aau2@toronto.ca,https://www.toronto.ca/services-payments/streets-parking-transportation/road-maintenance/road-sidewalk-repair/,TS_Road_Reconstruction,12,2023,EXTERNAL,"{""type"": ""MultiLineString"", ""coordinates"": [[[-79.3903419522215, 43.6445631281702], [-79.3916201495024, 43.6442937299503]]]}"
112,2073839, ,2023-05-08,Laneway Reconstruction,[39 m W] BATHURST ST<br> From: [152.40 m N] ROBINSON ST<br> To: [228.60 m N] ROBINSON ST ,"Replacement of the entire laneway pavement structure, including the asphalt, concrete and underlying support materials. Repair, improvement, or replacement of laneway drainage, curbs, and associated areas. Work may include the closure of individual lanes or the entire laneway. Also, includes the replacement of the City-owned portion of substandard water service connections. The property owner is encouraged to replace the private portion of the substandard water service connection, as well.",Q4 2023 - Q3 2024 (Carry-Over),Active,1 - Projects with approved or allocated funding in the Capital Works Program.,Transportation Services,"Angela Au, Engineering and Construction Services",aau2@toronto.ca,https://www.toronto.ca/services-payments/streets-parking-transportation/road-maintenance/road-sidewalk-repair/,TS_Road_Reconstruction,12,2023,EXTERNAL,"{""type"": ""MultiLineString"", ""coordinates"": [[[-79.4057876723963, 43.6501181866363], [-79.4060385699352, 43.6507353103899]]]}"
113,2073845, ,2023-05-08,Laneway Reconstruction,[30.50 m N] DANFORTH AVE<br> From: [118.90 m W] ELLERBECK ST<br> To: ELLERBECK ST ,"Replacement of the entire laneway pavement structure, including the asphalt, concrete and underlying support materials. Repair, improvement, or replacement of laneway drainage, curbs, and associated areas. Work may include the closure of individual lanes or the entire laneway. Also, includes the replacement of the City-owned portion of substandard water service connections. The property owner is encouraged to replace the private portion of the substandard water service connection, as well.",Q4 2023 - Q3 2024 (Carry-Over),Active,1 - Projects with approved or allocated funding in the Capital Works Program.,Transportation Services,"Angela Au, Engineering and Construction Services",aau2@toronto.ca,https://www.toronto.ca/services-payments/streets-parking-transportation/road-maintenance/road-sidewalk-repair/,TS_Road_Reconstruction,12,2023,EXTERNAL,"{""type"": ""MultiLineString"", ""coordinates"": [[[-79.3565343325179, 43.6770716136448], [-79.3581389730657, 43.6767915959931]]]}"
114,2075372, ,2023-05-09,Local Road Rehabilitation,ROSLIN AVE<br> From: RONAN AVE<br> To: [230 m E] RONAN AVE [END] ,"Replacement of partial road pavement structure or entire road pavement structure for either partial lane width, full lane width or full road width. This could include the asphalt and underlying support materials. Repair, improvement or replacement of road drainage, damaged sidewalk, boulevards and curbs. Work may include the closure of individual lanes or the entire road.",Q2 2026 - Q4 2026,Active,None,Transportation Services,"Osa Ehioghiren, Engineering and Construction Services",oehiogh@toronto.ca,https://www.toronto.ca/services-payments/streets-parking-transportation/road-maintenance/road-sidewalk-repair/,TS_Road_Reconstruction,12,2026,EXTERNAL,"{""type"": ""MultiLineString"", ""coordinates"": [[[-79.3956034387069, 43.7309998740782], [-79.3930131069614, 43.7315380028924], [-79.3928150263147, 43.731587846165], [-79.3927290919417, 43.7316280010566]]]}"
115,2076498,2581897.5,2023-05-12,Major Road Rehabilitation,HUNTINGWOOD DR<br> From: WARDEN AVE<br> To: BIRCHMOUNT RD ,"Replacement of partial road pavement structure or entire road pavement structure for either partial lane width, full lane width or full road width. This could include the asphalt and underlying support materials. Repair, improvement or replacement of road drainage, damaged sidewalk, boulevards and curbs. Work may include the closure of individual lanes or the entire road.",Q3 2023 - Q4 2024,Active,None,Transportation Services,"Shams Khan, Engineering and Construction Services",skhan5@toronto.ca,https://www.toronto.ca/services-payments/streets-parking-transportation/road-maintenance/road-sidewalk-repair/,TS_Road_Reconstruction,12,2023,EXTERNAL,"{""type"": ""MultiLineString"", ""coordinates"": [[[-79.3109527551133, 43.7854778687243], [-79.3099052161379, 43.7857281542978], [-79.3092228948105, 43.78589803916], [-79.3090316682844, 43.7859607278187], [-79.3088878445679, 43.7860144942855], [-79.3087493926993, 43.7860862718489], [-79.3086327120986, 43.7861490845543], [-79.3085051434923, 43.786220880042], [-79.3084343291096, 43.7862657670935], [-79.3083377226691, 43.7863646177167], [-79.3082691123824, 43.7864545140807], [-79.3082129428284, 43.786535430135], [-79.3081349437311, 43.7866433039467], [-79.3080615583808, 43.7867691967395], [-79.308030179934, 43.7868681566165], [-79.3080111395984, 43.7869941496399], [-79.3079647823592, 43.7871650754734], [-79.3078871078919, 43.7876599987701], [-79.3078874870549, 43.7877860153946], [-79.3078404902271, 43.7879119433718], [-79.3078136836244, 43.7880379142803], [-79.3078086205179, 43.7881639217452], [-79.3077569349934, 43.7882988519373], [-79.307696700881, 43.7884337587185], [-79.3076443311467, 43.7885416752789], [-79.3075795774751, 43.7886405788253], [-79.3075187331214, 43.7887214866364], [-79.3074282635397, 43.7888383400616], [-79.3073277457473, 43.7889461843352], [-79.3072521231972, 43.7890360772271], [-79.3071097857841, 43.7891078372108], [-79.307006206211, 43.7891976647487], [-79.3068980371912, 43.7892695091618], [-79.3067238821424, 43.7893322047595], [-79.3066286005538, 43.78937998366], [-79.3065986570071, 43.7893950009015], [-79.3064376552703, 43.7894667464611], [-79.3062378950275, 43.7895204058109], [-79.3059837282666, 43.7895919927464], [-79.3055827109523, 43.7896813136843], [-79.3037820088616, 43.7900923067722], [-79.3022952561167, 43.7904407980003]]]}"
116,2076502,2301198.9,2023-05-12,Major Road Rehabilitation,HUNTINGWOOD DR<br> From: PHARMACY AVE<br> To: WARDEN AVE ,"Replacement of partial road pavement structure or entire road pavement structure for either partial lane width, full lane width or full road width. This could include the asphalt and underlying support materials. Repair, improvement or replacement of road drainage, damaged sidewalk, boulevards and curbs. Work may include the closure of individual lanes or the entire road.",Q3 2023 - Q4 2024,Active,None,Transportation Services,"Shams Khan, Engineering and Construction Services",skhan5@toronto.ca,https://www.toronto.ca/services-payments/streets-parking-transportation/road-maintenance/road-sidewalk-repair/,TS_Road_Reconstruction,12,2023,EXTERNAL,"{""type"": ""MultiLineString"", ""coordinates"": [[[-79.3201649893357, 43.7816761489798], [-79.3198712535263, 43.7817476956371], [-79.3196925290277, 43.7817924195818], [-79.3194850266666, 43.7818551091026], [-79.3193482042118, 43.7819088998318], [-79.319254837147, 43.7819717602772], [-79.3190900067089, 43.7820435087027], [-79.3189849314429, 43.7821243526951], [-79.3188503076887, 43.7822231520624], [-79.3187281072087, 43.7823219709735], [-79.3186012350005, 43.7824207823377], [-79.3184315381335, 43.782564531287], [-79.318291389073, 43.7826903246606], [-79.3181964394049, 43.7827621918675], [-79.317325298298, 43.7834898779437], [-79.3171892401, 43.7835804819919], [-79.3170459256139, 43.7836874563516], [-79.3168770892041, 43.783795199744], [-79.3166902360758, 43.7839236526353], [-79.3164857620763, 43.7840286019328], [-79.3162485760507, 43.7841452357719], [-79.3160938243995, 43.7842170050522], [-79.3159352361215, 43.7842797577947], [-79.315873842982, 43.7842976612018], [-79.3156437753845, 43.7843692995107], [-79.3153188899053, 43.7844677966255], [-79.3152292778203, 43.7844907577349], [-79.314934988508, 43.7845661972705], [-79.3144369541614, 43.7846734125247], [-79.3129513073958, 43.7850130613847], [-79.3124104666322, 43.7851472101745], [-79.3109527551133, 43.7854778687243]]]}"
117,2076503,2423011.5,2023-05-12,Major Road Rehabilitation,HUNTINGWOOD DR<br> From: BIRCHMOUNT RD<br> To: KENNEDY RD ,"Replacement of partial road pavement structure or entire road pavement structure for either partial lane width, full lane width or full road width. This could include the asphalt and underlying support materials. Repair, improvement or replacement of road drainage, damaged sidewalk, boulevards and curbs. Work may include the closure of individual lanes or the entire road.",Q3 2023 - Q4 2024,Active,None,Transportation Services,"Shams Khan, Engineering and Construction Services",skhan5@toronto.ca,https://www.toronto.ca/services-payments/streets-parking-transportation/road-maintenance/road-sidewalk-repair/,TS_Road_Reconstruction,12,2023,EXTERNAL,"{""type"": ""MultiLineString"", ""coordinates"": [[[-79.3022952561167, 43.7904407980003], [-79.3014854221839, 43.7906374282849], [-79.3005420216085, 43.790833819806], [-79.2993832707996, 43.7911108359582], [-79.2988353919822, 43.7912358888597], [-79.2986014433317, 43.7912985028031], [-79.2984708059112, 43.7913522703415], [-79.2981076077322, 43.791513649787], [-79.2978934973713, 43.7916842929439], [-79.2976932128643, 43.791899965844], [-79.2974942549251, 43.7921786576792], [-79.297261609633, 43.7925562838753], [-79.2965886654478, 43.7936172128951], [-79.2963818692515, 43.7939138820203], [-79.2962290502283, 43.7940936322951], [-79.2960366280931, 43.79427330269], [-79.2957704485398, 43.7944438578515], [-79.2955649806245, 43.7945785074756], [-79.2952663821198, 43.7946859865452], [-79.2948901182437, 43.7947933344797], [-79.2947670155222, 43.7948208549742], [-79.2946903856224, 43.7948379815122], [-79.2934513560152, 43.7951507975919]]]}"
118,2077378, ,2023-05-19,Local Road Reconstruction,AMHERST AVE<br> From: WESTMOUNT AVE<br> To: NORTHCLIFFE BLVD ,"Replacement of the entire road pavement structure, including the asphalt and underlying support materials. Repair, improvement, or replacement of: road drainage, curbs, boulevards and sidewalks. Work may include the closure of individual lanes or the entire road.  Also, includes the replacement of the City-owned portion of substandard water service connections. The property owner is encouraged to replace the private portion of the substandard water service connection, as well. Also, includes the replacement of the City-owned portion of substandard water service connections. The property owner is encouraged to replace the private portion of the substandard water service connection, as well.",Q1 2025 - Q3 2025,Active,1 - Projects with approved or allocated funding in the Capital Works Program.,Transportation Services,"Marfique Ahmed, Engineering and Construction Services",mahmed2@toronto.ca,https://www.toronto.ca/services-payments/streets-parking-transportation/road-maintenance/road-sidewalk-repair/,TS_Road_Reconstruction,12,2024,EXTERNAL,"{""type"": ""MultiLineString"", ""coordinates"": [[[-79.4457500166615, 43.6904886806941], [-79.4468253387284, 43.6902652606882]]]}"
119,2077379, ,2023-05-19,Local Road Reconstruction,HOPEWELL AVE<br> From: Jimmy Wisdom Way<br> To: DUFFERIN ST ,"Replacement of the entire road pavement structure, including the asphalt and underlying support materials. Repair, improvement, or replacement of: road drainage, curbs, boulevards and sidewalks. Work may include the closure of individual lanes or the entire road.  Also, includes the replacement of the City-owned portion of substandard water service connections. The property owner is encouraged to replace the private portion of the substandard water service connection, as well. Also, includes the replacement of the City-owned portion of substandard water service connections. The property owner is encouraged to replace the private portion of the substandard water service connection, as well.",Q1 2025 - Q3 2025,Active,1 - Projects with approved or allocated funding in the Capital Works Program.,Transportation Services,"Marfique Ahmed, Engineering and Construction Services",mahmed2@toronto.ca,https://www.toronto.ca/services-payments/streets-parking-transportation/road-maintenance/road-sidewalk-repair/,TS_Road_Reconstruction,12,2024,EXTERNAL,"{""type"": ""MultiLineString"", ""coordinates"": [[[-79.4485519819516, 43.6993205124111], [-79.4500749112928, 43.6990174843923], [-79.4502373228659, 43.6989758432608], [-79.4503977100484, 43.6989214552011], [-79.4505394822046, 43.6988579765666], [-79.4506672631372, 43.6988203344061], [-79.450925662867, 43.6987636295258], [-79.4513054333962, 43.6986934739017]]]}"
120,2077380, ,2023-05-19,Local Road Reconstruction,AMHERST AVE<br> From: GLENHOLME AVE<br> To: LAUDER AVE ,"Replacement of the entire road pavement structure, including the asphalt and underlying support materials. Repair, improvement, or replacement of: road drainage, curbs, boulevards and sidewalks. Work may include the closure of individual lanes or the entire road.  Also, includes the replacement of the City-owned portion of substandard water service connections. The property owner is encouraged to replace the private portion of the substandard water service connection, as well. Also, includes the replacement of the City-owned portion of substandard water service connections. The property owner is encouraged to replace the private portion of the substandard water service connection, as well.",Q1 2025 - Q3 2025,Active,1 - Projects with approved or allocated funding in the Capital Works Program.,Transportation Services,"Marfique Ahmed, Engineering and Construction Services",mahmed2@toronto.ca,https://www.toronto.ca/services-payments/streets-parking-transportation/road-maintenance/road-sidewalk-repair/,TS_Road_Reconstruction,12,2024,EXTERNAL,"{""type"": ""MultiLineString"", ""coordinates"": [[[-79.4434416205023, 43.6907768725402], [-79.4445525376391, 43.6905352909096]]]}"
121,2077381, ,2023-05-19,Local Road Reconstruction,HOPEWELL AVE<br> From: MARLEE AVE<br> To: TIMES RD ,"Replacement of the entire road pavement structure, including the asphalt and underlying support materials. Repair, improvement, or replacement of: road drainage, curbs, boulevards and sidewalks. Work may include the closure of individual lanes or the entire road.  Also, includes the replacement of the City-owned portion of substandard water service connections. The property owner is encouraged to replace the private portion of the substandard water service connection, as well. Also, includes the replacement of the City-owned portion of substandard water service connections. The property owner is encouraged to replace the private portion of the substandard water service connection, as well.",Q1 2025 - Q3 2025,Active,1 - Projects with approved or allocated funding in the Capital Works Program.,Transportation Services,"Marfique Ahmed, Engineering and Construction Services",mahmed2@toronto.ca,https://www.toronto.ca/services-payments/streets-parking-transportation/road-maintenance/road-sidewalk-repair/,TS_Road_Reconstruction,12,2024,EXTERNAL,"{""type"": ""MultiLineString"", ""coordinates"": [[[-79.4406106438841, 43.7010844331051], [-79.4434479003962, 43.7004764312607], [-79.4452426946042, 43.7000898089268], [-79.4453636742296, 43.7000476688039], [-79.4454423381802, 43.7000148156898], [-79.4455025538541, 43.6999812246235], [-79.4456050724936, 43.6999383463373]]]}"
122,2077382, ,2023-05-19,Local Road Reconstruction,AMHERST AVE<br> From: LAUDER AVE<br> To: NORTHCLIFFE BLVD ,"Replacement of the entire road pavement structure, including the asphalt and underlying support materials. Repair, improvement, or replacement of: road drainage, curbs, boulevards and sidewalks. Work may include the closure of individual lanes or the entire road.  Also, includes the replacement of the City-owned portion of substandard water service connections. The property owner is encouraged to replace the private portion of the substandard water service connection, as well. Also, includes the replacement of the City-owned portion of substandard water service connections. The property owner is encouraged to replace the private portion of the substandard water service connection, as well.",Q1 2025 - Q3 2025,Active,1 - Projects with approved or allocated funding in the Capital Works Program.,Transportation Services,"Marfique Ahmed, Engineering and Construction Services",mahmed2@toronto.ca,https://www.toronto.ca/services-payments/streets-parking-transportation/road-maintenance/road-sidewalk-repair/,TS_Road_Reconstruction,12,2024,EXTERNAL,"{""type"": ""MultiLineString"", ""coordinates"": [[[-79.4446388173265, 43.6907330372263], [-79.4457500166615, 43.6904886806941]]]}"
123,2077383, ,2023-05-19,Local Road Reconstruction,CLOVELLY AVE<br> From: OAKWOOD AVE<br> To: GLENHOLME AVE ,"Replacement of the entire road pavement structure, including the asphalt and underlying support materials. Repair, improvement, or replacement of: road drainage, curbs, boulevards and sidewalks. Work may include the closure of individual lanes or the entire road.  Also, includes the replacement of the City-owned portion of substandard water service connections. The property owner is encouraged to replace the private portion of the substandard water service connection, as well. Also, includes the replacement of the City-owned portion of substandard water service connections. The property owner is encouraged to replace the private portion of the substandard water service connection, as well.",Q1 2025 - Q3 2025,Active,1 - Projects with approved or allocated funding in the Capital Works Program.,Transportation Services,"Marfique Ahmed, Engineering and Construction Services",mahmed2@toronto.ca,https://www.toronto.ca/services-payments/streets-parking-transportation/road-maintenance/road-sidewalk-repair/,TS_Road_Reconstruction,12,2024,EXTERNAL,"{""type"": ""MultiLineString"", ""coordinates"": [[[-79.4418148944424, 43.6949869783868], [-79.4422965097184, 43.694883644673], [-79.4443384983477, 43.69444560127]]]}"
124,2077384, ,2023-05-19,Local Road Reconstruction,GIBSON ST<br> From: DUFFERIN ST<br> To: WESTMOUNT AVE ,"Replacement of the entire road pavement structure, including the asphalt and underlying support materials. Repair, improvement, or replacement of: road drainage, curbs, boulevards and sidewalks. Work may include the closure of individual lanes or the entire road.  Also, includes the replacement of the City-owned portion of substandard water service connections. The property owner is encouraged to replace the private portion of the substandard water service connection, as well. Also, includes the replacement of the City-owned portion of substandard water service connections. The property owner is encouraged to replace the private portion of the substandard water service connection, as well.",Q1 2025 - Q3 2025,Active,1 - Projects with approved or allocated funding in the Capital Works Program.,Transportation Services,"Marfique Ahmed, Engineering and Construction Services",mahmed2@toronto.ca,https://www.toronto.ca/services-payments/streets-parking-transportation/road-maintenance/road-sidewalk-repair/,TS_Road_Reconstruction,12,2024,EXTERNAL,"{""type"": ""MultiLineString"", ""coordinates"": [[[-79.4470016736143, 43.6905738260586], [-79.4470617963166, 43.6905918925185], [-79.4471245094151, 43.6905842794432], [-79.4471920800011, 43.6905684413916], [-79.4480879106436, 43.6903913731468]]]}"
125,2081338, ,2023-06-29,Local Road Reconstruction,DOVER AVE<br> From: BROWNS LINE<br> To: LLOYD GEORGE AVE ,"Replacement of the entire road pavement structure, including the asphalt and underlying support materials. Repair, improvement, or replacement of: road drainage, curbs, boulevards and sidewalks. Work may include the closure of individual lanes or the entire road.  Also, includes the replacement of the City-owned portion of substandard water service connections. The property owner is encouraged to replace the private portion of the substandard water service connection, as well. Also, includes the replacement of the City-owned portion of substandard water service connections. The property owner is encouraged to replace the private portion of the substandard water service connection, as well.",Q2 2026 - Q4 2026,Active,1 - Projects with approved or allocated funding in the Capital Works Program.,Transportation Services,"Fulvio Naccarato, Engineering and Construction Services",fnaccar@toronto.ca,https://www.toronto.ca/services-payments/streets-parking-transportation/road-maintenance/road-sidewalk-repair/,TS_Road_Reconstruction,12,2026,EXTERNAL,"{""type"": ""MultiLineString"", ""coordinates"": [[[-79.5425606012546, 43.5957686217531], [-79.5429486563024, 43.595678426149], [-79.5430568533247, 43.5956595274185], [-79.5445517076927, 43.5953195100556]]]}"
126,2081445, ,2023-06-30,Local Road Reconstruction,QUEEN ELIZABETH BLVD<br> From: ROYAL YORK RD<br> To: CANMOTOR AVE ,"Replacement of the entire road pavement structure, including the asphalt and underlying support materials. Repair, improvement, or replacement of: road drainage, curbs, boulevards and sidewalks. Work may include the closure of individual lanes or the entire road.  Also, includes the replacement of the City-owned portion of substandard water service connections. The property owner is encouraged to replace the private portion of the substandard water service connection, as well. Also, includes the replacement of the City-owned portion of substandard water service connections. The property owner is encouraged to replace the private portion of the substandard water service connection, as well.",Q2 2026 - Q4 2026,Active,1 - Projects with approved or allocated funding in the Capital Works Program.,Transportation Services,"Fulvio Naccarato, Engineering and Construction Services",fnaccar@toronto.ca,https://www.toronto.ca/services-payments/streets-parking-transportation/road-maintenance/road-sidewalk-repair/,TS_Road_Reconstruction,12,2026,EXTERNAL,"{""type"": ""MultiLineString"", ""coordinates"": [[[-79.5015477710827, 43.6238160727854], [-79.5020562352623, 43.6236925925201], [-79.5021505056679, 43.6236697002165], [-79.502234280891, 43.6236498595165], [-79.5023456377446, 43.6236095399991], [-79.5024104657441, 43.6235604179907], [-79.5024346873495, 43.6234892163737], [-79.5024231724909, 43.6233996346468], [-79.5024121044078, 43.6233267055054], [-79.502388322328, 43.6232314621474], [-79.5023765495012, 43.6231957898276], [-79.5023476743835, 43.6230885206883], [-79.5023915618077, 43.6230560247085], [-79.5024931661381, 43.623023851518], [-79.5059383051704, 43.6222961048907], [-79.5086603410738, 43.621726673163], [-79.5104959098479, 43.6213926571927], [-79.5115732653795, 43.6211650516346], [-79.5117278700206, 43.6211414431896], [-79.5120476135314, 43.62110744763], [-79.5121870687697, 43.6211063526797], [-79.512298842126, 43.6210982664469], [-79.512585697999, 43.6211110442295], [-79.5126262047751, 43.6211211663464], [-79.5127254614435, 43.6211613196212], [-79.5127903502467, 43.6212174991651], [-79.5128860899754, 43.6213817010864], [-79.5129525595682, 43.6215272553277], [-79.5129642816763, 43.6217029524579], [-79.5129053059278, 43.621894383041], [-79.5128157836966, 43.6220136077361], [-79.5126016092305, 43.6222467319541], [-79.512547052074, 43.6223629821079], [-79.5125368349113, 43.6224478304773], [-79.5125415395663, 43.6225485106805], [-79.5125764326865, 43.6226699988132], [-79.5127198845644, 43.6230366191617], [-79.5127314328539, 43.6230950639955], [-79.5127345122172, 43.6231841325487], [-79.512706710181, 43.6232585322483], [-79.5126600544169, 43.6232997548541], [-79.5126288101251, 43.6233273206093], [-79.5125609765846, 43.6233615604222], [-79.5124218218904, 43.6234032881332], [-79.5123754575981, 43.6234171823279], [-79.5114369659292, 43.6236306763488]]]}"
127,2081446, ,2023-06-30,Laneway Reconstruction,[195.70 m N] DAVENPORT RD<br> From: ST CLARENS AVE<br> To: [36.10 m W] ST CLARENS AVE ,"Replacement of the entire laneway pavement structure, including the asphalt, concrete and underlying support materials. Repair, improvement, or replacement of laneway drainage, curbs, and associated areas. Work may include the closure of individual lanes or the entire laneway. Also, includes the replacement of the City-owned portion of substandard water service connections. The property owner is encouraged to replace the private portion of the substandard water service connection, as well.",Q2 2026 - Q4 2027,Active,1 - Projects with approved or allocated funding in the Capital Works Program.,Transportation Services,"Adriana Gomez, Engineering and Construction Services",AGOMEZ4@toronto.ca,https://www.toronto.ca/services-payments/streets-parking-transportation/road-maintenance/road-sidewalk-repair/,TS_Road_Reconstruction,12,2026,EXTERNAL,"{""type"": ""MultiLineString"", ""coordinates"": [[[-79.448182713631, 43.6734808147367], [-79.4487804313447, 43.673349970823]]]}"
128,2081447, ,2023-06-30,Laneway Reconstruction,[28.70 m N] SPRINGHURST AVE<br> From: COWAN AVE<br> To: DUNN AVE ,"Replacement of the entire laneway pavement structure, including the asphalt, concrete and underlying support materials. Repair, improvement, or replacement of laneway drainage, curbs, and associated areas. Work may include the closure of individual lanes or the entire laneway. Also, includes the replacement of the City-owned portion of substandard water service connections. The property owner is encouraged to replace the private portion of the substandard water service connection, as well.",Q2 2026 - Q4 2027,Active,1 - Projects with approved or allocated funding in the Capital Works Program.,Transportation Services,"Adriana Gomez, Engineering and Construction Services",AGOMEZ4@toronto.ca,https://www.toronto.ca/services-payments/streets-parking-transportation/road-maintenance/road-sidewalk-repair/,TS_Road_Reconstruction,12,2026,EXTERNAL,"{""type"": ""MultiLineString"", ""coordinates"": [[[-79.4304991291655, 43.6343040130626], [-79.43187364542, 43.6340241772143]]]}"
129,2081453, ,2023-06-30,Laneway Reconstruction,[33.50 m W] DUFFERIN ST<br> From: WALLACE AVE<br> To: ARMSTRONG AVE ,"Replacement of the entire laneway pavement structure, including the asphalt, concrete and underlying support materials. Repair, improvement, or replacement of laneway drainage, curbs, and associated areas. Work may include the closure of individual lanes or the entire laneway. Also, includes the replacement of the City-owned portion of substandard water service connections. The property owner is encouraged to replace the private portion of the substandard water service connection, as well.",Q2 2026 - Q4 2027,Active,1 - Projects with approved or allocated funding in the Capital Works Program.,Transportation Services,"Adriana Gomez, Engineering and Construction Services",AGOMEZ4@toronto.ca,https://www.toronto.ca/services-payments/streets-parking-transportation/road-maintenance/road-sidewalk-repair/,TS_Road_Reconstruction,12,2026,EXTERNAL,"{""type"": ""MultiLineString"", ""coordinates"": [[[-79.4375930489394, 43.6637435715708], [-79.4377521932244, 43.6641522741532], [-79.4379324125262, 43.6646151669866]]]}"
130,2081454, ,2023-06-30,Local Road Reconstruction,SINCLAIR ST<br> From: DAYTON AVE<br> To: [45 m W] DAYTON AVE [END] ,"Replacement of the entire road pavement structure, including the asphalt and underlying support materials. Repair, improvement, or replacement of: road drainage, curbs, boulevards and sidewalks. Work may include the closure of individual lanes or the entire road.  Also, includes the replacement of the City-owned portion of substandard water service connections. The property owner is encouraged to replace the private portion of the substandard water service connection, as well. Also, includes the replacement of the City-owned portion of substandard water service connections. The property owner is encouraged to replace the private portion of the substandard water service connection, as well.",Q2 2026 - Q4 2026,Active,1 - Projects with approved or allocated funding in the Capital Works Program.,Transportation Services,"Fulvio Naccarato, Engineering and Construction Services",fnaccar@toronto.ca,https://www.toronto.ca/services-payments/streets-parking-transportation/road-maintenance/road-sidewalk-repair/,TS_Road_Reconstruction,12,2026,EXTERNAL,"{""type"": ""MultiLineString"", ""coordinates"": [[[-79.5031644573602, 43.6242113360784], [-79.5037501554937, 43.6240865409202]]]}"
131,2081455, ,2023-06-30,Local Road Reconstruction,TOFFEE CRT<br> From: NEW TORONTO ST<br> To: [128 m S] NEW TORONTO ST [CUL-DE-SAC] ,"Replacement of the entire road pavement structure, including the asphalt and underlying support materials. Repair, improvement, or replacement of: road drainage, curbs, boulevards and sidewalks. Work may include the closure of individual lanes or the entire road.  Also, includes the replacement of the City-owned portion of substandard water service connections. The property owner is encouraged to replace the private portion of the substandard water service connection, as well. Also, includes the replacement of the City-owned portion of substandard water service connections. The property owner is encouraged to replace the private portion of the substandard water service connection, as well.",Q2 2026 - Q4 2026,Active,1 - Projects with approved or allocated funding in the Capital Works Program.,Transportation Services,"Fulvio Naccarato, Engineering and Construction Services",fnaccar@toronto.ca,https://www.toronto.ca/services-payments/streets-parking-transportation/road-maintenance/road-sidewalk-repair/,TS_Road_Reconstruction,12,2026,EXTERNAL,"{""type"": ""MultiLineString"", ""coordinates"": [[[-79.5071503852705, 43.605371828385], [-79.5076735613341, 43.6065277763077]]]}"
132,2081750, ,2023-07-04,Local Road Reconstruction,[36.60 m W] PAPE AVE<br> From: DINGWALL AVE<br> To: FRIZZELL AVE ,"Replacement of the entire road pavement structure, including the asphalt and underlying support materials. Repair, improvement, or replacement of: road drainage, curbs, boulevards and sidewalks. Work may include the closure of individual lanes or the entire road.  Also, includes the replacement of the City-owned portion of substandard water service connections. The property owner is encouraged to replace the private portion of the substandard water service connection, as well. Also, includes the replacement of the City-owned portion of substandard water service connections. The property owner is encouraged to replace the private portion of the substandard water service connection, as well.",Q2 2026 - Q4 2027,Active,1 - Projects with approved or allocated funding in the Capital Works Program.,Transportation Services,"Adriana Gomez, Engineering and Construction Services",AGOMEZ4@toronto.ca,https://www.toronto.ca/services-payments/streets-parking-transportation/road-maintenance/road-sidewalk-repair/,TS_Road_Reconstruction,12,2026,EXTERNAL,"{""type"": ""MultiLineString"", ""coordinates"": [[[-79.3432662187502, 43.6735457288467], [-79.3435691388047, 43.674269292031]]]}"
133,2081751, ,2023-07-04,Laneway Reconstruction,[40 m S] ST CLAIR AVE W<br> From: [39 m E] LANSDOWNE AVE (TO)<br> To: LANSDOWNE AVE (TO) ,"Replacement of the entire laneway pavement structure, including the asphalt, concrete and underlying support materials. Repair, improvement, or replacement of laneway drainage, curbs, and associated areas. Work may include the closure of individual lanes or the entire laneway. Also, includes the replacement of the City-owned portion of substandard water service connections. The property owner is encouraged to replace the private portion of the substandard water service connection, as well.",Q2 2026 - Q4 2027,Active,1 - Projects with approved or allocated funding in the Capital Works Program.,Transportation Services,"Adriana Gomez, Engineering and Construction Services",AGOMEZ4@toronto.ca,https://www.toronto.ca/services-payments/streets-parking-transportation/road-maintenance/road-sidewalk-repair/,TS_Road_Reconstruction,12,2026,EXTERNAL,"{""type"": ""MultiLineString"", ""coordinates"": [[[-79.4503959589611, 43.6758632675313], [-79.4499284293042, 43.6759758592464]]]}"
134,2081752, ,2023-07-04,Laneway Reconstruction,[36.60 m N] QUEEN ST W<br> From: MACDONELL AVE<br> To: FULLER AVE ,"Replacement of the entire laneway pavement structure, including the asphalt, concrete and underlying support materials. Repair, improvement, or replacement of laneway drainage, curbs, and associated areas. Work may include the closure of individual lanes or the entire laneway. Also, includes the replacement of the City-owned portion of substandard water service connections. The property owner is encouraged to replace the private portion of the substandard water service connection, as well.",Q2 2026 - Q4 2027,Active,1 - Projects with approved or allocated funding in the Capital Works Program.,Transportation Services,"Adriana Gomez, Engineering and Construction Services",AGOMEZ4@toronto.ca,https://www.toronto.ca/services-payments/streets-parking-transportation/road-maintenance/road-sidewalk-repair/,TS_Road_Reconstruction,12,2026,EXTERNAL,"{""type"": ""MultiLineString"", ""coordinates"": [[[-79.4380817460073, 43.6407411367028], [-79.4386550787366, 43.6406342394099], [-79.4392718356435, 43.6405192070685]]]}"
135,2081753, ,2023-07-04,Laneway Reconstruction,[87.20 m N] DAVENPORT RD<br> From: GREENLAW AVE<br> To: ST CLARENS AVE ,"Replacement of the entire laneway pavement structure, including the asphalt, concrete and underlying support materials. Repair, improvement, or replacement of laneway drainage, curbs, and associated areas. Work may include the closure of individual lanes or the entire laneway. Also, includes the replacement of the City-owned portion of substandard water service connections. The property owner is encouraged to replace the private portion of the substandard water service connection, as well.",Q2 2026 - Q4 2027,Active,1 - Projects with approved or allocated funding in the Capital Works Program.,Transportation Services,"Adriana Gomez, Engineering and Construction Services",AGOMEZ4@toronto.ca,https://www.toronto.ca/services-payments/streets-parking-transportation/road-maintenance/road-sidewalk-repair/,TS_Road_Reconstruction,12,2026,EXTERNAL,"{""type"": ""MultiLineString"", ""coordinates"": [[[-79.4464401812318, 43.6729095345887], [-79.4464681359274, 43.6728510030618], [-79.4465036880802, 43.6728113868685], [-79.4465549637254, 43.6727870172608], [-79.4471822098812, 43.6726508216981], [-79.4478080640224, 43.6725149190985]]]}"
136,2084882, ,2023-08-04,Local Road Rehabilitation,ATLAS AVE<br> From: BARRIE AVE<br> To: GRIMTHORPE RD ,"Replacement of partial road pavement structure or entire road pavement structure for either partial lane width, full lane width or full road width. This could include the asphalt and underlying support materials. Repair, improvement or replacement of road drainage, damaged sidewalk, boulevards and curbs. Work may include the closure of individual lanes or the entire road.",Q2 2024 - Q4 2024 (Carry-Over),Active,None,Transportation Services,"Christy Manoharan, Engineering and Construction Services",cmanoha@toronto.ca,https://www.toronto.ca/services-payments/streets-parking-transportation/road-maintenance/road-sidewalk-repair/,TS_Road_Reconstruction,12,2023,EXTERNAL,"{""type"": ""MultiLineString"", ""coordinates"": [[[-79.431031263674, 43.6813964598477], [-79.4312226002043, 43.6819098479181]]]}"
137,2084883, ,2023-08-04,Local Road Rehabilitation,ATLAS AVE<br> From: GRIMTHORPE RD<br> To: WATFORD AVE ,"Replacement of partial road pavement structure or entire road pavement structure for either partial lane width, full lane width or full road width. This could include the asphalt and underlying support materials. Repair, improvement or replacement of road drainage, damaged sidewalk, boulevards and curbs. Work may include the closure of individual lanes or the entire road.",Q2 2024 - Q4 2024 (Carry-Over),Active,None,Transportation Services,"Christy Manoharan, Engineering and Construction Services",cmanoha@toronto.ca,https://www.toronto.ca/services-payments/streets-parking-transportation/road-maintenance/road-sidewalk-repair/,TS_Road_Reconstruction,12,2023,EXTERNAL,"{""type"": ""MultiLineString"", ""coordinates"": [[[-79.4312226002043, 43.6819098479181], [-79.4313052244832, 43.6820988261179]]]}"
138,2089965, ,2023-09-11,Laneway Reconstruction,DOUGLAS CAMPBELL LANE<br> From: COLLEGE ST (TO)<br> To: [45.70 m N] COLLEGE ST (TO) ,"Replacement of the entire laneway pavement structure, including the asphalt, concrete and underlying support materials. Repair, improvement, or replacement of laneway drainage, curbs, and associated areas. Work may include the closure of individual lanes or the entire laneway. Also, includes the replacement of the City-owned portion of substandard water service connections. The property owner is encouraged to replace the private portion of the substandard water service connection, as well.",Q2 2026 - Q4 2026,Active,1 - Projects with approved or allocated funding in the Capital Works Program.,Transportation Services,"Augustine Anifowose, Engineering and Construction Services",aanifow@toronto.ca,https://www.toronto.ca/services-payments/streets-parking-transportation/road-maintenance/road-sidewalk-repair/,TS_Road_Reconstruction,12,2026,EXTERNAL,"{""type"": ""MultiLineString"", ""coordinates"": [[[-79.4010554239817, 43.657811283297], [-79.4012453630662, 43.6582724156016]]]}"
139,2089983, ,2023-09-11,Laneway Reconstruction,DOUGLAS CAMPBELL LANE<br> From: [57.90 m W] SPADINA AVE<br> To: ROBERT ST ,"Replacement of the entire laneway pavement structure, including the asphalt, concrete and underlying support materials. Repair, improvement, or replacement of laneway drainage, curbs, and associated areas. Work may include the closure of individual lanes or the entire laneway. Also, includes the replacement of the City-owned portion of substandard water service connections. The property owner is encouraged to replace the private portion of the substandard water service connection, as well.",Q2 2026 - Q4 2026,Active,1 - Projects with approved or allocated funding in the Capital Works Program.,Transportation Services,"Augustine Anifowose, Engineering and Construction Services",aanifow@toronto.ca,https://www.toronto.ca/services-payments/streets-parking-transportation/road-maintenance/road-sidewalk-repair/,TS_Road_Reconstruction,12,2026,EXTERNAL,"{""type"": ""MultiLineString"", ""coordinates"": [[[-79.4012453630662, 43.6582724156016], [-79.4020235971561, 43.6581118081028]]]}"
140,2092069,TS2023-14-293,2023-09-25,Laneway Reconstruction,[26.20 m E] LOGAN AVE<br> From: LANGLEY AVE<br> To: RIVERDALE AVE ,"Replacement of the entire laneway pavement structure, including the asphalt, concrete and underlying support materials. Repair, improvement, or replacement of laneway drainage, curbs, and associated areas. Work may include the closure of individual lanes or the entire laneway. Also, includes the replacement of the City-owned portion of substandard water service connections. The property owner is encouraged to replace the private portion of the substandard water service connection, as well.",Q3 2025 - Q3 2026,Active,1 - Projects with approved or allocated funding in the Capital Works Program.,Transportation Services,"Kevin Yang, Engineering and Construction Services",kyang5@toronto.ca,https://www.toronto.ca/services-payments/streets-parking-transportation/road-maintenance/road-sidewalk-repair/,TS_Road_Reconstruction,12,2025,EXTERNAL,"{""type"": ""MultiLineString"", ""coordinates"": [[[-79.3456804918087, 43.6694958153715], [-79.3458495644248, 43.6699107707335], [-79.3460254911172, 43.6703425495291]]]}"
141,2092270,TS2023-13-044,2023-09-26,Local Road Reconstruction,SACKVILLE PL<br> From: WOODSTOCK PL<br> To: FLAGLER ST ,"Replacement of the entire road pavement structure, including the asphalt and underlying support materials. Repair, improvement, or replacement of: road drainage, curbs, boulevards and sidewalks. Work may include the closure of individual lanes or the entire road.  Also, includes the replacement of the City-owned portion of substandard water service connections. The property owner is encouraged to replace the private portion of the substandard water service connection, as well. Also, includes the replacement of the City-owned portion of substandard water service connections. The property owner is encouraged to replace the private portion of the substandard water service connection, as well.",Q3 2025 - Q3 2026,Active,1 - Projects with approved or allocated funding in the Capital Works Program.,Transportation Services,"Kevin Yang, Engineering and Construction Services",kyang5@toronto.ca,https://www.toronto.ca/services-payments/streets-parking-transportation/road-maintenance/road-sidewalk-repair/,TS_Road_Reconstruction,12,2025,EXTERNAL,"{""type"": ""MultiLineString"", ""coordinates"": [[[-79.3647596583441, 43.6659572703185], [-79.3646466638657, 43.6659828713997]]]}"
142,2092272,TS2023-13-044,2023-09-26,Local Road Reconstruction,SACKVILLE PL<br> From: BOWMAN ST<br> To: RAWLINGS AVE ,"Replacement of the entire road pavement structure, including the asphalt and underlying support materials. Repair, improvement, or replacement of: road drainage, curbs, boulevards and sidewalks. Work may include the closure of individual lanes or the entire road.  Also, includes the replacement of the City-owned portion of substandard water service connections. The property owner is encouraged to replace the private portion of the substandard water service connection, as well. Also, includes the replacement of the City-owned portion of substandard water service connections. The property owner is encouraged to replace the private portion of the substandard water service connection, as well.",Q3 2025 - Q3 2026,Active,1 - Projects with approved or allocated funding in the Capital Works Program.,Transportation Services,"Kevin Yang, Engineering and Construction Services",kyang5@toronto.ca,https://www.toronto.ca/services-payments/streets-parking-transportation/road-maintenance/road-sidewalk-repair/,TS_Road_Reconstruction,12,2025,EXTERNAL,"{""type"": ""MultiLineString"", ""coordinates"": [[[-79.3641587818997, 43.6660933151454], [-79.3635261310157, 43.6662363399215]]]}"
143,2092280,TS2023-13-139,2023-09-26,Laneway Reconstruction,CALLAGHAN LANE<br> From: BERKELEY ST<br> To: PARLIAMENT ST ,"Replacement of the entire laneway pavement structure, including the asphalt, concrete and underlying support materials. Repair, improvement, or replacement of laneway drainage, curbs, and associated areas. Work may include the closure of individual lanes or the entire laneway. Also, includes the replacement of the City-owned portion of substandard water service connections. The property owner is encouraged to replace the private portion of the substandard water service connection, as well.",Q3 2025 - Q3 2026,Active,1 - Projects with approved or allocated funding in the Capital Works Program.,Transportation Services,"Kevin Yang, Engineering and Construction Services",kyang5@toronto.ca,https://www.toronto.ca/services-payments/streets-parking-transportation/road-maintenance/road-sidewalk-repair/,TS_Road_Reconstruction,12,2025,EXTERNAL,"{""type"": ""MultiLineString"", ""coordinates"": [[[-79.3675321846505, 43.6595666125577], [-79.3661821799616, 43.6598516520255]]]}"
144,2092282,TS2023-13-044,2023-09-26,Local Road Reconstruction,SACKVILLE PL<br> From: SACKVILLE ST<br> To: WOODSTOCK PL ,"Replacement of the entire road pavement structure, including the asphalt and underlying support materials. Repair, improvement, or replacement of: road drainage, curbs, boulevards and sidewalks. Work may include the closure of individual lanes or the entire road.  Also, includes the replacement of the City-owned portion of substandard water service connections. The property owner is encouraged to replace the private portion of the substandard water service connection, as well. Also, includes the replacement of the City-owned portion of substandard water service connections. The property owner is encouraged to replace the private portion of the substandard water service connection, as well.",Q3 2025 - Q3 2026,Active,1 - Projects with approved or allocated funding in the Capital Works Program.,Transportation Services,"Kevin Yang, Engineering and Construction Services",kyang5@toronto.ca,https://www.toronto.ca/services-payments/streets-parking-transportation/road-maintenance/road-sidewalk-repair/,TS_Road_Reconstruction,12,2025,EXTERNAL,"{""type"": ""MultiLineString"", ""coordinates"": [[[-79.3653496020167, 43.6658238648461], [-79.3647928569874, 43.665949739467], [-79.3647596583441, 43.6659572703185]]]}"
145,2092294,TS2023-13-044,2023-09-26,Local Road Reconstruction,SACKVILLE PL<br> From: FLAGLER ST<br> To: BOWMAN ST ,"Replacement of the entire road pavement structure, including the asphalt and underlying support materials. Repair, improvement, or replacement of: road drainage, curbs, boulevards and sidewalks. Work may include the closure of individual lanes or the entire road.  Also, includes the replacement of the City-owned portion of substandard water service connections. The property owner is encouraged to replace the private portion of the substandard water service connection, as well. Also, includes the replacement of the City-owned portion of substandard water service connections. The property owner is encouraged to replace the private portion of the substandard water service connection, as well.",Q3 2025 - Q3 2026,Active,1 - Projects with approved or allocated funding in the Capital Works Program.,Transportation Services,"Kevin Yang, Engineering and Construction Services",kyang5@toronto.ca,https://www.toronto.ca/services-payments/streets-parking-transportation/road-maintenance/road-sidewalk-repair/,TS_Road_Reconstruction,12,2025,EXTERNAL,"{""type"": ""MultiLineString"", ""coordinates"": [[[-79.3646466638657, 43.6659828713997], [-79.3641587818997, 43.6660933151454]]]}"
146,2092298,TS2023-13-146,2023-09-26,Laneway Reconstruction,COATSWORTH ST<br> From: ONTARIO ST<br> To: MILAN ST ,"Replacement of the entire laneway pavement structure, including the asphalt, concrete and underlying support materials. Repair, improvement, or replacement of laneway drainage, curbs, and associated areas. Work may include the closure of individual lanes or the entire laneway. Also, includes the replacement of the City-owned portion of substandard water service connections. The property owner is encouraged to replace the private portion of the substandard water service connection, as well.",Q3 2025 - Q3 2026,Active,1 - Projects with approved or allocated funding in the Capital Works Program.,Transportation Services,"Kevin Yang, Engineering and Construction Services",kyang5@toronto.ca,https://www.toronto.ca/services-payments/streets-parking-transportation/road-maintenance/road-sidewalk-repair/,TS_Road_Reconstruction,12,2025,EXTERNAL,"{""type"": ""MultiLineString"", ""coordinates"": [[[-79.3684011389528, 43.6584551847988], [-79.3678113567135, 43.658584897833]]]}"
147,2116685, ,2023-10-13,Local Road Rehabilitation,BONNINGTON PL<br> From: ANNDALE DR<br> To: SHEPPARD AVE E ,"Replacement of partial road pavement structure or entire road pavement structure for either partial lane width, full lane width or full road width. This could include the asphalt and underlying support materials. Repair, improvement or replacement of road drainage, damaged sidewalk, boulevards and curbs. Work may include the closure of individual lanes or the entire road.",2024 - 2025,Active,None,Transportation Services,"Kimmo Hamalainen, ",khamala@toronto.ca,https://www.toronto.ca/services-payments/streets-parking-transportation/road-maintenance/road-sidewalk-repair/,TS_Road_Reconstruction,12,2024,EXTERNAL,"{""type"": ""MultiLineString"", ""coordinates"": [[[-79.4064998835952, 43.7607178898687], [-79.4068193790109, 43.7615044853666], [-79.4071706609348, 43.7623336272766]]]}"
148,2130934, ,2023-10-31,Laneway Reconstruction,[30.20 m N] BADEN ST<br> From: [30.50 m W] OSSINGTON AVE<br> To: [67.10 m W] OSSINGTON AVE ,"Replacement of the entire laneway pavement structure, including the asphalt, concrete and underlying support materials. Repair, improvement, or replacement of laneway drainage, curbs, and associated areas. Work may include the closure of individual lanes or the entire laneway. Also, includes the replacement of the City-owned portion of substandard water service connections. The property owner is encouraged to replace the private portion of the substandard water service connection, as well.",Q2 2026 - Q4 2026,Active,1 - Projects with approved or allocated funding in the Capital Works Program.,Transportation Services,"Augustine Anifowose, Engineering and Construction Services",aanifow@toronto.ca,https://www.toronto.ca/services-payments/streets-parking-transportation/road-maintenance/road-sidewalk-repair/,TS_Road_Reconstruction,12,2026,EXTERNAL,"{""type"": ""MultiLineString"", ""coordinates"": [[[-79.4217053489407, 43.6503902461918], [-79.4221133440851, 43.6503136262731]]]}"
149,2130962, ,2023-10-30,Local Road Reconstruction,WANLESS CRES<br> From: WANLESS AVE<br> To: [E] BRAESIDE RD [CITY LIMITS] ,"Replacement of the entire road pavement structure, including the asphalt and underlying support materials. Repair, improvement, or replacement of: road drainage, curbs, boulevards and sidewalks. Work may include the closure of individual lanes or the entire road.  Also, includes the replacement of the City-owned portion of substandard water service connections. The property owner is encouraged to replace the private portion of the substandard water service connection, as well. Also, includes the replacement of the City-owned portion of substandard water service connections. The property owner is encouraged to replace the private portion of the substandard water service connection, as well.",Q3 2025 - Q4 2025,Active,1 - Projects with approved or allocated funding in the Capital Works Program.,Transportation Services,"Angela Au, Engineering and Construction Services",aau2@toronto.ca,https://www.toronto.ca/services-payments/streets-parking-transportation/road-maintenance/road-sidewalk-repair/,TS_Road_Reconstruction,12,2025,EXTERNAL,"{""type"": ""MultiLineString"", ""coordinates"": [[[-79.3902974325337, 43.728442046429], [-79.3903713178593, 43.7284731625841], [-79.390515245605, 43.7284986930263], [-79.3906591987067, 43.7285171753428], [-79.3908440249261, 43.728523004774], [-79.3910035896788, 43.7285161090748], [-79.3912020964703, 43.7284866571213], [-79.3913656453594, 43.7284317881149], [-79.3915331249002, 43.7283515391149], [-79.3916480460294, 43.7282867311876], [-79.391788329747, 43.7281852761162], [-79.391868240099, 43.7281035124881], [-79.3919579473144, 43.7279921349899], [-79.3920067190128, 43.7279145724066], [-79.392057487223, 43.7278172629703], [-79.3920926624174, 43.7277284089555], [-79.392123955613, 43.7275686035031]]]}"
150,2138291,TS2023-20-444,2023-11-22,Local Road Reconstruction,SLOLEY RD<br> From: GRADWELL DR<br> To: EASTVILLE AVE ,"Replacement of the entire road pavement structure, including the asphalt and underlying support materials. Repair, improvement, or replacement of: road drainage, curbs, boulevards and sidewalks. Work may include the closure of individual lanes or the entire road.  Also, includes the replacement of the City-owned portion of substandard water service connections. The property owner is encouraged to replace the private portion of the substandard water service connection, as well. Also, includes the replacement of the City-owned portion of substandard water service connections. The property owner is encouraged to replace the private portion of the substandard water service connection, as well.",Q2 2024 - Q4 2024,Active,1 - Projects with approved or allocated funding in the Capital Works Program.,Transportation Services,"Lucas Da Costa, Engineering and Construction Services",ldacost@toronto.ca,https://www.toronto.ca/services-payments/streets-parking-transportation/road-maintenance/road-sidewalk-repair/,TS_Road_Reconstruction,12,2024,EXTERNAL,"{""type"": ""MultiLineString"", ""coordinates"": [[[-79.237219370776, 43.7189842816788], [-79.2360228627707, 43.7192515621114]]]}"
151,2138293,TS2023-20-444,2023-11-22,Local Road Reconstruction,SLOLEY RD<br> From: DORSET RD<br> To: SCARBOROUGH HTS BLVD ,"Replacement of the entire road pavement structure, including the asphalt and underlying support materials. Repair, improvement, or replacement of: road drainage, curbs, boulevards and sidewalks. Work may include the closure of individual lanes or the entire road.  Also, includes the replacement of the City-owned portion of substandard water service connections. The property owner is encouraged to replace the private portion of the substandard water service connection, as well. Also, includes the replacement of the City-owned portion of substandard water service connections. The property owner is encouraged to replace the private portion of the substandard water service connection, as well.",Q2 2024 - Q4 2024,Active,1 - Projects with approved or allocated funding in the Capital Works Program.,Transportation Services,"Lucas Da Costa, Engineering and Construction Services",ldacost@toronto.ca,https://www.toronto.ca/services-payments/streets-parking-transportation/road-maintenance/road-sidewalk-repair/,TS_Road_Reconstruction,12,2024,EXTERNAL,"{""type"": ""MultiLineString"", ""coordinates"": [[[-79.2311895755614, 43.7203205913398], [-79.230886779626, 43.7203829055664], [-79.2304473550722, 43.7204719006069], [-79.2303665913326, 43.7204897216115], [-79.2302657655204, 43.7204894837249], [-79.2301137325095, 43.7204891248528], [-79.2294978559978, 43.7204876960184], [-79.2283397581402, 43.7204939957168], [-79.2281915566779, 43.7205026356387], [-79.2280914878838, 43.7205024066355], [-79.2279813007501, 43.7205111547112], [-79.2278641511321, 43.7205198771031], [-79.2277640132102, 43.72053765014], [-79.2275730206043, 43.7205732000739], [-79.2271669379207, 43.7206622529589]]]}"
152,2138298,TS2023-20-444,2023-11-22,Local Road Reconstruction,SLOLEY RD<br> From: EASTVILLE AVE<br> To: BROOKLAWN AVE ,"Replacement of the entire road pavement structure, including the asphalt and underlying support materials. Repair, improvement, or replacement of: road drainage, curbs, boulevards and sidewalks. Work may include the closure of individual lanes or the entire road.  Also, includes the replacement of the City-owned portion of substandard water service connections. The property owner is encouraged to replace the private portion of the substandard water service connection, as well. Also, includes the replacement of the City-owned portion of substandard water service connections. The property owner is encouraged to replace the private portion of the substandard water service connection, as well.",Q2 2024 - Q4 2024,Active,1 - Projects with approved or allocated funding in the Capital Works Program.,Transportation Services,"Lucas Da Costa, Engineering and Construction Services",ldacost@toronto.ca,https://www.toronto.ca/services-payments/streets-parking-transportation/road-maintenance/road-sidewalk-repair/,TS_Road_Reconstruction,12,2024,EXTERNAL,"{""type"": ""MultiLineString"", ""coordinates"": [[[-79.2360228627707, 43.7192515621114], [-79.2348139706727, 43.7195188192758]]]}"
153,2138299,TS2023-20-444,2023-11-22,Local Road Reconstruction,SLOLEY RD<br> From: HAREWOOD AVE<br> To: NEILSON AVE ,"Replacement of the entire road pavement structure, including the asphalt and underlying support materials. Repair, improvement, or replacement of: road drainage, curbs, boulevards and sidewalks. Work may include the closure of individual lanes or the entire road.  Also, includes the replacement of the City-owned portion of substandard water service connections. The property owner is encouraged to replace the private portion of the substandard water service connection, as well. Also, includes the replacement of the City-owned portion of substandard water service connections. The property owner is encouraged to replace the private portion of the substandard water service connection, as well.",Q2 2024 - Q4 2024,Active,1 - Projects with approved or allocated funding in the Capital Works Program.,Transportation Services,"Lucas Da Costa, Engineering and Construction Services",ldacost@toronto.ca,https://www.toronto.ca/services-payments/streets-parking-transportation/road-maintenance/road-sidewalk-repair/,TS_Road_Reconstruction,12,2024,EXTERNAL,"{""type"": ""MultiLineString"", ""coordinates"": [[[-79.2335903637166, 43.7197770551008], [-79.2323993370213, 43.7200353450916]]]}"
154,2138301,TS2023-20-444,2023-11-22,Local Road Reconstruction,SLOLEY RD<br> From: NEILSON AVE<br> To: DORSET RD ,"Replacement of the entire road pavement structure, including the asphalt and underlying support materials. Repair, improvement, or replacement of: road drainage, curbs, boulevards and sidewalks. Work may include the closure of individual lanes or the entire road.  Also, includes the replacement of the City-owned portion of substandard water service connections. The property owner is encouraged to replace the private portion of the substandard water service connection, as well. Also, includes the replacement of the City-owned portion of substandard water service connections. The property owner is encouraged to replace the private portion of the substandard water service connection, as well.",Q2 2024 - Q4 2024,Active,1 - Projects with approved or allocated funding in the Capital Works Program.,Transportation Services,"Lucas Da Costa, Engineering and Construction Services",ldacost@toronto.ca,https://www.toronto.ca/services-payments/streets-parking-transportation/road-maintenance/road-sidewalk-repair/,TS_Road_Reconstruction,12,2024,EXTERNAL,"{""type"": ""MultiLineString"", ""coordinates"": [[[-79.2323993370213, 43.7200353450916], [-79.2311895755614, 43.7203205913398]]]}"
155,2138302,TS2023-20-444,2023-11-22,Local Road Reconstruction,SLOLEY RD<br> From: BROOKLAWN AVE<br> To: HAREWOOD AVE ,"Replacement of the entire road pavement structure, including the asphalt and underlying support materials. Repair, improvement, or replacement of: road drainage, curbs, boulevards and sidewalks. Work may include the closure of individual lanes or the entire road.  Also, includes the replacement of the City-owned portion of substandard water service connections. The property owner is encouraged to replace the private portion of the substandard water service connection, as well. Also, includes the replacement of the City-owned portion of substandard water service connections. The property owner is encouraged to replace the private portion of the substandard water service connection, as well.",Q2 2024 - Q4 2024,Active,1 - Projects with approved or allocated funding in the Capital Works Program.,Transportation Services,"Lucas Da Costa, Engineering and Construction Services",ldacost@toronto.ca,https://www.toronto.ca/services-payments/streets-parking-transportation/road-maintenance/road-sidewalk-repair/,TS_Road_Reconstruction,12,2024,EXTERNAL,"{""type"": ""MultiLineString"", ""coordinates"": [[[-79.2348139706727, 43.7195188192758], [-79.2335903637166, 43.7197770551008]]]}"
156,2142014, ,2023-12-08,Laneway Reconstruction,[27.40 m S] COLLEGE ST (TO)<br> From: BEATRICE ST<br> To: [30.50 m W] BEATRICE ST ,"Replacement of the entire laneway pavement structure, including the asphalt, concrete and underlying support materials. Repair, improvement, or replacement of laneway drainage, curbs, and associated areas. Work may include the closure of individual lanes or the entire laneway. Also, includes the replacement of the City-owned portion of substandard water service connections. The property owner is encouraged to replace the private portion of the substandard water service connection, as well.",2024,Active,1 - Projects with approved or allocated funding in the Capital Works Program.,Transportation Services,"Michael Popik, Engineering and Construction Services",mpopik@toronto.ca,https://www.toronto.ca/services-payments/streets-parking-transportation/road-maintenance/road-sidewalk-repair/,TS_Road_Reconstruction,12,2024,EXTERNAL,"{""type"": ""MultiLineString"", ""coordinates"": [[[-79.4166022358936, 43.6547698031315], [-79.4171087632189, 43.6546673040707]]]}"
157,2142015, ,2023-12-08,Laneway Reconstruction,[36.60 m N] DUNDAS ST W<br> From: BEATRICE ST<br> To: MONTROSE AVE ,"Replacement of the entire laneway pavement structure, including the asphalt, concrete and underlying support materials. Repair, improvement, or replacement of laneway drainage, curbs, and associated areas. Work may include the closure of individual lanes or the entire laneway. Also, includes the replacement of the City-owned portion of substandard water service connections. The property owner is encouraged to replace the private portion of the substandard water service connection, as well.",2024,Active,1 - Projects with approved or allocated funding in the Capital Works Program.,Transportation Services,"Michael Popik, Engineering and Construction Services",mpopik@toronto.ca,https://www.toronto.ca/services-payments/streets-parking-transportation/road-maintenance/road-sidewalk-repair/,TS_Road_Reconstruction,12,2024,EXTERNAL,"{""type"": ""MultiLineString"", ""coordinates"": [[[-79.4150964877307, 43.6509001365185], [-79.4155810510112, 43.6508007963187], [-79.4161380915938, 43.6506865920015]]]}"
158,2142016, ,2023-12-08,Laneway Reconstruction,[30.50 m W] BEATRICE ST<br> From: [36.60 m N] DUNDAS ST W<br> To: [30.50 m S] COLLEGE ST (TO) ,"Replacement of the entire laneway pavement structure, including the asphalt, concrete and underlying support materials. Repair, improvement, or replacement of laneway drainage, curbs, and associated areas. Work may include the closure of individual lanes or the entire laneway. Also, includes the replacement of the City-owned portion of substandard water service connections. The property owner is encouraged to replace the private portion of the substandard water service connection, as well.",2024,Active,1 - Projects with approved or allocated funding in the Capital Works Program.,Transportation Services,"Michael Popik, Engineering and Construction Services",mpopik@toronto.ca,https://www.toronto.ca/services-payments/streets-parking-transportation/road-maintenance/road-sidewalk-repair/,TS_Road_Reconstruction,12,2024,EXTERNAL,"{""type"": ""MultiLineString"", ""coordinates"": [[[-79.4155810510112, 43.6508007963187], [-79.4171087632189, 43.6546673040707], [-79.4171565879267, 43.6547878758703]]]}"
159,2145015, ,2024-06-07,Local Road Rehabilitation,COPPERFIELD RD<br> From: MANSE RD<br> To: [550 m E] MANSE RD ,"Replacement of partial road pavement structure or entire road pavement structure for either partial lane width, full lane width or full road width. This could include the asphalt and underlying support materials. Repair, improvement or replacement of road drainage, damaged sidewalk, boulevards and curbs. Work may include the closure of individual lanes or the entire road.",2026,Active,None,Transportation Services,"Christy Manoharan, Engineering and Construction Services",cmanoha@toronto.ca,https://www.toronto.ca/services-payments/streets-parking-transportation/road-maintenance/road-sidewalk-repair/,TS_Road_Reconstruction,12,2026,EXTERNAL,"{""type"": ""MultiLineString"", ""coordinates"": [[[-79.1717492025535, 43.7598266896592], [-79.1702954390999, 43.7601015599199], [-79.169086453548, 43.7603231135405], [-79.1678579609302, 43.7605626090377], [-79.1666351856069, 43.7607481009138], [-79.1658636171885, 43.7608898847661], [-79.1645153900769, 43.7611559797411], [-79.1640918013513, 43.7612537575955], [-79.1640467313644, 43.7612626263076], [-79.1636322800481, 43.7613407707396], [-79.1634380210971, 43.7613774097512], [-79.1632032891743, 43.7614202930105], [-79.1627937653417, 43.7614963786478], [-79.1627118031289, 43.7615107457182], [-79.162585225103, 43.761519382294], [-79.1624423530227, 43.7615279616072], [-79.1624092385995, 43.7615264866228], [-79.1621883639978, 43.7615166618192]]]}"
160,2145085, ,2023-12-16,Major Road Rehabilitation,ST CLAIR AVE E (TO)<br> From: O'CONNOR DR<br> To: ST COLUMBA PL ,"Replacement of partial road pavement structure or entire road pavement structure for either partial lane width, full lane width or full road width. This could include the asphalt and underlying support materials. Repair, improvement or replacement of road drainage, damaged sidewalk, boulevards and curbs. Work may include the closure of individual lanes or the entire road.",Q3 2026 - Q4 2027,Active,None,Transportation Services,"Gabor Szakter, Engineering and Construction Services",gszakte@toronto.ca,https://www.toronto.ca/services-payments/streets-parking-transportation/road-maintenance/road-sidewalk-repair/,TS_Road_Reconstruction,12,2026,EXTERNAL,"{""type"": ""MultiLineString"", ""coordinates"": [[[-79.3128363040299, 43.7053961785368], [-79.3121432417375, 43.7055615921526], [-79.3118715178067, 43.7056181143111], [-79.3110909963782, 43.7057804161443], [-79.3105396286795, 43.7059010477544]]]}"
161,2145120, ,2023-12-17,Major Road Rehabilitation,ST CLAIR AVE E (TO)<br> From: ST COLUMBA PL<br> To: VICTORIA PARK AVE ,"Replacement of partial road pavement structure or entire road pavement structure for either partial lane width, full lane width or full road width. This could include the asphalt and underlying support materials. Repair, improvement or replacement of road drainage, damaged sidewalk, boulevards and curbs. Work may include the closure of individual lanes or the entire road.",Q3 2026 - Q4 2027,Active,None,Transportation Services,"Gabor Szakter, Engineering and Construction Services",gszakte@toronto.ca,https://www.toronto.ca/services-payments/streets-parking-transportation/road-maintenance/road-sidewalk-repair/,TS_Road_Reconstruction,12,2026,EXTERNAL,"{""type"": ""MultiLineString"", ""coordinates"": [[[-79.3105396286795, 43.7059010477544], [-79.3101275470043, 43.7059993779728], [-79.3079709370872, 43.7064773972797], [-79.3071320606492, 43.7066560193225], [-79.3058499686385, 43.7069508997552], [-79.3045104986733, 43.7072502133151], [-79.3041910939792, 43.7073351966671], [-79.3032439309466, 43.7075406354035], [-79.3026452140315, 43.7076701486463], [-79.3019455040814, 43.7078444901453], [-79.300776766717, 43.7080855203534], [-79.2995268280191, 43.7083759301869], [-79.2983199977026, 43.7086439172399], [-79.2976028354302, 43.7088092180635], [-79.2973851502423, 43.708853847739], [-79.2972292289049, 43.7088670821501], [-79.2970872546787, 43.7088803411081], [-79.2968403142342, 43.7088573993105]], [[-79.2968403142342, 43.7088573993105], [-79.2963566546927, 43.7088383200936], [-79.2959855744725, 43.7087765397848]], [[-79.2968403142342, 43.7088573993105], [-79.2967929977612, 43.708861815836], [-79.2967701598833, 43.7088636114917], [-79.2967460659453, 43.7088662330259], [-79.2967231570175, 43.7088706929207], [-79.2966998882391, 43.7088751521709], [-79.2966769917129, 43.7088796120785], [-79.2966544922257, 43.7088840816891], [-79.2966319679485, 43.7088885422498], [-79.2966098655579, 43.7088930035569], [-79.2965870106465, 43.7088998308535], [-79.2965667747208, 43.7089064287737], [-79.2965454140156, 43.7089153920213], [-79.2965248350415, 43.7089243566565], [-79.2965046283173, 43.7089333219507], [-79.2964844464041, 43.7089422872854], [-79.2964650214056, 43.7089512539644], [-79.2964439065964, 43.7089645472398], [-79.2964277320436, 43.7089736907248], [-79.2964098580944, 43.7089826601567], [-79.2963911995446, 43.7089961378225], [-79.2963729657782, 43.7090124246369], [-79.2963564471249, 43.7090279043899], [-79.2963386114495, 43.7090438858649], [-79.2963240732713, 43.7090608093445], [-79.2963105145078, 43.7090779866029], [-79.2962939985043, 43.7090963377553], [-79.2962784546583, 43.7091170849746], [-79.2962609062814, 43.7091471449289], [-79.2962473418089, 43.7091659964047], [-79.2962390623196, 43.7091815088293], [-79.2962264797881, 43.7091998669834], [-79.2962069495197, 43.709232542764], [-79.2961963522519, 43.7092509314579], [-79.2961900080679, 43.7092775548909]]]}"
162,2152778, ,2024-01-04,Local Road Reconstruction,[N-S] HILLSIDE DR [LEG]<br> From: GAMBLE AVE<br> To: [85 m S] GAMBLE AVE [END] ,"Replacement of the entire road pavement structure, including the asphalt and underlying support materials. Repair, improvement, or replacement of: road drainage, curbs, boulevards and sidewalks. Work may include the closure of individual lanes or the entire road.  Also, includes the replacement of the City-owned portion of substandard water service connections. The property owner is encouraged to replace the private portion of the substandard water service connection, as well. Also, includes the replacement of the City-owned portion of substandard water service connections. The property owner is encouraged to replace the private portion of the substandard water service connection, as well.",Q2 2019 - 2019,Active,1 - Projects with approved or allocated funding in the Capital Works Program.,Transportation Services,"Christy Manoharan, Engineering and Construction Services",cmanoha@toronto.ca,https://www.toronto.ca/services-payments/streets-parking-transportation/road-maintenance/road-sidewalk-repair/,TS_Road_Reconstruction,12,2025,EXTERNAL,"{""type"": ""MultiLineString"", ""coordinates"": [[[-79.3562022737839, 43.6884311451402], [-79.356161718931, 43.6885266429126], [-79.3561387779149, 43.6886482215999], [-79.3561387526764, 43.6887106815848], [-79.3561366117321, 43.6887916185737], [-79.3561439745722, 43.6889028748962], [-79.3561610116589, 43.6889783362228], [-79.3561978365932, 43.6891046257715]]]}"
163,2161628, ,2024-01-17,Local Road Rehabilitation,KITSON DR<br> From: [229 m W] CHINE DR [CUL-DE-SAC]<br> To: CHINE DR ,"Replacement of partial road pavement structure or entire road pavement structure for either partial lane width, full lane width or full road width. This could include the asphalt and underlying support materials. Repair, improvement or replacement of road drainage, damaged sidewalk, boulevards and curbs. Work may include the closure of individual lanes or the entire road.",Q2 2025 - Q3 2025,Active,None,Transportation Services,"Christy Manoharan, Engineering and Construction Services",cmanoha@toronto.ca,https://www.toronto.ca/services-payments/streets-parking-transportation/road-maintenance/road-sidewalk-repair/,TS_Road_Reconstruction,12,2024,EXTERNAL,"{""type"": ""MultiLineString"", ""coordinates"": [[[-79.2474057752822, 43.7140967387931], [-79.2476357439036, 43.7146603653366], [-79.2478938565936, 43.7152668364037], [-79.2479294218134, 43.7153116240719], [-79.2479615388548, 43.7153559990691], [-79.2479880520617, 43.715387237873], [-79.2480065459816, 43.7154190710768], [-79.2480121590013, 43.7154477974527], [-79.2480041861543, 43.71546395513], [-79.2479846279746, 43.7154995119709], [-79.2479500704222, 43.7155192385331], [-79.2478947519648, 43.7155328074452], [-79.2478394209972, 43.7155463943054], [-79.2477803665515, 43.7155512147024], [-79.2477186461017, 43.7155614389385], [-79.2476470881044, 43.7155678518949], [-79.2474932708085, 43.7156022840473], [-79.2473946948785, 43.7156267386795], [-79.2473289412189, 43.7156546412559], [-79.2472585514631, 43.7156871871917], [-79.2472053385496, 43.7157134791972], [-79.2471603705173, 43.7157475124916], [-79.2471134447734, 43.715780803334], [-79.2470473126243, 43.7158543592692]]]}"
164,2168098,TS2023-17-087,2024-02-14,Local Road Reconstruction,EARLYWOOD CRT<br> From: FOREST GROVE DR<br> To: [75 m N] FOREST GROVE DR [CUL-DE-SAC] ,"Replacement of the entire road pavement structure, including the asphalt and underlying support materials. Repair, improvement, or replacement of: road drainage, curbs, boulevards and sidewalks. Work may include the closure of individual lanes or the entire road.  Also, includes the replacement of the City-owned portion of substandard water service connections. The property owner is encouraged to replace the private portion of the substandard water service connection, as well. Also, includes the replacement of the City-owned portion of substandard water service connections. The property owner is encouraged to replace the private portion of the substandard water service connection, as well.",Q2 2024 - Q4 2024,Active,1 - Projects with approved or allocated funding in the Capital Works Program.,Transportation Services,"Christy Manoharan, Engineering and Construction Services",cmanoha@toronto.ca,https://www.toronto.ca/services-payments/streets-parking-transportation/road-maintenance/road-sidewalk-repair/,TS_Road_Reconstruction,12,2024,EXTERNAL,"{""type"": ""MultiLineString"", ""coordinates"": [[[-79.3778344216141, 43.7794460188799], [-79.3779257971102, 43.779725431388], [-79.3780066770719, 43.780034752448]]]}"
165,2174626,TS2024-02-033,2024-03-14,Major Road Reconstruction,RATHBURN RD<br> From: ELMCREST RD<br> To: MILL RD ,"Replacement of the entire road pavement structure, including the asphalt and underlying support materials. Repair, improvement, or replacement of: road drainage, curbs, boulevards and sidewalks. Work may include the closure of individual lanes or the entire road.  Also, includes the replacement of the City-owned portion of substandard water service connections. The property owner is encouraged to replace the private portion of the substandard water service connection, as well. Also, includes the replacement of the City-owned portion of substandard water service connections. The property owner is encouraged to replace the private portion of the substandard water service connection, as well.",Q2 2027 - Q4 2028,Active,1 - Projects with approved or allocated funding in the Capital Works Program.,Transportation Services,"Brian Nolan, Engineering and Construction Services",bnolan3@toronto.ca,https://www.toronto.ca/services-payments/streets-parking-transportation/road-maintenance/road-sidewalk-repair/,TS_Road_Reconstruction,12,2026,EXTERNAL,"{""type"": ""MultiLineString"", ""coordinates"": [[[-79.5868317875613, 43.6475271106999], [-79.5874367619522, 43.6471609060871], [-79.5874991555519, 43.6471217204081], [-79.5894788287678, 43.6458786024529], [-79.5900293973818, 43.6455330847288], [-79.5900630194625, 43.6455117700085]]]}"
166,2174637,TS2024-02-033,2024-03-14,Major Road Reconstruction,RATHBURN RD<br> From: MILL RD<br> To: DEAD END ,"Replacement of the entire road pavement structure, including the asphalt and underlying support materials. Repair, improvement, or replacement of: road drainage, curbs, boulevards and sidewalks. Work may include the closure of individual lanes or the entire road.  Also, includes the replacement of the City-owned portion of substandard water service connections. The property owner is encouraged to replace the private portion of the substandard water service connection, as well. Also, includes the replacement of the City-owned portion of substandard water service connections. The property owner is encouraged to replace the private portion of the substandard water service connection, as well.",Q2 2027 - Q4 2028,Active,1 - Projects with approved or allocated funding in the Capital Works Program.,Transportation Services,"Brian Nolan, Engineering and Construction Services",bnolan3@toronto.ca,https://www.toronto.ca/services-payments/streets-parking-transportation/road-maintenance/road-sidewalk-repair/,TS_Road_Reconstruction,12,2026,EXTERNAL,"{""type"": ""MultiLineString"", ""coordinates"": [[[-79.5900630194625, 43.6455117700085], [-79.5902383795473, 43.6453794556221], [-79.59041793303, 43.6452501351028], [-79.590601556037, 43.6451238625376], [-79.5907616613967, 43.6449710813137], [-79.5909144095462, 43.6448143721143], [-79.591059602473, 43.6446539241551], [-79.5911205103765, 43.6445945655963], [-79.5911747444207, 43.6445318728191], [-79.591221958175, 43.6444662601726], [-79.5912618671904, 43.6443981419552]]]}"
167,2178176,TS2023-20-242,2024-04-05,Local Road Rehabilitation,QUEEN ST E<br> From: VICTORIA PARK AVE<br> To: BLANTYRE AVE ,"Replacement of partial road pavement structure or entire road pavement structure for either partial lane width, full lane width or full road width. This could include the asphalt and underlying support materials. Repair, improvement or replacement of road drainage, damaged sidewalk, boulevards and curbs. Work may include the closure of individual lanes or the entire road.",Q1 2024 - Q4 2024,Active,None,Transportation Services,"Angela Au, Engineering and Construction Services",aau2@toronto.ca,https://www.toronto.ca/services-payments/streets-parking-transportation/road-maintenance/road-sidewalk-repair/,TS_Road_Reconstruction,12,2024,EXTERNAL,"{""type"": ""MultiLineString"", ""coordinates"": [[[-79.280207080446, 43.6742744154676], [-79.2800461255112, 43.6743175552487], [-79.2798463653279, 43.6743914405939], [-79.2796340982651, 43.6744668767101], [-79.2794219431041, 43.6745387031176], [-79.2791995551749, 43.6746175664002], [-79.2790006597009, 43.6746816855015], [-79.2788307520282, 43.6747442311067], [-79.2787488828365, 43.6747730029172]]]}"
168,2178182, ,2024-04-05,Laneway Reconstruction,KENSINGTON PL<br> From: [39 m S] KENSINGTON PL [BRANCH]<br> To: [18.40 m N] KENSINGTON PL [BRANCH] ,"Replacement of the entire laneway pavement structure, including the asphalt, concrete and underlying support materials. Repair, improvement, or replacement of laneway drainage, curbs, and associated areas. Work may include the closure of individual lanes or the entire laneway. Also, includes the replacement of the City-owned portion of substandard water service connections. The property owner is encouraged to replace the private portion of the substandard water service connection, as well.",Q2 2026 - Q2 2027,Active,1 - Projects with approved or allocated funding in the Capital Works Program.,Transportation Services,"Steven Bertolo, Engineering and Construction Services",sbertol@toronto.ca,https://www.toronto.ca/services-payments/streets-parking-transportation/road-maintenance/road-sidewalk-repair/,TS_Road_Reconstruction,12,2025,EXTERNAL,"{""type"": ""MultiLineString"", ""coordinates"": [[[-79.4007499885257, 43.6534883531], [-79.4007728962798, 43.6535424261276], [-79.4009048477037, 43.6538315831116], [-79.4009158663954, 43.6538557072933], [-79.4009701321052, 43.6539746622165]]]}"
169,2178186, ,2024-04-05,Laneway Reconstruction,[38.10 m N] BLOOR ST W<br> From: DORVAL RD<br> To: INDIAN RD ,"Replacement of the entire laneway pavement structure, including the asphalt, concrete and underlying support materials. Repair, improvement, or replacement of laneway drainage, curbs, and associated areas. Work may include the closure of individual lanes or the entire laneway. Also, includes the replacement of the City-owned portion of substandard water service connections. The property owner is encouraged to replace the private portion of the substandard water service connection, as well.",Q4 2024 - Q3 2025 (Carry-Over),Active,1 - Projects with approved or allocated funding in the Capital Works Program.,Transportation Services,"Amran Durrani, Engineering and Construction Services",adurran2@toronto.ca,https://www.toronto.ca/services-payments/streets-parking-transportation/road-maintenance/road-sidewalk-repair/,TS_Road_Reconstruction,12,2024,EXTERNAL,"{""type"": ""MultiLineString"", ""coordinates"": [[[-79.4544593664064, 43.6563821692756], [-79.4569734038607, 43.6558233040778]]]}"
170,2178218, ,2024-04-05,Local Road Rehabilitation,BOSWELL AVE<br> From: [240.80 m E] BEDFORD RD [END]<br> To: BEDFORD RD ,"Replacement of partial road pavement structure or entire road pavement structure for either partial lane width, full lane width or full road width. This could include the asphalt and underlying support materials. Repair, improvement or replacement of road drainage, damaged sidewalk, boulevards and curbs. Work may include the closure of individual lanes or the entire road.",Q1 2025 - Q4 2025,Active,None,Transportation Services,"Angela Au, Engineering and Construction Services",aau2@toronto.ca,https://www.toronto.ca/services-payments/streets-parking-transportation/road-maintenance/road-sidewalk-repair/,TS_Road_Reconstruction,12,2024,EXTERNAL,"{""type"": ""MultiLineString"", ""coordinates"": [[[-79.3959798927594, 43.6726076581763], [-79.3988644329478, 43.6720084809835]]]}"
171,2178231, ,2024-04-05,Local Road Reconstruction,DRAPER ST<br> From: FRONT ST W<br> To: WELLINGTON ST W ,"Replacement of the entire road pavement structure, including the asphalt and underlying support materials. Repair, improvement, or replacement of: road drainage, curbs, boulevards and sidewalks. Work may include the closure of individual lanes or the entire road.  Also, includes the replacement of the City-owned portion of substandard water service connections. The property owner is encouraged to replace the private portion of the substandard water service connection, as well. Also, includes the replacement of the City-owned portion of substandard water service connections. The property owner is encouraged to replace the private portion of the substandard water service connection, as well.",Q1 2025 - Q3 2025,Active,1 - Projects with approved or allocated funding in the Capital Works Program.,Transportation Services,"Angela Au, Engineering and Construction Services",aau2@toronto.ca,https://www.toronto.ca/services-payments/streets-parking-transportation/road-maintenance/road-sidewalk-repair/,TS_Road_Reconstruction,12,2024,EXTERNAL,"{""type"": ""MultiLineString"", ""coordinates"": [[[-79.397586675299, 43.6417692062314], [-79.3982472360915, 43.6433006416075]]]}"
172,2178258, ,2024-04-05,Laneway Reconstruction,[31.40 m N] ST CLAIR AVE W<br> From: SILVERTHORN AVE<br> To: CLOVERDALE RD ,"Replacement of the entire laneway pavement structure, including the asphalt, concrete and underlying support materials. Repair, improvement, or replacement of laneway drainage, curbs, and associated areas. Work may include the closure of individual lanes or the entire laneway. Also, includes the replacement of the City-owned portion of substandard water service connections. The property owner is encouraged to replace the private portion of the substandard water service connection, as well.",Q1 2025 - Q2 2025 (Carry-Over),Active,1 - Projects with approved or allocated funding in the Capital Works Program.,Transportation Services,"Matthew McAinsh, Engineering and Construction Services",mmcains@toronto.ca,https://www.toronto.ca/services-payments/streets-parking-transportation/road-maintenance/road-sidewalk-repair/,TS_Road_Reconstruction,12,2024,EXTERNAL,"{""type"": ""MultiLineString"", ""coordinates"": [[[-79.4601960765694, 43.6746117487365], [-79.4616994535068, 43.6742792673867]]]}"
173,2178288, ,2024-04-05,Local Road Rehabilitation,FORD ST<br> From: CONNOLLY ST<br> To: ST CLAIR AVE W ,"Replacement of partial road pavement structure or entire road pavement structure for either partial lane width, full lane width or full road width. This could include the asphalt and underlying support materials. Repair, improvement or replacement of road drainage, damaged sidewalk, boulevards and curbs. Work may include the closure of individual lanes or the entire road.",Q1 2025 - Q2 2025 (Carry-Over),Active,None,Transportation Services,"Matthew McAinsh, Engineering and Construction Services",mmcains@toronto.ca,https://www.toronto.ca/services-payments/streets-parking-transportation/road-maintenance/road-sidewalk-repair/,TS_Road_Reconstruction,12,2024,EXTERNAL,"{""type"": ""MultiLineString"", ""coordinates"": [[[-79.461764733777, 43.6718978806116], [-79.4625167888972, 43.6736548284331]]]}"
174,2178314, ,2024-04-05,Local Road Rehabilitation,EUCLID AVE (TO)<br> From: ROBINSON ST<br> To: DUNDAS ST W ,"Replacement of partial road pavement structure or entire road pavement structure for either partial lane width, full lane width or full road width. This could include the asphalt and underlying support materials. Repair, improvement or replacement of road drainage, damaged sidewalk, boulevards and curbs. Work may include the closure of individual lanes or the entire road.",Q1 2025 - Q4 2025,Active,None,Transportation Services,"Angela Au, Engineering and Construction Services",aau2@toronto.ca,https://www.toronto.ca/services-payments/streets-parking-transportation/road-maintenance/road-sidewalk-repair/,TS_Road_Reconstruction,12,2024,EXTERNAL,"{""type"": ""MultiLineString"", ""coordinates"": [[[-79.4083232916074, 43.6480868943883], [-79.4083917312743, 43.6482331044052], [-79.4092085891003, 43.6502714755365], [-79.4093284593465, 43.6505709019254], [-79.4097223501886, 43.6515546842261]]]}"
175,2178326, ,2024-04-05,Major Road Reconstruction,SHEPPARD AVE E<br> From: LESLIE ST (N YK)<br> To: BAYVIEW AVE ,"Replacement of the entire road pavement structure, including the asphalt and underlying support materials. Repair, improvement, or replacement of: road drainage, curbs, boulevards and sidewalks. Work may include the closure of individual lanes or the entire road.  Also, includes the replacement of the City-owned portion of substandard water service connections. The property owner is encouraged to replace the private portion of the substandard water service connection, as well. Also, includes the replacement of the City-owned portion of substandard water service connections. The property owner is encouraged to replace the private portion of the substandard water service connection, as well.",Q3 2025 - Q4 2027,Active,1 - Projects with approved or allocated funding in the Capital Works Program.,Transportation Services,"Brian Nolan, Engineering and Construction Services",bnolan3@toronto.ca,https://www.toronto.ca/services-payments/streets-parking-transportation/road-maintenance/road-sidewalk-repair/,TS_Road_Reconstruction,12,2025,EXTERNAL,"{""type"": ""MultiLineString"", ""coordinates"": [[[-79.3880562118249, 43.7665892748458], [-79.3876468808477, 43.7667221266257], [-79.3871605383973, 43.7668957302683], [-79.3868029121111, 43.7670144802034], [-79.3865688798278, 43.7670818740173], [-79.3861227165291, 43.7671746195334], [-79.3855614846272, 43.7672880678713], [-79.384985936865, 43.7674106622426], [-79.3839924385742, 43.7676185934643], [-79.3831395436292, 43.7678037789004], [-79.3820555460715, 43.7680436808904], [-79.3811676313255, 43.7682317948422], [-79.3803249927782, 43.768409876992], [-79.3792813242329, 43.7686396415394], [-79.3783763710394, 43.7688359518618], [-79.3774917775647, 43.7690224655579], [-79.3766486721295, 43.7691994399361], [-79.3753107485286, 43.7694751162686], [-79.3741998127935, 43.769713726131], [-79.3727518693592, 43.7700220786065], [-79.3712675328074, 43.7703576452833], [-79.3695699865252, 43.7707355880949], [-79.3683140349718, 43.7710191069753], [-79.3682572657107, 43.7710319222277], [-79.3674816965951, 43.7711890681659], [-79.366794013259, 43.7713315583813], [-79.3662784620799, 43.7714360000076], [-79.3660652613728, 43.7714627808809], [-79.3655514959956, 43.7715009097084], [-79.3641360737117, 43.7716437677079]]]}"
176,2178330,TS2023-11-436,2024-04-05,Local Road Reconstruction,BALDWIN ST<br> From: [98 m W] SPADINA AVE<br> To: KENSINGTON AVE (TO) ,"Replacement of the entire road pavement structure, including the asphalt and underlying support materials. Repair, improvement, or replacement of: road drainage, curbs, boulevards and sidewalks. Work may include the closure of individual lanes or the entire road.  Also, includes the replacement of the City-owned portion of substandard water service connections. The property owner is encouraged to replace the private portion of the substandard water service connection, as well. Also, includes the replacement of the City-owned portion of substandard water service connections. The property owner is encouraged to replace the private portion of the substandard water service connection, as well.",Q2 2026 - Q2 2027,Active,1 - Projects with approved or allocated funding in the Capital Works Program.,Transportation Services,"Steven Bertolo, Engineering and Construction Services",sbertol@toronto.ca,https://www.toronto.ca/services-payments/streets-parking-transportation/road-maintenance/road-sidewalk-repair/,TS_Road_Reconstruction,12,2025,EXTERNAL,"{""type"": ""MultiLineString"", ""coordinates"": [[[-79.4002782277281, 43.6548582997671], [-79.4007089263197, 43.6547691742142]]]}"
177,2178331, ,2024-04-05,Laneway Reconstruction,FITZROY TER<br> From: KENSINGTON AVE (TO)<br> To: [50 m W] KENSINGTON AVE (TO) ,"Replacement of the entire laneway pavement structure, including the asphalt, concrete and underlying support materials. Repair, improvement, or replacement of laneway drainage, curbs, and associated areas. Work may include the closure of individual lanes or the entire laneway. Also, includes the replacement of the City-owned portion of substandard water service connections. The property owner is encouraged to replace the private portion of the substandard water service connection, as well.",Q2 2026 - Q2 2027,Active,1 - Projects with approved or allocated funding in the Capital Works Program.,Transportation Services,"Steven Bertolo, Engineering and Construction Services",sbertol@toronto.ca,https://www.toronto.ca/services-payments/streets-parking-transportation/road-maintenance/road-sidewalk-repair/,TS_Road_Reconstruction,12,2025,EXTERNAL,"{""type"": ""MultiLineString"", ""coordinates"": [[[-79.4001992261045, 43.6534389242195], [-79.4007953113944, 43.6533083653234]]]}"
178,2178334,TS2024-09-008,2024-04-05,Major Road Reconstruction,DUFFERIN ST<br> From: DUPONT ST<br> To: GEARY AVE ,"Replacement of the entire road pavement structure, including the asphalt and underlying support materials. Repair, improvement, or replacement of: road drainage, curbs, boulevards and sidewalks. Work may include the closure of individual lanes or the entire road.  Also, includes the replacement of the City-owned portion of substandard water service connections. The property owner is encouraged to replace the private portion of the substandard water service connection, as well. Also, includes the replacement of the City-owned portion of substandard water service connections. The property owner is encouraged to replace the private portion of the substandard water service connection, as well.",Q4 2024 - Q3 2025,Active,1 - Projects with approved or allocated funding in the Capital Works Program.,Transportation Services,"Yang (Seamus) Liu, Engineering and Construction Services",sliu@toronto.ca,https://www.toronto.ca/services-payments/streets-parking-transportation/road-maintenance/road-sidewalk-repair/,TS_Road_Reconstruction,12,2024,EXTERNAL,"{""type"": ""MultiLineString"", ""coordinates"": [[[-79.4390359264614, 43.668464812907], [-79.439279081108, 43.6689836980941], [-79.4392895736509, 43.6690064950388], [-79.4394758299351, 43.66941121265], [-79.4395193759978, 43.6695390635977]]]}"
179,2178337, ,2024-04-05,Laneway Reconstruction,Reggae LN ([30 m S] EGLINTON AVE W)<br> From: [48 m W] ALAMEDA AVE<br> To: OAKWOOD AVE ,"Replacement of the entire laneway pavement structure, including the asphalt, concrete and underlying support materials. Repair, improvement, or replacement of laneway drainage, curbs, and associated areas. Work may include the closure of individual lanes or the entire laneway. Also, includes the replacement of the City-owned portion of substandard water service connections. The property owner is encouraged to replace the private portion of the substandard water service connection, as well.",Q1 2025 - Q4 2025,Active,1 - Projects with approved or allocated funding in the Capital Works Program.,Transportation Services,"Angela Au, Engineering and Construction Services",aau2@toronto.ca,https://www.toronto.ca/services-payments/streets-parking-transportation/road-maintenance/road-sidewalk-repair/,TS_Road_Reconstruction,12,2024,EXTERNAL,"{""type"": ""MultiLineString"", ""coordinates"": [[[-79.4426455670981, 43.6969425141823], [-79.4419622426455, 43.6970910325683], [-79.4419478240541, 43.6970551731194], [-79.4407554329638, 43.6973174709258]]]}"
180,2179299, ,2024-04-10,Major Road Reconstruction,STEELES AVE E<br> From: BRIMLEY RD<br> To: MIDLAND AVE ,"Replacement of the entire road pavement structure, including the asphalt and underlying support materials. Repair, improvement, or replacement of: road drainage, curbs, boulevards and sidewalks. Work may include the closure of individual lanes or the entire road.  Also, includes the replacement of the City-owned portion of substandard water service connections. The property owner is encouraged to replace the private portion of the substandard water service connection, as well. Also, includes the replacement of the City-owned portion of substandard water service connections. The property owner is encouraged to replace the private portion of the substandard water service connection, as well.",Q2 2024 - Q3 2025,Active,1 - Projects with approved or allocated funding in the Capital Works Program.,Transportation Services,"Brian Nolan, Engineering and Construction Services",bnolan3@toronto.ca,https://www.toronto.ca/services-payments/streets-parking-transportation/road-maintenance/road-sidewalk-repair/,TS_Road_Reconstruction,12,2024,EXTERNAL,"{""type"": ""MultiLineString"", ""coordinates"": [[[-79.2973325288169, 43.8259504741618], [-79.2965905046817, 43.8261287184684], [-79.2965858136712, 43.8261298442553], [-79.2959933881964, 43.8262721484992], [-79.2954561631618, 43.8263959252406], [-79.2941324768263, 43.826700890397], [-79.2939728348282, 43.826737786179], [-79.2931126561836, 43.8269365243021], [-79.291746088909, 43.8272522754582], [-79.2913492036672, 43.827343956637], [-79.2894795725982, 43.8277725977592], [-79.287539331692, 43.8282010410108], [-79.2872021430405, 43.8282949339856]]]}"
181,2180053, ,2024-04-12,Major Road Rehabilitation,DUPONT ST<br> From: MADISON AVE<br> To: [21.30 m E] SPADINA RD (TO) ,"Replacement of partial road pavement structure or entire road pavement structure for either partial lane width, full lane width or full road width. This could include the asphalt and underlying support materials. Repair, improvement or replacement of road drainage, damaged sidewalk, boulevards and curbs. Work may include the closure of individual lanes or the entire road.",Q3 2026 - Q3 2027,Active,None,Transportation Services,"Md Abdus Salam, Engineering and Construction Services",msalam@toronto.ca,https://www.toronto.ca/services-payments/streets-parking-transportation/road-maintenance/road-sidewalk-repair/,TS_Road_Reconstruction,12,2026,EXTERNAL,"{""type"": ""MultiLineString"", ""coordinates"": [[[-79.4059769610946, 43.6751085685439], [-79.406863209931, 43.6749142174187]]]}"
182,2180054, ,2024-04-12,Major Road Rehabilitation,DUPONT ST<br> From: HURON ST<br> To: MADISON AVE ,"Replacement of partial road pavement structure or entire road pavement structure for either partial lane width, full lane width or full road width. This could include the asphalt and underlying support materials. Repair, improvement or replacement of road drainage, damaged sidewalk, boulevards and curbs. Work may include the closure of individual lanes or the entire road.",Q3 2026 - Q3 2027,Active,None,Transportation Services,"Md Abdus Salam, Engineering and Construction Services",msalam@toronto.ca,https://www.toronto.ca/services-payments/streets-parking-transportation/road-maintenance/road-sidewalk-repair/,TS_Road_Reconstruction,12,2026,EXTERNAL,"{""type"": ""MultiLineString"", ""coordinates"": [[[-79.4047887879525, 43.6753576507846], [-79.4059769610946, 43.6751085685439]]]}"
183,2180055, ,2024-04-12,Major Road Rehabilitation,DUPONT ST<br> From: DAVENPORT RD<br> To: ST GEORGE ST (TO) ,"Replacement of partial road pavement structure or entire road pavement structure for either partial lane width, full lane width or full road width. This could include the asphalt and underlying support materials. Repair, improvement or replacement of road drainage, damaged sidewalk, boulevards and curbs. Work may include the closure of individual lanes or the entire road.",Q3 2026 - Q3 2027,Active,None,Transportation Services,"Md Abdus Salam, Engineering and Construction Services",msalam@toronto.ca,https://www.toronto.ca/services-payments/streets-parking-transportation/road-maintenance/road-sidewalk-repair/,TS_Road_Reconstruction,12,2026,EXTERNAL,"{""type"": ""MultiLineString"", ""coordinates"": [[[-79.4025942469293, 43.6758100175078], [-79.4036003140794, 43.6755947756571]]]}"
184,2180067, ,2024-04-12,Major Road Rehabilitation,DUPONT ST<br> From: ST GEORGE ST (TO)<br> To: HURON ST ,"Replacement of partial road pavement structure or entire road pavement structure for either partial lane width, full lane width or full road width. This could include the asphalt and underlying support materials. Repair, improvement or replacement of road drainage, damaged sidewalk, boulevards and curbs. Work may include the closure of individual lanes or the entire road.",Q3 2026 - Q3 2027,Active,None,Transportation Services,"Md Abdus Salam, Engineering and Construction Services",msalam@toronto.ca,https://www.toronto.ca/services-payments/streets-parking-transportation/road-maintenance/road-sidewalk-repair/,TS_Road_Reconstruction,12,2026,EXTERNAL,"{""type"": ""MultiLineString"", ""coordinates"": [[[-79.4036003140794, 43.6755947756571], [-79.4041738533477, 43.6754803470269], [-79.4047887879525, 43.6753576507846]]]}"
185,2180225, ,2024-04-12,Major Road Rehabilitation,KEELE ST<br> From: FINCH AVE W<br> To: STEELES AVE W ,"Replacement of partial road pavement structure or entire road pavement structure for either partial lane width, full lane width or full road width. This could include the asphalt and underlying support materials. Repair, improvement or replacement of road drainage, damaged sidewalk, boulevards and curbs. Work may include the closure of individual lanes or the entire road.",Q2 2026 - Q4 2026,Active,None,Transportation Services,"Adel Roufail, Engineering and Construction Services",aroufai@toronto.ca,https://www.toronto.ca/services-payments/streets-parking-transportation/road-maintenance/road-sidewalk-repair/,TS_Road_Reconstruction,12,2026,EXTERNAL,"{""type"": ""MultiLineString"", ""coordinates"": [[[-79.4910534106917, 43.7635021618319], [-79.4916590072426, 43.7657154539496], [-79.4917365780998, 43.7660340923094], [-79.4918108229597, 43.76633904857], [-79.4920120363848, 43.7671656499246], [-79.4920222654122, 43.7672076501293], [-79.492047900111, 43.7673129206751], [-79.493239882162, 43.7719900697569], [-79.4939610215053, 43.7748195549116], [-79.4940388244767, 43.77516887618], [-79.4940486709766, 43.7752130724083], [-79.4940587288638, 43.7752553153939], [-79.4945741214528, 43.7774193374245], [-79.4946234878624, 43.7775764820146], [-79.494644673321, 43.7776642533217], [-79.4946494140464, 43.7777179724668], [-79.4946566120021, 43.7777997663438], [-79.4946727146158, 43.7779103103387], [-79.494673539604, 43.7779930400352], [-79.4946836080556, 43.7780664809643], [-79.4946870671965, 43.7781438190865], [-79.4946807377352, 43.7782137307961], [-79.4946841951784, 43.778310286391], [-79.4946792674925, 43.7784027370656], [-79.4946799162283, 43.7785119301534], [-79.4946774356893, 43.7786062171749], [-79.4946752401325, 43.7787088392807], [-79.4946483309748, 43.7788578882043], [-79.4945988005041, 43.7789927862306], [-79.4945677570928, 43.7791091067226], [-79.4945386905206, 43.7792069659241], [-79.49451858256, 43.7792871832778], [-79.4944932934262, 43.7793745742997], [-79.4944589457507, 43.7794832346104], [-79.4944443892125, 43.7795802213718], [-79.4944246656825, 43.7796651553286], [-79.4944073020011, 43.779755589103], [-79.4943710517995, 43.779879083193], [-79.4943572643785, 43.7799855211886], [-79.4943428945869, 43.7800752620069], [-79.4943343861934, 43.7801901253394], [-79.4943094544153, 43.7803014774016], [-79.4943066133911, 43.7803910297595], [-79.494303645952, 43.7805034630471], [-79.494314355508, 43.7806284176209], [-79.4943282711087, 43.7807454513334], [-79.4943429597538, 43.7808334833586], [-79.4943600083897, 43.7809269972003], [-79.4943742215297, 43.7810523839874], [-79.4944003842973, 43.7811979159398], [-79.4944274198736, 43.7813108097397], [-79.4944517339498, 43.7814327315563], [-79.4945063595238, 43.7815790749568]]]}"
186,2180551, ,2024-04-16,Local Road Rehabilitation,SEATON ST<br> From: DUNDAS ST E<br> To: GERRARD ST E ,"Replacement of partial road pavement structure or entire road pavement structure for either partial lane width, full lane width or full road width. This could include the asphalt and underlying support materials. Repair, improvement or replacement of road drainage, damaged sidewalk, boulevards and curbs. Work may include the closure of individual lanes or the entire road.",Q1 2025 - Q4 2025,Active,None,Transportation Services,"Angela Au, Engineering and Construction Services",aau2@toronto.ca,https://www.toronto.ca/services-payments/streets-parking-transportation/road-maintenance/road-sidewalk-repair/,TS_Road_Reconstruction,12,2024,EXTERNAL,"{""type"": ""MultiLineString"", ""coordinates"": [[[-79.3695116514755, 43.6586590331536], [-79.3696886692746, 43.6590910476874], [-79.3701539004833, 43.6602263587056], [-79.3705442807723, 43.6611790626332], [-79.3707022076572, 43.66156440883]]]}"
187,2180615,TS2023-13-097,2024-04-16,Local Road Rehabilitation,SEATON ST<br> From: SHUTER ST<br> To: DUNDAS ST E ,"Replacement of partial road pavement structure or entire road pavement structure for either partial lane width, full lane width or full road width. This could include the asphalt and underlying support materials. Repair, improvement or replacement of road drainage, damaged sidewalk, boulevards and curbs. Work may include the closure of individual lanes or the entire road.",Q1 2025 - Q4 2025,Active,None,Transportation Services,"Angela Au, Engineering and Construction Services",aau2@toronto.ca,https://www.toronto.ca/services-payments/streets-parking-transportation/road-maintenance/road-sidewalk-repair/,TS_Road_Reconstruction,12,2024,EXTERNAL,"{""type"": ""MultiLineString"", ""coordinates"": [[[-79.368620642757, 43.6563200832444], [-79.3686234425271, 43.6564347906738], [-79.3688276678322, 43.6569945761284], [-79.3688343106512, 43.6570127934811], [-79.3688388213557, 43.6570251665111], [-79.3688460188537, 43.6570448697221], [-79.3689647967287, 43.6573329681045], [-79.3693147489878, 43.6581815477775], [-79.3693565835704, 43.6582829957782], [-79.3695116514755, 43.6586590331536]]]}"
188,2180627,TS2023-11-436,2024-04-16,Local Road Reconstruction,BALDWIN ST<br> From: KENSINGTON AVE (TO)<br> To: AUGUSTA AVE ,"Replacement of the entire road pavement structure, including the asphalt and underlying support materials. Repair, improvement, or replacement of: road drainage, curbs, boulevards and sidewalks. Work may include the closure of individual lanes or the entire road.  Also, includes the replacement of the City-owned portion of substandard water service connections. The property owner is encouraged to replace the private portion of the substandard water service connection, as well. Also, includes the replacement of the City-owned portion of substandard water service connections. The property owner is encouraged to replace the private portion of the substandard water service connection, as well.",Q2 2026 - Q2 2027,Active,1 - Projects with approved or allocated funding in the Capital Works Program.,Transportation Services,"Steven Bertolo, Engineering and Construction Services",sbertol@toronto.ca,https://www.toronto.ca/services-payments/streets-parking-transportation/road-maintenance/road-sidewalk-repair/,TS_Road_Reconstruction,12,2025,EXTERNAL,"{""type"": ""MultiLineString"", ""coordinates"": [[[-79.4007089263197, 43.6547691742142], [-79.4015134758732, 43.6546146958575], [-79.4020351709196, 43.6545084150726]]]}"
189,2180651,TS2023-10_11-435,2024-04-16,Local Road Reconstruction,AUGUSTA AVE<br> From: WALES AVE<br> To: DENISON SQ ,"Replacement of the entire road pavement structure, including the asphalt and underlying support materials. Repair, improvement, or replacement of: road drainage, curbs, boulevards and sidewalks. Work may include the closure of individual lanes or the entire road.  Also, includes the replacement of the City-owned portion of substandard water service connections. The property owner is encouraged to replace the private portion of the substandard water service connection, as well. Also, includes the replacement of the City-owned portion of substandard water service connections. The property owner is encouraged to replace the private portion of the substandard water service connection, as well.",Q2 2026 - Q2 2027,Active,1 - Projects with approved or allocated funding in the Capital Works Program.,Transportation Services,"Steven Bertolo, Engineering and Construction Services",sbertol@toronto.ca,https://www.toronto.ca/services-payments/streets-parking-transportation/road-maintenance/road-sidewalk-repair/,TS_Road_Reconstruction,12,2025,EXTERNAL,"{""type"": ""MultiLineString"", ""coordinates"": [[[-79.401568830851, 43.653346812673], [-79.4017770609106, 43.6538823474021]]]}"
190,2180652,TS2023-10_11-435,2024-04-16,Local Road Reconstruction,AUGUSTA AVE<br> From: DUNDAS ST W<br> To: WALES AVE ,"Replacement of the entire road pavement structure, including the asphalt and underlying support materials. Repair, improvement, or replacement of: road drainage, curbs, boulevards and sidewalks. Work may include the closure of individual lanes or the entire road.  Also, includes the replacement of the City-owned portion of substandard water service connections. The property owner is encouraged to replace the private portion of the substandard water service connection, as well. Also, includes the replacement of the City-owned portion of substandard water service connections. The property owner is encouraged to replace the private portion of the substandard water service connection, as well.",2025 - 2026,Active,1 - Projects with approved or allocated funding in the Capital Works Program.,Transportation Services,<Null> Transportation Roads State of Good Repair,RoadSOGR@toronto.ca,https://www.toronto.ca/services-payments/streets-parking-transportation/road-maintenance/road-sidewalk-repair/,TS_Road_Reconstruction,12,2025,EXTERNAL,"{""type"": ""MultiLineString"", ""coordinates"": [[[-79.4011469042311, 43.6522746030286], [-79.4012953966375, 43.6526519332204], [-79.401310162027, 43.6526894546233], [-79.4014380266513, 43.6530143608951], [-79.401568830851, 43.653346812673]]]}"
191,2180661,TS2023-11-436,2024-04-16,Local Road Reconstruction,BALDWIN ST<br> From: SPADINA AVE<br> To: [98 m W] SPADINA AVE ,"Replacement of the entire road pavement structure, including the asphalt and underlying support materials. Repair, improvement, or replacement of: road drainage, curbs, boulevards and sidewalks. Work may include the closure of individual lanes or the entire road.  Also, includes the replacement of the City-owned portion of substandard water service connections. The property owner is encouraged to replace the private portion of the substandard water service connection, as well. Also, includes the replacement of the City-owned portion of substandard water service connections. The property owner is encouraged to replace the private portion of the substandard water service connection, as well.",Q2 2026 - Q2 2027,Active,1 - Projects with approved or allocated funding in the Capital Works Program.,Transportation Services,"Steven Bertolo, Engineering and Construction Services",sbertol@toronto.ca,https://www.toronto.ca/services-payments/streets-parking-transportation/road-maintenance/road-sidewalk-repair/,TS_Road_Reconstruction,12,2025,EXTERNAL,"{""type"": ""MultiLineString"", ""coordinates"": [[[-79.3989262111511, 43.6551380265815], [-79.4002782277281, 43.6548582997671]]]}"
192,2180662,TS2023-11-101,2024-04-16,Local Road Reconstruction,KENSINGTON AVE (TO)<br> From: DUNDAS ST W<br> To: FITZROY TER ,"Replacement of the entire road pavement structure, including the asphalt and underlying support materials. Repair, improvement, or replacement of: road drainage, curbs, boulevards and sidewalks. Work may include the closure of individual lanes or the entire road.  Also, includes the replacement of the City-owned portion of substandard water service connections. The property owner is encouraged to replace the private portion of the substandard water service connection, as well. Also, includes the replacement of the City-owned portion of substandard water service connections. The property owner is encouraged to replace the private portion of the substandard water service connection, as well.",Q2 2026 - Q2 2027,Active,1 - Projects with approved or allocated funding in the Capital Works Program.,Transportation Services,"Steven Bertolo, Engineering and Construction Services",sbertol@toronto.ca,https://www.toronto.ca/services-payments/streets-parking-transportation/road-maintenance/road-sidewalk-repair/,TS_Road_Reconstruction,12,2025,EXTERNAL,"{""type"": ""MultiLineString"", ""coordinates"": [[[-79.3998708242733, 43.6525513283239], [-79.4001832025141, 43.653397900052], [-79.4001992261045, 43.6534389242195]]]}"
193,2180663,TS2023-11-101,2024-04-16,Local Road Reconstruction,KENSINGTON AVE (TO)<br> From: FITZROY TER<br> To: KENSINGTON PL ,"Replacement of the entire road pavement structure, including the asphalt and underlying support materials. Repair, improvement, or replacement of: road drainage, curbs, boulevards and sidewalks. Work may include the closure of individual lanes or the entire road.  Also, includes the replacement of the City-owned portion of substandard water service connections. The property owner is encouraged to replace the private portion of the substandard water service connection, as well. Also, includes the replacement of the City-owned portion of substandard water service connections. The property owner is encouraged to replace the private portion of the substandard water service connection, as well.",Q2 2026 - Q2 2027,Active,1 - Projects with approved or allocated funding in the Capital Works Program.,Transportation Services,"Steven Bertolo, Engineering and Construction Services",sbertol@toronto.ca,https://www.toronto.ca/services-payments/streets-parking-transportation/road-maintenance/road-sidewalk-repair/,TS_Road_Reconstruction,12,2025,EXTERNAL,"{""type"": ""MultiLineString"", ""coordinates"": [[[-79.4001992261045, 43.6534389242195], [-79.4002799986347, 43.6536457378447], [-79.4003105523648, 43.6537239592681], [-79.4003885376461, 43.6539374403798]]]}"
194,2180672,TS2023-10_11-435,2024-04-16,Local Road Reconstruction,AUGUSTA AVE<br> From: OXFORD ST (TO)<br> To: COLLEGE ST (TO) ,"Replacement of the entire road pavement structure, including the asphalt and underlying support materials. Repair, improvement, or replacement of: road drainage, curbs, boulevards and sidewalks. Work may include the closure of individual lanes or the entire road.  Also, includes the replacement of the City-owned portion of substandard water service connections. The property owner is encouraged to replace the private portion of the substandard water service connection, as well. Also, includes the replacement of the City-owned portion of substandard water service connections. The property owner is encouraged to replace the private portion of the substandard water service connection, as well.",Q2 2026 - Q2 2027,Active,1 - Projects with approved or allocated funding in the Capital Works Program.,Transportation Services,"Steven Bertolo, Engineering and Construction Services",sbertol@toronto.ca,https://www.toronto.ca/services-payments/streets-parking-transportation/road-maintenance/road-sidewalk-repair/,TS_Road_Reconstruction,12,2025,EXTERNAL,"{""type"": ""MultiLineString"", ""coordinates"": [[[-79.4026845921798, 43.6560924157577], [-79.4032003101603, 43.6573828821899]]]}"
195,2180673,TS2023-10_11-435,2024-04-16,Local Road Reconstruction,AUGUSTA AVE<br> From: BALDWIN ST<br> To: NASSAU ST ,"Replacement of the entire road pavement structure, including the asphalt and underlying support materials. Repair, improvement, or replacement of: road drainage, curbs, boulevards and sidewalks. Work may include the closure of individual lanes or the entire road.  Also, includes the replacement of the City-owned portion of substandard water service connections. The property owner is encouraged to replace the private portion of the substandard water service connection, as well. Also, includes the replacement of the City-owned portion of substandard water service connections. The property owner is encouraged to replace the private portion of the substandard water service connection, as well.",Q2 2026 - Q2 2027,Active,1 - Projects with approved or allocated funding in the Capital Works Program.,Transportation Services,"Steven Bertolo, Engineering and Construction Services",sbertol@toronto.ca,https://www.toronto.ca/services-payments/streets-parking-transportation/road-maintenance/road-sidewalk-repair/,TS_Road_Reconstruction,12,2025,EXTERNAL,"{""type"": ""MultiLineString"", ""coordinates"": [[[-79.4020351709196, 43.6545084150726], [-79.4023360063203, 43.6552350637161]]]}"
196,2180674,TS2023-10_11-435,2024-04-16,Local Road Reconstruction,AUGUSTA AVE<br> From: NASSAU ST<br> To: OXFORD ST (TO) ,"Replacement of the entire road pavement structure, including the asphalt and underlying support materials. Repair, improvement, or replacement of: road drainage, curbs, boulevards and sidewalks. Work may include the closure of individual lanes or the entire road.  Also, includes the replacement of the City-owned portion of substandard water service connections. The property owner is encouraged to replace the private portion of the substandard water service connection, as well. Also, includes the replacement of the City-owned portion of substandard water service connections. The property owner is encouraged to replace the private portion of the substandard water service connection, as well.",Q2 2026 - Q2 2027,Active,1 - Projects with approved or allocated funding in the Capital Works Program.,Transportation Services,"Steven Bertolo, Engineering and Construction Services",sbertol@toronto.ca,https://www.toronto.ca/services-payments/streets-parking-transportation/road-maintenance/road-sidewalk-repair/,TS_Road_Reconstruction,12,2025,EXTERNAL,"{""type"": ""MultiLineString"", ""coordinates"": [[[-79.4023360063203, 43.6552350637161], [-79.4026845921798, 43.6560924157577]]]}"
197,2180675,TS2023-10_11-435,2024-04-16,Local Road Reconstruction,AUGUSTA AVE<br> From: DENISON SQ<br> To: BALDWIN ST ,"Replacement of the entire road pavement structure, including the asphalt and underlying support materials. Repair, improvement, or replacement of: road drainage, curbs, boulevards and sidewalks. Work may include the closure of individual lanes or the entire road.  Also, includes the replacement of the City-owned portion of substandard water service connections. The property owner is encouraged to replace the private portion of the substandard water service connection, as well. Also, includes the replacement of the City-owned portion of substandard water service connections. The property owner is encouraged to replace the private portion of the substandard water service connection, as well.",Q2 2026 - Q2 2027,Active,1 - Projects with approved or allocated funding in the Capital Works Program.,Transportation Services,"Steven Bertolo, Engineering and Construction Services",sbertol@toronto.ca,https://www.toronto.ca/services-payments/streets-parking-transportation/road-maintenance/road-sidewalk-repair/,TS_Road_Reconstruction,12,2025,EXTERNAL,"{""type"": ""MultiLineString"", ""coordinates"": [[[-79.4017770609106, 43.6538823474021], [-79.4019129439756, 43.654211967673], [-79.401916142253, 43.6542197295849], [-79.4020351709196, 43.6545084150726]]]}"
198,2180688, ,2024-04-16,Local Road Rehabilitation,SEATON ST<br> From: GERRARD ST E<br> To: CARLTON ST ,"Replacement of partial road pavement structure or entire road pavement structure for either partial lane width, full lane width or full road width. This could include the asphalt and underlying support materials. Repair, improvement or replacement of road drainage, damaged sidewalk, boulevards and curbs. Work may include the closure of individual lanes or the entire road.",Q1 2025 - Q4 2025,Active,None,Transportation Services,"Angela Au, Engineering and Construction Services",aau2@toronto.ca,https://www.toronto.ca/services-payments/streets-parking-transportation/road-maintenance/road-sidewalk-repair/,TS_Road_Reconstruction,12,2024,EXTERNAL,"{""type"": ""MultiLineString"", ""coordinates"": [[[-79.3707022076572, 43.66156440883], [-79.3708667412278, 43.6619573863827], [-79.3708772636857, 43.6619825030113], [-79.3713166724287, 43.6630318617638], [-79.3713360896058, 43.6630782585248], [-79.3715181245111, 43.6635129849435]]]}"
199,2182493,None,2024-04-23,Major Road Reconstruction,Sheppard Ave E<br> From: BAYVIEW AVE<br> To: Clairtrell Road  ,"Replacement of the entire road pavement structure, including the asphalt and underlying support materials. Repair, improvement, or replacement of: road drainage, curbs, boulevards and sidewalks. Work may include the closure of individual lanes or the entire road.  Also, includes the replacement of the City-owned portion of substandard water service connections. The property owner is encouraged to replace the private portion of the substandard water service connection, as well.",Q3 2025 - Q4 2027,Active,1 - Projects with approved or allocated funding in the Capital Works Program.,Transportation Services,"Brian Nolan, Engineering and Construction Services",bnolan3@toronto.ca,https://www.toronto.ca/services-payments/streets-parking-transportation/road-maintenance/road-sidewalk-repair/,TS_Road_Reconstruction,12,2025,EXTERNAL,"{""type"": ""MultiLineString"", ""coordinates"": [[[-79.3900394839206, 43.7661347864044], [-79.388907478446, 43.7663738161413], [-79.3884435131222, 43.7664865630412], [-79.3881795404021, 43.7665531388294], [-79.3880562118249, 43.7665892748458]]]}"
200,2182935,TS2023-19-261,2024-04-25,Local Road Reconstruction,[W] MAIN ST [BRANCH]<br> From: STEPHENSON AVE<br> To: [54.90 m S] DANFORTH AVE ,"Replacement of the entire road pavement structure, including the asphalt and underlying support materials. Repair, improvement, or replacement of: road drainage, curbs, boulevards and sidewalks. Work may include the closure of individual lanes or the entire road.  Also, includes the replacement of the City-owned portion of substandard water service connections. The property owner is encouraged to replace the private portion of the substandard water service connection, as well. Also, includes the replacement of the City-owned portion of substandard water service connections. The property owner is encouraged to replace the private portion of the substandard water service connection, as well.",Q2 2025 - Q3 2025,Active,1 - Projects with approved or allocated funding in the Capital Works Program.,Transportation Services,"Thomas Yeung, Engineering and Construction Services",tyeung@toronto.ca,https://www.toronto.ca/services-payments/streets-parking-transportation/road-maintenance/road-sidewalk-repair/,TS_Road_Reconstruction,12,2025,EXTERNAL,"{""type"": ""MultiLineString"", ""coordinates"": [[[-79.3015933657009, 43.6870828672221], [-79.3015702523102, 43.6871143496567], [-79.301574404035, 43.6871794272658], [-79.3016041109823, 43.6872700319125], [-79.3016269947457, 43.6873232963168], [-79.3016532340793, 43.6873859098882], [-79.3017043782445, 43.6875209191092], [-79.3017108164664, 43.6875584386947], [-79.3017188965892, 43.6875983464722], [-79.3017089555155, 43.6876263142692], [-79.3016844264547, 43.6876469387005], [-79.3015989916906, 43.6876753785748]]]}"
201,2182938, ,2024-04-25,Local Road Reconstruction,STEPHENSON AVE<br> From: WESTLAKE AVE<br> To: MAIN ST ,"Replacement of the entire road pavement structure, including the asphalt and underlying support materials. Repair, improvement, or replacement of: road drainage, curbs, boulevards and sidewalks. Work may include the closure of individual lanes or the entire road.  Also, includes the replacement of the City-owned portion of substandard water service connections. The property owner is encouraged to replace the private portion of the substandard water service connection, as well. Also, includes the replacement of the City-owned portion of substandard water service connections. The property owner is encouraged to replace the private portion of the substandard water service connection, as well.",Q2 2025 - Q3 2025,Active,1 - Projects with approved or allocated funding in the Capital Works Program.,Transportation Services,"Thomas Yeung, Engineering and Construction Services",tyeung@toronto.ca,https://www.toronto.ca/services-payments/streets-parking-transportation/road-maintenance/road-sidewalk-repair/,TS_Road_Reconstruction,12,2025,EXTERNAL,"{""type"": ""MultiLineString"", ""coordinates"": [[[-79.3045674432659, 43.686408005359], [-79.3028721155684, 43.6867840851033], [-79.3021918616995, 43.686936247131], [-79.3017318029913, 43.6870391630748], [-79.3016589763317, 43.6870548970259], [-79.3015933657009, 43.6870828672221]]]}"
202,2183110, ,2024-04-26,Laneway Reconstruction,[46.30 m N] DUNDAS ST W<br> From: BEVERLEY ST<br> To: [42.70 m W] BEVERLEY ST ,"Replacement of the entire laneway pavement structure, including the asphalt, concrete and underlying support materials. Repair, improvement, or replacement of laneway drainage, curbs, and associated areas. Work may include the closure of individual lanes or the entire laneway. Also, includes the replacement of the City-owned portion of substandard water service connections. The property owner is encouraged to replace the private portion of the substandard water service connection, as well.",2025,Active,1 - Projects with approved or allocated funding in the Capital Works Program.,Transportation Services,<Null> Transportation Roads State of Good Repair,RoadSOGR@toronto.ca,https://www.toronto.ca/services-payments/streets-parking-transportation/road-maintenance/road-sidewalk-repair/,TS_Road_Reconstruction,12,2025,EXTERNAL,"{""type"": ""MultiLineString"", ""coordinates"": [[[-79.3940517146883, 43.6542702749187], [-79.3945509554386, 43.6541713705789]]]}"
203,2183112,TS2023-15-249,2024-04-25,Local Road Reconstruction,RUMSEY RD<br> From: MCRAE DR<br> To: SHARRON DR ,"Replacement of the entire road pavement structure, including the asphalt and underlying support materials. Repair, improvement, or replacement of: road drainage, curbs, boulevards and sidewalks. Work may include the closure of individual lanes or the entire road.  Also, includes the replacement of the City-owned portion of substandard water service connections. The property owner is encouraged to replace the private portion of the substandard water service connection, as well. Also, includes the replacement of the City-owned portion of substandard water service connections. The property owner is encouraged to replace the private portion of the substandard water service connection, as well.",Q3 2023 - Q4 2024,Active,1 - Projects with approved or allocated funding in the Capital Works Program.,Transportation Services,"Jennifer Harris, Engineering and Construction Services",jharris9@toronto.ca,https://www.toronto.ca/services-payments/streets-parking-transportation/road-maintenance/road-sidewalk-repair/,TS_Road_Reconstruction,12,2023,EXTERNAL,"{""type"": ""MultiLineString"", ""coordinates"": [[[-79.3674673377419, 43.7071601164298], [-79.3675877902327, 43.7073942890523]]]}"
204,2183115,TS2023-15-014,2024-04-25,Local Road Rehabilitation,BELSIZE DR<br> From: BELCOURT RD<br> To: THURSTON RD ,"Replacement of partial road pavement structure or entire road pavement structure for either partial lane width, full lane width or full road width. This could include the asphalt and underlying support materials. Repair, improvement or replacement of road drainage, damaged sidewalk, boulevards and curbs. Work may include the closure of individual lanes or the entire road.",Q3 2023 - Q4 2024,Active,None,Transportation Services,"Jennifer Harris, Engineering and Construction Services",jharris9@toronto.ca,https://www.toronto.ca/services-payments/streets-parking-transportation/road-maintenance/road-sidewalk-repair/,TS_Road_Reconstruction,12,2023,EXTERNAL,"{""type"": ""MultiLineString"", ""coordinates"": [[[-79.3806728139674, 43.7039249171808], [-79.3795211319929, 43.7041532956422]]]}"
205,2183116,TS2023-15-014,2024-04-25,Local Road Rehabilitation,BELSIZE DR<br> From: BOYTON RD<br> To: BELCOURT RD ,"Replacement of partial road pavement structure or entire road pavement structure for either partial lane width, full lane width or full road width. This could include the asphalt and underlying support materials. Repair, improvement or replacement of road drainage, damaged sidewalk, boulevards and curbs. Work may include the closure of individual lanes or the entire road.",Q3 2023 - Q4 2024,Active,None,Transportation Services,"Jennifer Harris, Engineering and Construction Services",jharris9@toronto.ca,https://www.toronto.ca/services-payments/streets-parking-transportation/road-maintenance/road-sidewalk-repair/,TS_Road_Reconstruction,12,2023,EXTERNAL,"{""type"": ""MultiLineString"", ""coordinates"": [[[-79.3817942128746, 43.7036965137961], [-79.3806728139674, 43.7039249171808]]]}"
206,2183118,TS2023-17-091,2024-04-25,Local Road Reconstruction,FARMINGDALE RD<br> From: BURBANK DR<br> To: [102 m E] BURBANK DR [CUL-DE-SAC] ,"Replacement of the entire road pavement structure, including the asphalt and underlying support materials. Repair, improvement, or replacement of: road drainage, curbs, boulevards and sidewalks. Work may include the closure of individual lanes or the entire road.  Also, includes the replacement of the City-owned portion of substandard water service connections. The property owner is encouraged to replace the private portion of the substandard water service connection, as well. Also, includes the replacement of the City-owned portion of substandard water service connections. The property owner is encouraged to replace the private portion of the substandard water service connection, as well.",Q2 2024 - Q4 2024,Active,1 - Projects with approved or allocated funding in the Capital Works Program.,Transportation Services,"Christy Manoharan, Engineering and Construction Services",cmanoha@toronto.ca,https://www.toronto.ca/services-payments/streets-parking-transportation/road-maintenance/road-sidewalk-repair/,TS_Road_Reconstruction,12,2024,EXTERNAL,"{""type"": ""MultiLineString"", ""coordinates"": [[[-79.3897077738003, 43.7823822351979], [-79.3896059694234, 43.7824383311031], [-79.3894077796892, 43.7825085645145], [-79.388958791986, 43.7826379167893], [-79.3888557773917, 43.7826559179751], [-79.3887674062343, 43.7826694957526], [-79.3886865959278, 43.7826658076162], [-79.3884838666379, 43.7826039881101]]]}"
207,2183120,TS2023-13-001,2024-04-25,Major Road Reconstruction,GERRARD ST E<br> From: SEATON ST<br> To: ONTARIO ST ,"Replacement of the entire road pavement structure, including the asphalt and underlying support materials. Repair, improvement, or replacement of: road drainage, curbs, boulevards and sidewalks. Work may include the closure of individual lanes or the entire road.  Also, includes the replacement of the City-owned portion of substandard water service connections. The property owner is encouraged to replace the private portion of the substandard water service connection, as well. Also, includes the replacement of the City-owned portion of substandard water service connections. The property owner is encouraged to replace the private portion of the substandard water service connection, as well.",Q4 2025 - Q4 2026,Active,1 - Projects with approved or allocated funding in the Capital Works Program.,Transportation Services,"Marilia Cimini, Engineering and Construction Services",mcimini@toronto.ca,https://www.toronto.ca/services-payments/streets-parking-transportation/road-maintenance/road-sidewalk-repair/,TS_Road_Reconstruction,12,2025,EXTERNAL,"{""type"": ""MultiLineString"", ""coordinates"": [[[-79.3707022076572, 43.66156440883], [-79.369717270556, 43.6617810420143]]]}"
208,2183121,TS2023-15-412,2024-04-25,Local Road Rehabilitation,FORMAN AVE<br> From: DAVISVILLE AVE<br> To: MILLWOOD RD ,"Replacement of partial road pavement structure or entire road pavement structure for either partial lane width, full lane width or full road width. This could include the asphalt and underlying support materials. Repair, improvement or replacement of road drainage, damaged sidewalk, boulevards and curbs. Work may include the closure of individual lanes or the entire road.",Q3 2023 - Q4 2024,Active,None,Transportation Services,"Jennifer Harris, Engineering and Construction Services",jharris9@toronto.ca,https://www.toronto.ca/services-payments/streets-parking-transportation/road-maintenance/road-sidewalk-repair/,TS_Road_Reconstruction,12,2023,EXTERNAL,"{""type"": ""MultiLineString"", ""coordinates"": [[[-79.3806448172335, 43.7016385904566], [-79.3807767249611, 43.7019852773591], [-79.3808107019863, 43.7020573140213], [-79.3808501455791, 43.7021068621757], [-79.3809004757512, 43.702147420381], [-79.3810026891081, 43.7022150274222], [-79.381884387155, 43.7028009889675]]]}"
209,2183122,TS2023-15-056,2024-04-25,Local Road Rehabilitation,SUTHERLAND DR<br> From: ASTOR AVE<br> To: ROLPH RD ,"Replacement of partial road pavement structure or entire road pavement structure for either partial lane width, full lane width or full road width. This could include the asphalt and underlying support materials. Repair, improvement or replacement of road drainage, damaged sidewalk, boulevards and curbs. Work may include the closure of individual lanes or the entire road.",Q3 2023 - Q4 2024,Active,None,Transportation Services,"Jennifer Harris, Engineering and Construction Services",jharris9@toronto.ca,https://www.toronto.ca/services-payments/streets-parking-transportation/road-maintenance/road-sidewalk-repair/,TS_Road_Reconstruction,12,2023,EXTERNAL,"{""type"": ""MultiLineString"", ""coordinates"": [[[-79.3680689670433, 43.6999280079913], [-79.3678810953886, 43.700022331461], [-79.3677002180274, 43.7001121710763], [-79.3673998257292, 43.7002468692301], [-79.3671968430347, 43.7003456656787]]]}"
210,2183123,TS2023-20-242,2024-04-25,Local Road Rehabilitation,QUEEN ST E<br> From: COURCELETTE RD<br> To: FALLINGBROOK RD ,"Replacement of partial road pavement structure or entire road pavement structure for either partial lane width, full lane width or full road width. This could include the asphalt and underlying support materials. Repair, improvement or replacement of road drainage, damaged sidewalk, boulevards and curbs. Work may include the closure of individual lanes or the entire road.",Q1 2024 - Q4 2024,Active,None,Transportation Services,"Angela Au, Engineering and Construction Services",aau2@toronto.ca,https://www.toronto.ca/services-payments/streets-parking-transportation/road-maintenance/road-sidewalk-repair/,TS_Road_Reconstruction,12,2024,EXTERNAL,"{""type"": ""MultiLineString"", ""coordinates"": [[[-79.2775022955206, 43.6751406905615], [-79.2764160535472, 43.675379734436]]]}"
211,2183127,TS2024-07-026,2024-04-25,Major Road Rehabilitation,YORK GATE BLVD<br> From: FINCH AVE (N YK)<br> To: [90 m S] HULLMAR DR ,"Replacement of partial road pavement structure or entire road pavement structure for either partial lane width, full lane width or full road width. This could include the asphalt and underlying support materials. Repair, improvement or replacement of road drainage, damaged sidewalk, boulevards and curbs. Work may include the closure of individual lanes or the entire road.",Q3 2025 - Q4 2025,Active,None,Transportation Services,"Ehsan Movahedi, Engineering and Construction Services",emovahe@toronto.ca,https://www.toronto.ca/services-payments/streets-parking-transportation/road-maintenance/road-sidewalk-repair/,TS_Road_Reconstruction,12,2025,EXTERNAL,"{""type"": ""MultiLineString"", ""coordinates"": [[[-79.5207024203373, 43.756732130905], [-79.5214560787221, 43.7582764974333], [-79.5214689045848, 43.7583035075981], [-79.5214813330506, 43.7583304998336], [-79.5214933765473, 43.7583575011413], [-79.5215042526885, 43.7583845116684], [-79.521514357253, 43.758407003742], [-79.5215236702495, 43.7584385061552], [-79.5215322224784, 43.7584610075205], [-79.521539993941, 43.7584880096273], [-79.5215469970569, 43.7585195124736], [-79.5215532145609, 43.758542014277], [-79.5215586529131, 43.7585735174173], [-79.5215637046697, 43.7586005200349], [-79.5215672040715, 43.7586275229452], [-79.5215707283142, 43.7586545258505], [-79.5215726753614, 43.7586815290533], [-79.5215742374248, 43.7587085323286], [-79.5215746321132, 43.7587355358241], [-79.5215746558519, 43.7587670399844], [-79.5215738691274, 43.7587895431077], [-79.5215723405014, 43.7588210475608], [-79.521570027865, 43.7588480515667], [-79.5215665354284, 43.758875055795], [-79.5215622730214, 43.7589020781708], [-79.5215576256106, 43.7589290646142], [-79.5215522098462, 43.7589605788004], [-79.5215456234616, 43.7589830830162], [-79.5215382687114, 43.7590100879711], [-79.5215301315601, 43.7590370930727], [-79.5215215969946, 43.7590640982485], [-79.5215022006568, 43.7591046072515], [-79.5214816477205, 43.7591406248748], [-79.5214606973454, 43.7591766245665], [-79.5214389769707, 43.7592126333997], [-79.5214161016058, 43.7592486514461], [-79.5213928271984, 43.7592801599667], [-79.5213687719734, 43.7593161782241], [-79.5213439467367, 43.7593521876188], [-79.5213179648992, 43.7593836876279], [-79.5212915748053, 43.7594196973027], [-79.5212640421274, 43.7594557071837], [-79.5212361104182, 43.7594872255388], [-79.5212073962757, 43.7595187350309], [-79.5211779137085, 43.7595547452523], [-79.5211476719571, 43.759586255012], [-79.521116635356, 43.7596177739116], [-79.5210961647338, 43.7596418018641], [-79.5210859852883, 43.7596537753232], [-79.5210561160116, 43.7596852849895], [-79.5210274141022, 43.7597168034342], [-79.520999098726, 43.7597528133935], [-79.5209715533009, 43.7597888232043], [-79.5209443928356, 43.7598248329376], [-79.5209184105871, 43.7598563418546], [-79.5208928024515, 43.7598923512912], [-79.5208679766913, 43.759928360579], [-79.5208439333079, 43.7599643697185], [-79.520836460855, 43.7599755415553], [-79.5208198774765, 43.7600003788549], [-79.5208039499327, 43.760018384131], [-79.5207888311836, 43.7600408898518], [-79.5207740834411, 43.760058894909], [-79.5207605030923, 43.7600768997522], [-79.5207473356785, 43.7601039057066], [-79.5207349227148, 43.7601219103348], [-79.5207236662847, 43.7601444243469], [-79.5207128072572, 43.7601669292846], [-79.5207027290792, 43.7601849334859], [-79.5206934100177, 43.7602074381427], [-79.5206852831929, 43.7602299425828], [-79.5206775304916, 43.7602569565496], [-79.5206705446696, 43.7602749511872], [-79.5206647278023, 43.7602974552078], [-79.5206592959266, 43.7603199591585], [-79.5206550438768, 43.7603424718968], [-79.5206515493909, 43.7603649664956], [-79.5206484538689, 43.760391970617], [-79.5206465366249, 43.7604144739317], [-79.5206453769537, 43.7604369771095], [-79.520645243208, 43.760445312233], [-79.5206700571445, 43.7605543211263], [-79.5206867284808, 43.7606399644048]]]}"
212,2183132,TS2023-13-001,2024-04-25,Major Road Reconstruction,GERRARD ST E<br> From: ONTARIO ST<br> To: BERKELEY ST ,"Replacement of the entire road pavement structure, including the asphalt and underlying support materials. Repair, improvement, or replacement of: road drainage, curbs, boulevards and sidewalks. Work may include the closure of individual lanes or the entire road.  Also, includes the replacement of the City-owned portion of substandard water service connections. The property owner is encouraged to replace the private portion of the substandard water service connection, as well. Also, includes the replacement of the City-owned portion of substandard water service connections. The property owner is encouraged to replace the private portion of the substandard water service connection, as well.",Q4 2025 - Q4 2026,Active,1 - Projects with approved or allocated funding in the Capital Works Program.,Transportation Services,"Marilia Cimini, Engineering and Construction Services",mcimini@toronto.ca,https://www.toronto.ca/services-payments/streets-parking-transportation/road-maintenance/road-sidewalk-repair/,TS_Road_Reconstruction,12,2025,EXTERNAL,"{""type"": ""MultiLineString"", ""coordinates"": [[[-79.369717270556, 43.6617810420143], [-79.3685391004844, 43.6620435135146]]]}"
213,2183136, ,2024-04-26,Local Road Reconstruction,ORCHARD PARK DR<br> From: KINGSTON RD<br> To: WEST HILL DR ,"Replacement of the entire road pavement structure, including the asphalt and underlying support materials. Repair, improvement, or replacement of: road drainage, curbs, boulevards and sidewalks. Work may include the closure of individual lanes or the entire road.  Also, includes the replacement of the City-owned portion of substandard water service connections. The property owner is encouraged to replace the private portion of the substandard water service connection, as well. Also, includes the replacement of the City-owned portion of substandard water service connections. The property owner is encouraged to replace the private portion of the substandard water service connection, as well.",Q3 2025 - Q4 2026,Active,1 - Projects with approved or allocated funding in the Capital Works Program.,Transportation Services,"Niloufar Mohajerani, Engineering and Construction Services",nmohaje@toronto.ca,https://www.toronto.ca/services-payments/streets-parking-transportation/road-maintenance/road-sidewalk-repair/,TS_Road_Reconstruction,12,2025,EXTERNAL,"{""type"": ""MultiLineString"", ""coordinates"": [[[-79.1793273642884, 43.7746799796424], [-79.1793724937914, 43.7747707119138], [-79.1794136491163, 43.7748287408119], [-79.1794531611877, 43.7748595365825], [-79.1795028849331, 43.7748832500598], [-79.1795664274775, 43.7748966779302], [-79.1796418052101, 43.7748990765158], [-79.1798225575913, 43.7749043986306], [-79.1804253842324, 43.7748996589477], [-79.1810603954493, 43.774904520126], [-79.1817180586851, 43.7749199272084]]]}"
214,2183139,TS2023-13-001,2024-04-25,Major Road Reconstruction,GERRARD ST E<br> From: SHERBOURNE ST<br> To: CENTRAL HOSPITAL LANE ,"Replacement of the entire road pavement structure, including the asphalt and underlying support materials. Repair, improvement, or replacement of: road drainage, curbs, boulevards and sidewalks. Work may include the closure of individual lanes or the entire road.  Also, includes the replacement of the City-owned portion of substandard water service connections. The property owner is encouraged to replace the private portion of the substandard water service connection, as well. Also, includes the replacement of the City-owned portion of substandard water service connections. The property owner is encouraged to replace the private portion of the substandard water service connection, as well.",Q4 2025 - Q4 2026,Active,1 - Projects with approved or allocated funding in the Capital Works Program.,Transportation Services,"Marilia Cimini, Engineering and Construction Services",mcimini@toronto.ca,https://www.toronto.ca/services-payments/streets-parking-transportation/road-maintenance/road-sidewalk-repair/,TS_Road_Reconstruction,12,2025,EXTERNAL,"{""type"": ""MultiLineString"", ""coordinates"": [[[-79.3722361278757, 43.6612269179245], [-79.3714387971841, 43.6614023333006]]]}"
215,2183141,TS2023-19-039,2024-04-25,Local Road Rehabilitation,NORWAY AVE<br> From: BELLEFAIR AVE<br> To: WHEELER AVE ,"Replacement of partial road pavement structure or entire road pavement structure for either partial lane width, full lane width or full road width. This could include the asphalt and underlying support materials. Repair, improvement or replacement of road drainage, damaged sidewalk, boulevards and curbs. Work may include the closure of individual lanes or the entire road.",2024,Active,None,Transportation Services,<Null> Transportation Roads State of Good Repair,RoadSOGR@toronto.ca,https://www.toronto.ca/services-payments/streets-parking-transportation/road-maintenance/road-sidewalk-repair/,TS_Road_Reconstruction,12,2024,EXTERNAL,"{""type"": ""MultiLineString"", ""coordinates"": [[[-79.3016141788901, 43.6743716663573], [-79.300699902635, 43.6745670248752]]]}"
216,2183142, ,2024-04-25,Local Road Rehabilitation,FORMAN AVE<br> From: TILSON RD<br> To: MANOR RD E ,"Replacement of partial road pavement structure or entire road pavement structure for either partial lane width, full lane width or full road width. This could include the asphalt and underlying support materials. Repair, improvement or replacement of road drainage, damaged sidewalk, boulevards and curbs. Work may include the closure of individual lanes or the entire road.",Q3 2023 - Q4 2024,Active,None,Transportation Services,"Jennifer Harris, Engineering and Construction Services",jharris9@toronto.ca,https://www.toronto.ca/services-payments/streets-parking-transportation/road-maintenance/road-sidewalk-repair/,TS_Road_Reconstruction,12,2023,EXTERNAL,"{""type"": ""MultiLineString"", ""coordinates"": [[[-79.3840438031484, 43.7043243166408], [-79.384501304193, 43.7047478127442], [-79.3847068098106, 43.7049505398808], [-79.3847728631353, 43.7050766153214]]]}"
217,2183144,TS2023-19-039,2024-04-25,Local Road Rehabilitation,NORWAY AVE<br> From: KENILWORTH AVE<br> To: WAVERLEY RD ,"Replacement of partial road pavement structure or entire road pavement structure for either partial lane width, full lane width or full road width. This could include the asphalt and underlying support materials. Repair, improvement or replacement of road drainage, damaged sidewalk, boulevards and curbs. Work may include the closure of individual lanes or the entire road.",Q1 2024 - Q4 2024,Active,None,Transportation Services,"Angela Au, Engineering and Construction Services",aau2@toronto.ca,https://www.toronto.ca/services-payments/streets-parking-transportation/road-maintenance/road-sidewalk-repair/,TS_Road_Reconstruction,12,2024,EXTERNAL,"{""type"": ""MultiLineString"", ""coordinates"": [[[-79.3038089960811, 43.6739026599814], [-79.3026777118082, 43.6741350351673]]]}"
218,2183145, ,2024-04-26,Local Road Reconstruction,MINUK ACRES<br> From: BEECHGROVE DR<br> To: [193 m S] BEECHGROVE DR [CUL-DE-SAC] ,"Replacement of the entire road pavement structure, including the asphalt and underlying support materials. Repair, improvement, or replacement of: road drainage, curbs, boulevards and sidewalks. Work may include the closure of individual lanes or the entire road.  Also, includes the replacement of the City-owned portion of substandard water service connections. The property owner is encouraged to replace the private portion of the substandard water service connection, as well. Also, includes the replacement of the City-owned portion of substandard water service connections. The property owner is encouraged to replace the private portion of the substandard water service connection, as well.",Q3 2025 - Q4 2026,Active,1 - Projects with approved or allocated funding in the Capital Works Program.,Transportation Services,"Niloufar Mohajerani, Engineering and Construction Services",nmohaje@toronto.ca,https://www.toronto.ca/services-payments/streets-parking-transportation/road-maintenance/road-sidewalk-repair/,TS_Road_Reconstruction,12,2025,EXTERNAL,"{""type"": ""MultiLineString"", ""coordinates"": [[[-79.1578992594287, 43.7663211801081], [-79.1579477759662, 43.76623142162], [-79.1579588748281, 43.7660470208393], [-79.1579068484269, 43.765920146642], [-79.1573528711963, 43.7646543895528]]]}"
219,2183150, ,2024-04-26,Local Road Reconstruction,CHEMICAL CRT<br> From: [305 m S] CORONATION DR [CUL-DE-SAC]<br> To: CORONATION DR ,"Replacement of the entire road pavement structure, including the asphalt and underlying support materials. Repair, improvement, or replacement of: road drainage, curbs, boulevards and sidewalks. Work may include the closure of individual lanes or the entire road.  Also, includes the replacement of the City-owned portion of substandard water service connections. The property owner is encouraged to replace the private portion of the substandard water service connection, as well. Also, includes the replacement of the City-owned portion of substandard water service connections. The property owner is encouraged to replace the private portion of the substandard water service connection, as well.",Q3 2025 - Q4 2026,Active,1 - Projects with approved or allocated funding in the Capital Works Program.,Transportation Services,"Niloufar Mohajerani, Engineering and Construction Services",nmohaje@toronto.ca,https://www.toronto.ca/services-payments/streets-parking-transportation/road-maintenance/road-sidewalk-repair/,TS_Road_Reconstruction,12,2025,EXTERNAL,"{""type"": ""MultiLineString"", ""coordinates"": [[[-79.1620622834549, 43.7627011681241], [-79.1622774270189, 43.7632646925945], [-79.162553098702, 43.7639405949701], [-79.1629828744996, 43.7649679518647], [-79.1632110524219, 43.7655356803347]]]}"
220,2183152, ,2024-04-26,Laneway Reconstruction,[43.70 m S] BALDWIN ST<br> From: HURON ST<br> To: [79.20 m W] HURON ST ,"Replacement of the entire laneway pavement structure, including the asphalt, concrete and underlying support materials. Repair, improvement, or replacement of laneway drainage, curbs, and associated areas. Work may include the closure of individual lanes or the entire laneway. Also, includes the replacement of the City-owned portion of substandard water service connections. The property owner is encouraged to replace the private portion of the substandard water service connection, as well.",Q3 2025 - Q4 2026,Active,1 - Projects with approved or allocated funding in the Capital Works Program.,Transportation Services,"Niloufar Mohajerani, Engineering and Construction Services",nmohaje@toronto.ca,https://www.toronto.ca/services-payments/streets-parking-transportation/road-maintenance/road-sidewalk-repair/,TS_Road_Reconstruction,12,2025,EXTERNAL,"{""type"": ""MultiLineString"", ""coordinates"": [[[-79.3967609665791, 43.6547857319485], [-79.3978420555363, 43.6545627585005]]]}"
221,2183156,TS2023-13-001 ,2024-04-25,Major Road Reconstruction,GERRARD ST E<br> From: BERKELEY ST<br> To: [N] GERRARD ST E [BRANCH] ,"Replacement of the entire road pavement structure, including the asphalt and underlying support materials. Repair, improvement, or replacement of: road drainage, curbs, boulevards and sidewalks. Work may include the closure of individual lanes or the entire road.  Also, includes the replacement of the City-owned portion of substandard water service connections. The property owner is encouraged to replace the private portion of the substandard water service connection, as well. Also, includes the replacement of the City-owned portion of substandard water service connections. The property owner is encouraged to replace the private portion of the substandard water service connection, as well.",Q4 2025 - Q4 2026,Active,1 - Projects with approved or allocated funding in the Capital Works Program.,Transportation Services,"Marilia Cimini, Engineering and Construction Services",mcimini@toronto.ca,https://www.toronto.ca/services-payments/streets-parking-transportation/road-maintenance/road-sidewalk-repair/,TS_Road_Reconstruction,12,2025,EXTERNAL,"{""type"": ""MultiLineString"", ""coordinates"": [[[-79.3685391004844, 43.6620435135146], [-79.3681759569219, 43.6621129637347]]]}"
222,2183159, ,2024-04-26,Laneway Reconstruction,[34 m N] FLORENCE AVE<br> From: [54 m E] EILEEN AVE<br> To: EILEEN AVE ,"Replacement of the entire laneway pavement structure, including the asphalt, concrete and underlying support materials. Repair, improvement, or replacement of laneway drainage, curbs, and associated areas. Work may include the closure of individual lanes or the entire laneway. Also, includes the replacement of the City-owned portion of substandard water service connections. The property owner is encouraged to replace the private portion of the substandard water service connection, as well.",Q3 2025 - Q4 2026,Active,1 - Projects with approved or allocated funding in the Capital Works Program.,Transportation Services,"Niloufar Mohajerani, Engineering and Construction Services",nmohaje@toronto.ca,https://www.toronto.ca/services-payments/streets-parking-transportation/road-maintenance/road-sidewalk-repair/,TS_Road_Reconstruction,12,2025,EXTERNAL,"{""type"": ""MultiLineString"", ""coordinates"": [[[-79.4949862032113, 43.669597367554], [-79.4946385497765, 43.6699354237542], [-79.4945038551906, 43.6700663867132]]]}"
223,2183163,TS2023-15-412,2024-04-25,Local Road Rehabilitation,FORMAN AVE<br> From: HILLSDALE AVE E<br> To: SOUDAN AVE ,"Replacement of partial road pavement structure or entire road pavement structure for either partial lane width, full lane width or full road width. This could include the asphalt and underlying support materials. Repair, improvement or replacement of road drainage, damaged sidewalk, boulevards and curbs. Work may include the closure of individual lanes or the entire road.",Q3 2023 - Q4 2024,Active,None,Transportation Services,"Jennifer Harris, Engineering and Construction Services",jharris9@toronto.ca,https://www.toronto.ca/services-payments/streets-parking-transportation/road-maintenance/road-sidewalk-repair/,TS_Road_Reconstruction,12,2023,EXTERNAL,"{""type"": ""MultiLineString"", ""coordinates"": [[[-79.3850193367686, 43.7059634529295], [-79.3850787076339, 43.7061525393568], [-79.3851325028759, 43.7064091026798], [-79.3853026183785, 43.7068773306224]]]}"
224,2183165,TS2023-13-001,2024-04-25,Major Road Reconstruction,[N] GERRARD ST E [BRANCH]<br> From: GERRARD ST E<br> To: PARLIAMENT ST ,"Replacement of the entire road pavement structure, including the asphalt and underlying support materials. Repair, improvement, or replacement of: road drainage, curbs, boulevards and sidewalks. Work may include the closure of individual lanes or the entire road.  Also, includes the replacement of the City-owned portion of substandard water service connections. The property owner is encouraged to replace the private portion of the substandard water service connection, as well. Also, includes the replacement of the City-owned portion of substandard water service connections. The property owner is encouraged to replace the private portion of the substandard water service connection, as well.",Q4 2025 - Q4 2026,Active,1 - Projects with approved or allocated funding in the Capital Works Program.,Transportation Services,"Marilia Cimini, Engineering and Construction Services",mcimini@toronto.ca,https://www.toronto.ca/services-payments/streets-parking-transportation/road-maintenance/road-sidewalk-repair/,TS_Road_Reconstruction,12,2025,EXTERNAL,"{""type"": ""MultiLineString"", ""coordinates"": [[[-79.3681759569219, 43.6621129637347], [-79.3671914128856, 43.6623343372957]]]}"
225,2183167, ,2024-04-26,Local Road Reconstruction,ZAPH AVE<br> From: ELLESMERE RD<br> To: [762 m N] ELLESMERE AVE [CUL-DE-SAC] ,"Replacement of the entire road pavement structure, including the asphalt and underlying support materials. Repair, improvement, or replacement of: road drainage, curbs, boulevards and sidewalks. Work may include the closure of individual lanes or the entire road.  Also, includes the replacement of the City-owned portion of substandard water service connections. The property owner is encouraged to replace the private portion of the substandard water service connection, as well. Also, includes the replacement of the City-owned portion of substandard water service connections. The property owner is encouraged to replace the private portion of the substandard water service connection, as well.",Q3 2025 - Q4 2026,Active,1 - Projects with approved or allocated funding in the Capital Works Program.,Transportation Services,"Niloufar Mohajerani, Engineering and Construction Services",nmohaje@toronto.ca,https://www.toronto.ca/services-payments/streets-parking-transportation/road-maintenance/road-sidewalk-repair/,TS_Road_Reconstruction,12,2025,EXTERNAL,"{""type"": ""MultiLineString"", ""coordinates"": [[[-79.1667276234715, 43.7917397000644], [-79.1673478484554, 43.7930824683157], [-79.1677442425347, 43.7939406277982], [-79.1678281460546, 43.7941287162154], [-79.1683264183163, 43.7952195696462], [-79.1687670351239, 43.7961779280947], [-79.1688008396468, 43.7962514392297], [-79.1692238872852, 43.7971715440685], [-79.1698651193128, 43.798558418693], [-79.1700033120453, 43.7988717327343], [-79.1700847491128, 43.7990317917288], [-79.1700913723145, 43.7990386606997]]]}"
226,2183169,TS2023-19-039,2024-04-25,Local Road Rehabilitation,NORWAY AVE<br> From: WHEELER AVE<br> To: LEE AVE ,"Replacement of partial road pavement structure or entire road pavement structure for either partial lane width, full lane width or full road width. This could include the asphalt and underlying support materials. Repair, improvement or replacement of road drainage, damaged sidewalk, boulevards and curbs. Work may include the closure of individual lanes or the entire road.",Q1 2024 - Q4 2024,Active,None,Transportation Services,"Angela Au, Engineering and Construction Services",aau2@toronto.ca,https://www.toronto.ca/services-payments/streets-parking-transportation/road-maintenance/road-sidewalk-repair/,TS_Road_Reconstruction,12,2024,EXTERNAL,"{""type"": ""MultiLineString"", ""coordinates"": [[[-79.300699902635, 43.6745670248752], [-79.2997830474381, 43.6747641538171]]]}"
227,2183170, ,2024-04-25,Local Road Rehabilitation,FORMAN AVE<br> From: MILLWOOD RD<br> To: [S] BELSIZE DR [BRANCH] ,"Replacement of partial road pavement structure or entire road pavement structure for either partial lane width, full lane width or full road width. This could include the asphalt and underlying support materials. Repair, improvement or replacement of road drainage, damaged sidewalk, boulevards and curbs. Work may include the closure of individual lanes or the entire road.",Q3 2023 - Q4 2024,Active,None,Transportation Services,"Jennifer Harris, Engineering and Construction Services",jharris9@toronto.ca,https://www.toronto.ca/services-payments/streets-parking-transportation/road-maintenance/road-sidewalk-repair/,TS_Road_Reconstruction,12,2023,EXTERNAL,"{""type"": ""MultiLineString"", ""coordinates"": [[[-79.381884387155, 43.7028009889675], [-79.3822251867822, 43.7030128616333], [-79.3829641091276, 43.7034591567903]]]}"
228,2183172,TS2023-20-242,2024-04-25,Local Road Rehabilitation,QUEEN ST E<br> From: BLANTYRE AVE<br> To: COURCELETTE RD ,"Replacement of partial road pavement structure or entire road pavement structure for either partial lane width, full lane width or full road width. This could include the asphalt and underlying support materials. Repair, improvement or replacement of road drainage, damaged sidewalk, boulevards and curbs. Work may include the closure of individual lanes or the entire road.",Q1 2024 - Q4 2024,Active,None,Transportation Services,"Angela Au, Engineering and Construction Services",aau2@toronto.ca,https://www.toronto.ca/services-payments/streets-parking-transportation/road-maintenance/road-sidewalk-repair/,TS_Road_Reconstruction,12,2024,EXTERNAL,"{""type"": ""MultiLineString"", ""coordinates"": [[[-79.2787488828365, 43.6747730029172], [-79.2785932110234, 43.6748627056978], [-79.2784036723208, 43.6749248075819], [-79.2782173280969, 43.6749713610692], [-79.2777300878603, 43.6750905643067], [-79.2775022955206, 43.6751406905615]]]}"
229,2183173,TS2023-13-049,2024-04-25,Local Road Rehabilitation,ST PAUL ST<br> From: RAY LANE<br> To: QUEEN ST E ,"Replacement of partial road pavement structure or entire road pavement structure for either partial lane width, full lane width or full road width. This could include the asphalt and underlying support materials. Repair, improvement or replacement of road drainage, damaged sidewalk, boulevards and curbs. Work may include the closure of individual lanes or the entire road.",2024,Active,None,Transportation Services,<Null> Transportation Roads State of Good Repair,RoadSOGR@toronto.ca,https://www.toronto.ca/services-payments/streets-parking-transportation/road-maintenance/road-sidewalk-repair/,TS_Road_Reconstruction,12,2024,EXTERNAL,"{""type"": ""MultiLineString"", ""coordinates"": [[[-79.3603556852797, 43.6560617043887], [-79.3603641264021, 43.656083849022], [-79.3605137809109, 43.6564794970693]]]}"
230,2183174, ,2024-04-26,Laneway Reconstruction,[46.30 m N] DUNDAS ST W<br> From: [42.70 m W] BEVERLEY ST<br> To: [95.40 m E] HURON ST ,"Replacement of the entire laneway pavement structure, including the asphalt, concrete and underlying support materials. Repair, improvement, or replacement of laneway drainage, curbs, and associated areas. Work may include the closure of individual lanes or the entire laneway. Also, includes the replacement of the City-owned portion of substandard water service connections. The property owner is encouraged to replace the private portion of the substandard water service connection, as well.",Q3 2025 - Q4 2026,Active,1 - Projects with approved or allocated funding in the Capital Works Program.,Transportation Services,"Niloufar Mohajerani, Engineering and Construction Services",nmohaje@toronto.ca,https://www.toronto.ca/services-payments/streets-parking-transportation/road-maintenance/road-sidewalk-repair/,TS_Road_Reconstruction,12,2025,EXTERNAL,"{""type"": ""MultiLineString"", ""coordinates"": [[[-79.3945509554386, 43.6541713705789], [-79.3958991799977, 43.6539042939077]]]}"
231,2183175,TS2023-13-001,2024-04-25,Major Road Reconstruction,GERRARD ST E<br> From: CENTRAL HOSPITAL LANE<br> To: SEATON ST ,"Replacement of the entire road pavement structure, including the asphalt and underlying support materials. Repair, improvement, or replacement of: road drainage, curbs, boulevards and sidewalks. Work may include the closure of individual lanes or the entire road.  Also, includes the replacement of the City-owned portion of substandard water service connections. The property owner is encouraged to replace the private portion of the substandard water service connection, as well. Also, includes the replacement of the City-owned portion of substandard water service connections. The property owner is encouraged to replace the private portion of the substandard water service connection, as well.",Q4 2025 - Q4 2026,Active,1 - Projects with approved or allocated funding in the Capital Works Program.,Transportation Services,"Marilia Cimini, Engineering and Construction Services",mcimini@toronto.ca,https://www.toronto.ca/services-payments/streets-parking-transportation/road-maintenance/road-sidewalk-repair/,TS_Road_Reconstruction,12,2025,EXTERNAL,"{""type"": ""MultiLineString"", ""coordinates"": [[[-79.3714387971841, 43.6614023333006], [-79.3707022076572, 43.66156440883]]]}"
232,2183181,TS2023-15-056,2024-04-25,Local Road Rehabilitation,SUTHERLAND DR<br> From: HANNA RD<br> To: MILLWOOD RD ,"Replacement of partial road pavement structure or entire road pavement structure for either partial lane width, full lane width or full road width. This could include the asphalt and underlying support materials. Repair, improvement or replacement of road drainage, damaged sidewalk, boulevards and curbs. Work may include the closure of individual lanes or the entire road.",Q3 2023 - Q4 2024,Active,None,Transportation Services,"Jennifer Harris, Engineering and Construction Services",jharris9@toronto.ca,https://www.toronto.ca/services-payments/streets-parking-transportation/road-maintenance/road-sidewalk-repair/,TS_Road_Reconstruction,12,2023,EXTERNAL,"{""type"": ""MultiLineString"", ""coordinates"": [[[-79.3656025212801, 43.7015590830966], [-79.3654901766471, 43.7016804772203], [-79.3652001919071, 43.7020041906512], [-79.3649053694088, 43.702408918113], [-79.3646709227705, 43.7028497303913], [-79.3645199845527, 43.7032366245015], [-79.3643893305691, 43.7035740264333]]]}"
233,2183185, ,2024-04-26,Major Road Reconstruction,DON MILLS RD<br> From: [SB] DON VALLEY PKWY<br> To: OVERLEA BLVD ,"Replacement of the entire road pavement structure, including the asphalt and underlying support materials. Repair, improvement, or replacement of: road drainage, curbs, boulevards and sidewalks. Work may include the closure of individual lanes or the entire road.  Also, includes the replacement of the City-owned portion of substandard water service connections. The property owner is encouraged to replace the private portion of the substandard water service connection, as well. Also, includes the replacement of the City-owned portion of substandard water service connections. The property owner is encouraged to replace the private portion of the substandard water service connection, as well.",Q2 2026 - Q4 2028,Active,1 - Projects with approved or allocated funding in the Capital Works Program.,Transportation Services,"Hafeez Shaikh, Engineering and Construction Services",hshaikh4@toronto.ca,https://www.toronto.ca/services-payments/streets-parking-transportation/road-maintenance/road-sidewalk-repair/,TS_Road_Reconstruction,12,2025,EXTERNAL,"{""type"": ""MultiLineString"", ""coordinates"": [[[-79.3377209526631, 43.7002941448173], [-79.3377257000119, 43.7006408088687], [-79.3377256261363, 43.7006681996593], [-79.3377245472318, 43.7006956160267], [-79.3377228602442, 43.7007230855385], [-79.3377203050894, 43.7007504368009], [-79.3377168689225, 43.7007778318188], [-79.3377128500415, 43.7008050729873], [-79.3377079380793, 43.7008322318761], [-79.3377021450773, 43.7008594435213], [-79.3376957323077, 43.7008864382553], [-79.3376884635043, 43.7009134137707], [-79.3376804755791, 43.7009402082388], [-79.3376717061566, 43.7009669475887], [-79.3376622052521, 43.7009934878708], [-79.3376518239816, 43.7010198288735], [-79.3376408596974, 43.7010461240406], [-79.3376289903044, 43.7010721928888], [-79.3376163893528, 43.7010980896722], [-79.3376031562919, 43.7011237425214], [-79.3375890922452, 43.701149286173], [-79.3375743838021, 43.701174540866], [-79.337558919178, 43.701199551448], [-79.3375427230886, 43.7012243539587], [-79.3375257832236, 43.7012489123753], [-79.3375082112694, 43.7012732178549], [-79.3374898957328, 43.7012972072298], [-79.337471730038, 43.7013208367636], [-79.3374606349498, 43.701340389768], [-79.3374488084981, 43.7013596986967], [-79.3374362258438, 43.7013787725154], [-79.3374228992477, 43.701397665249], [-79.3374088044302, 43.7014161788345], [-79.3373942510553, 43.701434502739], [-79.3373788176978, 43.7014524833411], [-79.3373629011141, 43.7014702202191], [-79.3373462287389, 43.7014875689642], [-79.3373289243744, 43.7015046287666], [-79.3373109013172, 43.7015213454948], [-79.3372923705351, 43.7015377014463], [-79.337273319889, 43.7015535975894], [-79.3372535502331, 43.7015692676736], [-79.3372332980801, 43.7015844239945], [-79.3372124264169, 43.7015992643847], [-79.3372047722522, 43.7016034750835], [-79.3371889295395, 43.7016122197646], [-79.3371721440153, 43.7016254997449], [-79.3371688878372, 43.7016275383967], [-79.337148599884, 43.7016421545746], [-79.337108370176, 43.7016718194743], [-79.3370758146516, 43.7016944562985], [-79.3370426150808, 43.7017166691349], [-79.3370088090995, 43.7017383050152], [-79.3369743961468, 43.7017595709673], [-79.3369394633896, 43.7017803500984], [-79.3369040607005, 43.7018005524664], [-79.3368681379636, 43.701820358025], [-79.3368316212736, 43.70183956864], [-79.3367945846829, 43.701858328437], [-79.336757189411, 43.7018766646497], [-79.3367192872325, 43.7018943340314], [-79.3366809148077, 43.7019115436634], [-79.336642034989, 43.7019282664883], [-79.3366027845975, 43.7019443766833], [-79.3365630392205, 43.7019600000881], [-79.3364111060284, 43.7020311628851], [-79.3363658926924, 43.7020454192025], [-79.3363209506025, 43.7020602969786], [-79.3362762303982, 43.7020756971288], [-79.3362320295318, 43.7020917370964], [-79.3361881745225, 43.7021083356216], [-79.3361448270303, 43.7021253579176], [-79.3361017381758, 43.7021430736663], [-79.3360592684523, 43.7021612313492], [-79.3360170204129, 43.7021799834187], [-79.3359683724448, 43.7022024708202], [-79.3359547933909, 43.702209058271], [-79.3359341580257, 43.7022189480625], [-79.3358934191142, 43.7022393404847], [-79.3358531507639, 43.702260057614], [-79.3358133893365, 43.7022814145479], [-79.3357742593946, 43.7023032314403], [-79.335735475597, 43.7023254988805], [-79.3356973230877, 43.7023482982902], [-79.33566053458, 43.7023713786878], [-79.3356175371389, 43.7023918487754], [-79.3355750470851, 43.7024127876431], [-79.3355330767517, 43.7024342223129], [-79.3354914276717, 43.7024561344973], [-79.3354503106689, 43.7024785605052], [-79.335409812692, 43.7025014644572], [-79.3353696606583, 43.7025248909671], [-79.3353301528091, 43.7025486694406], [-79.3352911148516, 43.7025730156579], [-79.3352527086465, 43.7025977228233], [-79.3352147972949, 43.702622943762], [-79.3351773687097, 43.7026485614402], [-79.3351405841606, 43.7026745850924], [-79.3351161298228, 43.7026925163688], [-79.3351044061546, 43.7027011136791], [-79.3350688475923, 43.702727967194], [-79.3350337964628, 43.7027552714939], [-79.3349994636407, 43.7027830448861], [-79.334965663313, 43.7028111790878], [-79.3349325692561, 43.7028396473465], [-79.3348999701263, 43.7028686023792], [-79.3348681519341, 43.7028978105665], [-79.3348369156937, 43.7029274426456], [-79.3348064227746, 43.7029574718464], [-79.3347764623268, 43.7029878708608], [-79.3347643301208, 43.7030006171336], [-79.3347473200656, 43.7030185140846], [-79.3347186978445, 43.7030495361064], [-79.3346939799612, 43.7030774853307], [-79.3346792443347, 43.7031436233995], [-79.3346206194394, 43.7032293297576], [-79.3345524627704, 43.7033160124287], [-79.3344885494172, 43.7034161671105], [-79.3344207778868, 43.7035340756826], [-79.3343659983715, 43.7036513999534], [-79.3343180578241, 43.7037767812484], [-79.3342692039732, 43.7039228461261], [-79.3342185704537, 43.7040572697499], [-79.3341892467174, 43.7041759720314], [-79.3341579149175, 43.7042939152824], [-79.3341307544323, 43.7044289669963], [-79.3341067424719, 43.7045560751451], [-79.3340884748328, 43.7046698157313], [-79.3340599557832, 43.7047979704719], [-79.3340296572173, 43.7049144749711], [-79.3340008607907, 43.7050306485942], [-79.3339798043847, 43.7051341866611], [-79.3339552262029, 43.7052144783201], [-79.3339352393577, 43.7052900959812], [-79.3339269551054, 43.7053245318161], [-79.3339106058656, 43.7054308220919], [-79.3339075734831, 43.7054505574763], [-79.3338706761648, 43.7055974676303], [-79.3338625884574, 43.7057269391753], [-79.3338337080699, 43.7058732488756], [-79.3338026754914, 43.70602602735], [-79.3337754897712, 43.7061875966468], [-79.333759793292, 43.706322403861], [-79.3337263929975, 43.7064697330902], [-79.3337099880079, 43.7066408323834], [-79.3337089442624, 43.7067939694794], [-79.3337039328192, 43.7069191158502], [-79.3336886695626, 43.7070586673369], [-79.3336988281416, 43.7072260877326], [-79.3336959104362, 43.7074242014295], [-79.3337008164375, 43.7075795794753], [-79.3337275259913, 43.7077431983922], [-79.333752432569, 43.7078723128133], [-79.3337693340653, 43.7080020636761], [-79.3337815843693, 43.7081401069393], [-79.3338014310737, 43.7082728054886], [-79.3338195219395, 43.7083673721083], [-79.3338403777585, 43.7084492599566], [-79.3338437318838, 43.7085062698606], [-79.3338657533806, 43.7085794641723], [-79.3339195939536, 43.7087862115117], [-79.3339800209615, 43.7089625441027], [-79.334036937781, 43.7091384755041], [-79.3341004313363, 43.7093369735907], [-79.3342038805803, 43.7095852975964], [-79.3343136679073, 43.7098484647707], [-79.3343949848033, 43.7099964463986]]]}"
234,2183187, ,2024-04-26,Local Road Reconstruction,AMIENS RD<br> From: KINGSTON RD<br> To: FAIRWOOD CRES ,"Replacement of the entire road pavement structure, including the asphalt and underlying support materials. Repair, improvement, or replacement of: road drainage, curbs, boulevards and sidewalks. Work may include the closure of individual lanes or the entire road.  Also, includes the replacement of the City-owned portion of substandard water service connections. The property owner is encouraged to replace the private portion of the substandard water service connection, as well. Also, includes the replacement of the City-owned portion of substandard water service connections. The property owner is encouraged to replace the private portion of the substandard water service connection, as well.",Q3 2025 - Q4 2026,Active,1 - Projects with approved or allocated funding in the Capital Works Program.,Transportation Services,"Niloufar Mohajerani, Engineering and Construction Services",nmohaje@toronto.ca,https://www.toronto.ca/services-payments/streets-parking-transportation/road-maintenance/road-sidewalk-repair/,TS_Road_Reconstruction,12,2025,EXTERNAL,"{""type"": ""MultiLineString"", ""coordinates"": [[[-79.1848633621799, 43.7728112820195], [-79.1863638018102, 43.7735699495858], [-79.1868036681357, 43.7738546653324], [-79.1868450486692, 43.7738898382374], [-79.1868816781609, 43.7739332791786], [-79.1869232816982, 43.7739923957511], [-79.1869513419235, 43.7740545356081], [-79.1869966007538, 43.7741416467698], [-79.1871772298975, 43.7745825590197], [-79.1873666791447, 43.7750286887455], [-79.1881164953885, 43.7767670514673]]]}"
235,2183188, ,2024-04-26,Local Road Reconstruction,WEST HILL DR<br> From: LAWRENCE AVE E<br> To: KINGSTON RD ,"Replacement of the entire road pavement structure, including the asphalt and underlying support materials. Repair, improvement, or replacement of: road drainage, curbs, boulevards and sidewalks. Work may include the closure of individual lanes or the entire road.  Also, includes the replacement of the City-owned portion of substandard water service connections. The property owner is encouraged to replace the private portion of the substandard water service connection, as well. Also, includes the replacement of the City-owned portion of substandard water service connections. The property owner is encouraged to replace the private portion of the substandard water service connection, as well.",Q3 2025 - Q4 2026,Active,1 - Projects with approved or allocated funding in the Capital Works Program.,Transportation Services,"Niloufar Mohajerani, Engineering and Construction Services",nmohaje@toronto.ca,https://www.toronto.ca/services-payments/streets-parking-transportation/road-maintenance/road-sidewalk-repair/,TS_Road_Reconstruction,12,2025,EXTERNAL,"{""type"": ""MultiLineString"", ""coordinates"": [[[-79.1798927836686, 43.7698408565419], [-79.1809212501835, 43.7722488434674], [-79.1816823570359, 43.774018334711], [-79.1817310031122, 43.7741562779365], [-79.181742446584, 43.7742377432909], [-79.181755967497, 43.7743163160543]]]}"
236,2183189, ,2024-04-26,Laneway Reconstruction,[43.30 m N] DUNDAS ST W<br> From: HURON ST<br> To: [79.20 m W] HURON ST ,"Replacement of the entire laneway pavement structure, including the asphalt, concrete and underlying support materials. Repair, improvement, or replacement of laneway drainage, curbs, and associated areas. Work may include the closure of individual lanes or the entire laneway. Also, includes the replacement of the City-owned portion of substandard water service connections. The property owner is encouraged to replace the private portion of the substandard water service connection, as well.",Q3 2025 - Q4 2026,Active,1 - Projects with approved or allocated funding in the Capital Works Program.,Transportation Services,"Niloufar Mohajerani, Engineering and Construction Services",nmohaje@toronto.ca,https://www.toronto.ca/services-payments/streets-parking-transportation/road-maintenance/road-sidewalk-repair/,TS_Road_Reconstruction,12,2025,EXTERNAL,"{""type"": ""MultiLineString"", ""coordinates"": [[[-79.3963577254249, 43.6538134548248], [-79.397450075485, 43.6535784964466]]]}"
237,2183190, ,2024-04-26,Laneway Reconstruction,[24.90 m E] HURON ST<br> From: [23.80 m N] DUNDAS ST W<br> To: [44.30 m N] DUNDAS ST W ,"Replacement of the entire laneway pavement structure, including the asphalt, concrete and underlying support materials. Repair, improvement, or replacement of laneway drainage, curbs, and associated areas. Work may include the closure of individual lanes or the entire laneway. Also, includes the replacement of the City-owned portion of substandard water service connections. The property owner is encouraged to replace the private portion of the substandard water service connection, as well.",Q3 2025 - Q4 2026,Active,1 - Projects with approved or allocated funding in the Capital Works Program.,Transportation Services,"Niloufar Mohajerani, Engineering and Construction Services",nmohaje@toronto.ca,https://www.toronto.ca/services-payments/streets-parking-transportation/road-maintenance/road-sidewalk-repair/,TS_Road_Reconstruction,12,2025,EXTERNAL,"{""type"": ""MultiLineString"", ""coordinates"": [[[-79.3958991799977, 43.6539042939077], [-79.3958250734784, 43.6537224620337]]]}"
238,2183191, ,2024-04-26,Laneway Reconstruction,SOHO PL<br> From: [E] BEVERLEY ST [END]<br> To: [35 m W] BEVERLEY ST [END] ,"Replacement of the entire laneway pavement structure, including the asphalt, concrete and underlying support materials. Repair, improvement, or replacement of laneway drainage, curbs, and associated areas. Work may include the closure of individual lanes or the entire laneway. Also, includes the replacement of the City-owned portion of substandard water service connections. The property owner is encouraged to replace the private portion of the substandard water service connection, as well.",Q3 2025 - Q4 2026,Active,1 - Projects with approved or allocated funding in the Capital Works Program.,Transportation Services,"Niloufar Mohajerani, Engineering and Construction Services",nmohaje@toronto.ca,https://www.toronto.ca/services-payments/streets-parking-transportation/road-maintenance/road-sidewalk-repair/,TS_Road_Reconstruction,12,2025,EXTERNAL,"{""type"": ""MultiLineString"", ""coordinates"": [[[-79.393611837032, 43.6498149053211], [-79.3928345651457, 43.6499770409374], [-79.3928194208216, 43.6499468181711]]]}"
239,2183194,TS2023-19-039,2024-04-25,Local Road Rehabilitation,NORWAY AVE<br> From: ELMER AVE<br> To: KENILWORTH AVE ,"Replacement of partial road pavement structure or entire road pavement structure for either partial lane width, full lane width or full road width. This could include the asphalt and underlying support materials. Repair, improvement or replacement of road drainage, damaged sidewalk, boulevards and curbs. Work may include the closure of individual lanes or the entire road.",2024,Active,None,Transportation Services,<Null> Transportation Roads State of Good Repair,RoadSOGR@toronto.ca,https://www.toronto.ca/services-payments/streets-parking-transportation/road-maintenance/road-sidewalk-repair/,TS_Road_Reconstruction,12,2024,EXTERNAL,"{""type"": ""MultiLineString"", ""coordinates"": [[[-79.3052407120946, 43.673576515003], [-79.3038089960811, 43.6739026599814]]]}"
240,2183206,"TS2023-08-169
",2024-04-25,Local Road Reconstruction,ROSELAWN AVE<br> From: ELMRIDGE DR<br> To: LYON CRT ,"Replacement of the entire road pavement structure, including the asphalt and underlying support materials. Repair, improvement, or replacement of: road drainage, curbs, boulevards and sidewalks. Work may include the closure of individual lanes or the entire road.  Also, includes the replacement of the City-owned portion of substandard water service connections. The property owner is encouraged to replace the private portion of the substandard water service connection, as well. Also, includes the replacement of the City-owned portion of substandard water service connections. The property owner is encouraged to replace the private portion of the substandard water service connection, as well.",Q3 2025 - Q4 2026,Active,1 - Projects with approved or allocated funding in the Capital Works Program.,Transportation Services,"Adel Roufail, Engineering and Construction Services",aroufai@toronto.ca,https://www.toronto.ca/services-payments/streets-parking-transportation/road-maintenance/road-sidewalk-repair/,TS_Road_Reconstruction,12,2025,EXTERNAL,"{""type"": ""MultiLineString"", ""coordinates"": [[[-79.4389944429743, 43.7026791487955], [-79.4403057732957, 43.7024159686503]]]}"
241,2183207,TS2023-15-412,2024-04-25,Local Road Rehabilitation,FORMAN AVE<br> From: [N] BELSIZE DR [BRANCH]<br> To: TILSON RD ,"Replacement of partial road pavement structure or entire road pavement structure for either partial lane width, full lane width or full road width. This could include the asphalt and underlying support materials. Repair, improvement or replacement of road drainage, damaged sidewalk, boulevards and curbs. Work may include the closure of individual lanes or the entire road.",Q3 2023 - Q4 2024,Active,None,Transportation Services,"Jennifer Harris, Engineering and Construction Services",jharris9@toronto.ca,https://www.toronto.ca/services-payments/streets-parking-transportation/road-maintenance/road-sidewalk-repair/,TS_Road_Reconstruction,12,2023,EXTERNAL,"{""type"": ""MultiLineString"", ""coordinates"": [[[-79.3832464365768, 43.7036214504836], [-79.3840438031484, 43.7043243166408]]]}"
242,2183208,TS2023-15-228,2024-04-25,Local Road Rehabilitation,MILLWOOD RD<br> From: MOUNT PLEASANT RD<br> To: HARWOOD RD ,"Replacement of partial road pavement structure or entire road pavement structure for either partial lane width, full lane width or full road width. This could include the asphalt and underlying support materials. Repair, improvement or replacement of road drainage, damaged sidewalk, boulevards and curbs. Work may include the closure of individual lanes or the entire road.",Q3 2023 - Q4 2024,Active,None,Transportation Services,"Jennifer Harris, Engineering and Construction Services",jharris9@toronto.ca,https://www.toronto.ca/services-payments/streets-parking-transportation/road-maintenance/road-sidewalk-repair/,TS_Road_Reconstruction,12,2023,EXTERNAL,"{""type"": ""MultiLineString"", ""coordinates"": [[[-79.3874950278364, 43.701645456951], [-79.3852034846014, 43.7021202553456]]]}"
243,2183209,TS2023-15-228,2024-04-25,Local Road Rehabilitation,MILLWOOD RD<br> From: HARWOOD RD<br> To: BELLE AYRE BLVD ,"Replacement of partial road pavement structure or entire road pavement structure for either partial lane width, full lane width or full road width. This could include the asphalt and underlying support materials. Repair, improvement or replacement of road drainage, damaged sidewalk, boulevards and curbs. Work may include the closure of individual lanes or the entire road.",Q3 2023 - Q4 2024,Active,None,Transportation Services,"Jennifer Harris, Engineering and Construction Services",jharris9@toronto.ca,https://www.toronto.ca/services-payments/streets-parking-transportation/road-maintenance/road-sidewalk-repair/,TS_Road_Reconstruction,12,2023,EXTERNAL,"{""type"": ""MultiLineString"", ""coordinates"": [[[-79.3852034846014, 43.7021202553456], [-79.3838013139115, 43.7024068794731]]]}"
244,2183211,TS2023-13-001,2024-04-25,Major Road Reconstruction,GERRARD ST E<br> From: [N] GERRARD ST E [BRANCH]<br> To: PARLIAMENT ST ,"Replacement of the entire road pavement structure, including the asphalt and underlying support materials. Repair, improvement, or replacement of: road drainage, curbs, boulevards and sidewalks. Work may include the closure of individual lanes or the entire road.  Also, includes the replacement of the City-owned portion of substandard water service connections. The property owner is encouraged to replace the private portion of the substandard water service connection, as well. Also, includes the replacement of the City-owned portion of substandard water service connections. The property owner is encouraged to replace the private portion of the substandard water service connection, as well.",Q4 2025 - Q4 2026,Active,1 - Projects with approved or allocated funding in the Capital Works Program.,Transportation Services,"Marilia Cimini, Engineering and Construction Services",mcimini@toronto.ca,https://www.toronto.ca/services-payments/streets-parking-transportation/road-maintenance/road-sidewalk-repair/,TS_Road_Reconstruction,12,2025,EXTERNAL,"{""type"": ""MultiLineString"", ""coordinates"": [[[-79.3681759569219, 43.6621129637347], [-79.3670355368209, 43.6619503748952]]]}"
245,2183212,TS2023-13-049,2024-04-25,Local Road Rehabilitation,ST PAUL ST<br> From: [E-W] SACKVILLE ST [LEG]<br> To: RAY LANE ,"Replacement of partial road pavement structure or entire road pavement structure for either partial lane width, full lane width or full road width. This could include the asphalt and underlying support materials. Repair, improvement or replacement of road drainage, damaged sidewalk, boulevards and curbs. Work may include the closure of individual lanes or the entire road.",2024,Active,None,Transportation Services,<Null> Transportation Roads State of Good Repair,RoadSOGR@toronto.ca,https://www.toronto.ca/services-payments/streets-parking-transportation/road-maintenance/road-sidewalk-repair/,TS_Road_Reconstruction,12,2024,EXTERNAL,"{""type"": ""MultiLineString"", ""coordinates"": [[[-79.3601728114032, 43.65555203136], [-79.3601904349407, 43.6556400591316], [-79.3603190377211, 43.6559653901647], [-79.3603520870802, 43.6560522395732], [-79.3603556852797, 43.6560617043887]]]}"
246,2183215,TS2023-15-056,2024-04-25,Local Road Rehabilitation,SUTHERLAND DR<br> From: ROLPH RD<br> To: HANNA RD ,"Replacement of partial road pavement structure or entire road pavement structure for either partial lane width, full lane width or full road width. This could include the asphalt and underlying support materials. Repair, improvement or replacement of road drainage, damaged sidewalk, boulevards and curbs. Work may include the closure of individual lanes or the entire road.",Q3 2023 - Q4 2024,Active,None,Transportation Services,"Jennifer Harris, Engineering and Construction Services",jharris9@toronto.ca,https://www.toronto.ca/services-payments/streets-parking-transportation/road-maintenance/road-sidewalk-repair/,TS_Road_Reconstruction,12,2023,EXTERNAL,"{""type"": ""MultiLineString"", ""coordinates"": [[[-79.3671968430347, 43.7003456656787], [-79.367014745282, 43.7004534873456], [-79.3667646865999, 43.7006152462116], [-79.3664633306607, 43.7008354619344], [-79.3661988664727, 43.7010241885593], [-79.3659048036345, 43.7012713881653], [-79.3657031324872, 43.7014691975555], [-79.3656025212801, 43.7015590830966]]]}"
247,2183218,TS2023-15-442,2024-04-25,Local Road Rehabilitation,BENNINGTON HTS<br> From: BAYVIEW HEIGHTS DR<br> To: [121.10 m E] BAYVIEW HEIGHTS DR [RING] ,"Replacement of partial road pavement structure or entire road pavement structure for either partial lane width, full lane width or full road width. This could include the asphalt and underlying support materials. Repair, improvement or replacement of road drainage, damaged sidewalk, boulevards and curbs. Work may include the closure of individual lanes or the entire road.",Q3 2023 - Q4 2024,Active,None,Transportation Services,"Jennifer Harris, Engineering and Construction Services",jharris9@toronto.ca,https://www.toronto.ca/services-payments/streets-parking-transportation/road-maintenance/road-sidewalk-repair/,TS_Road_Reconstruction,12,2023,EXTERNAL,"{""type"": ""MultiLineString"", ""coordinates"": [[[-79.3705407081614, 43.6935532512937], [-79.3703987763769, 43.6935710750422], [-79.3703599900953, 43.6935800233507], [-79.3703215883701, 43.6935889720824], [-79.3702824050729, 43.6935979289154], [-79.3702432217834, 43.6936068767337], [-79.3702040508682, 43.693615833554], [-79.3701645051025, 43.6936202802878], [-79.3701245402394, 43.6936292271777], [-79.370084597466, 43.693633682434], [-79.3700446547063, 43.6936381286751], [-79.370004314967, 43.6936425744508], [-79.3699643721566, 43.6936470386664], [-79.3699236602621, 43.693651474989], [-79.3698833550077, 43.6936514381179], [-79.3698426306989, 43.6936558743975], [-79.3698019161015, 43.693655819029], [-79.3697615887186, 43.6936602737344], [-79.3697208741184, 43.693660218337], [-79.3696801594988, 43.6936601719265], [-79.3696394697096, 43.6936601165284], [-79.3691823252192, 43.6936730422012], [-79.3690019834964, 43.6937088498381]]]}"
248,2183219,TS2023-15-228,2024-04-25,Local Road Rehabilitation,MILLWOOD RD<br> From: BELLE AYRE BLVD<br> To: FORMAN AVE ,"Replacement of partial road pavement structure or entire road pavement structure for either partial lane width, full lane width or full road width. This could include the asphalt and underlying support materials. Repair, improvement or replacement of road drainage, damaged sidewalk, boulevards and curbs. Work may include the closure of individual lanes or the entire road.",Q3 2023 - Q4 2024,Active,None,Transportation Services,"Jennifer Harris, Engineering and Construction Services",jharris9@toronto.ca,https://www.toronto.ca/services-payments/streets-parking-transportation/road-maintenance/road-sidewalk-repair/,TS_Road_Reconstruction,12,2023,EXTERNAL,"{""type"": ""MultiLineString"", ""coordinates"": [[[-79.3838013139115, 43.7024068794731], [-79.381884387155, 43.7028009889675]]]}"
249,2183221, ,2024-04-26,Laneway Reconstruction,[79.20 m W] HURON ST<br> From: DUNDAS ST W<br> To: D'ARCY ST ,"Replacement of the entire laneway pavement structure, including the asphalt, concrete and underlying support materials. Repair, improvement, or replacement of laneway drainage, curbs, and associated areas. Work may include the closure of individual lanes or the entire laneway. Also, includes the replacement of the City-owned portion of substandard water service connections. The property owner is encouraged to replace the private portion of the substandard water service connection, as well.",Q3 2025 - Q4 2026,Active,1 - Projects with approved or allocated funding in the Capital Works Program.,Transportation Services,"Niloufar Mohajerani, Engineering and Construction Services",nmohaje@toronto.ca,https://www.toronto.ca/services-payments/streets-parking-transportation/road-maintenance/road-sidewalk-repair/,TS_Road_Reconstruction,12,2025,EXTERNAL,"{""type"": ""MultiLineString"", ""coordinates"": [[[-79.3972709038512, 43.6531172591201], [-79.397450075485, 43.6535784964466], [-79.3976430744232, 43.6540753011883]]]}"
250,2183222, ,2024-04-26,Laneway Reconstruction,[44.50 m N] DUNDAS ST W<br> From: [95.40 m E] HURON ST<br> To: HURON ST ,"Replacement of the entire laneway pavement structure, including the asphalt, concrete and underlying support materials. Repair, improvement, or replacement of laneway drainage, curbs, and associated areas. Work may include the closure of individual lanes or the entire laneway. Also, includes the replacement of the City-owned portion of substandard water service connections. The property owner is encouraged to replace the private portion of the substandard water service connection, as well.",Q3 2025 - Q4 2026,Active,1 - Projects with approved or allocated funding in the Capital Works Program.,Transportation Services,"Niloufar Mohajerani, Engineering and Construction Services",nmohaje@toronto.ca,https://www.toronto.ca/services-payments/streets-parking-transportation/road-maintenance/road-sidewalk-repair/,TS_Road_Reconstruction,12,2025,EXTERNAL,"{""type"": ""MultiLineString"", ""coordinates"": [[[-79.3958991799977, 43.6539042939077], [-79.3963577254249, 43.6538134548248]]]}"
251,2183228,"TS2023-08-169
",2024-04-25,Local Road Reconstruction,ELM RIDGE DR<br> From: [W] WILLIAM R ALLEN RD [BRIDGE]<br> To: [163.50 m] ROSELAWN AVE [CITY LIMITS] ,"Replacement of the entire road pavement structure, including the asphalt and underlying support materials. Repair, improvement, or replacement of: road drainage, curbs, boulevards and sidewalks. Work may include the closure of individual lanes or the entire road.  Also, includes the replacement of the City-owned portion of substandard water service connections. The property owner is encouraged to replace the private portion of the substandard water service connection, as well. Also, includes the replacement of the City-owned portion of substandard water service connections. The property owner is encouraged to replace the private portion of the substandard water service connection, as well.",Q3 2025 - Q4 2026,Active,1 - Projects with approved or allocated funding in the Capital Works Program.,Transportation Services,"Adel Roufail, Engineering and Construction Services",aroufai@toronto.ca,https://www.toronto.ca/services-payments/streets-parking-transportation/road-maintenance/road-sidewalk-repair/,TS_Road_Reconstruction,12,2025,EXTERNAL,"{""type"": ""MultiLineString"", ""coordinates"": [[[-79.437838722517, 43.7029345494985], [-79.4389944429743, 43.7026791487955]]]}"
252,2183231, ,2024-04-26,Laneway Reconstruction,[42.70 m E] SPADINA AVE<br> From: D'ARCY ST<br> To: BALDWIN ST ,"Replacement of the entire laneway pavement structure, including the asphalt, concrete and underlying support materials. Repair, improvement, or replacement of laneway drainage, curbs, and associated areas. Work may include the closure of individual lanes or the entire laneway. Also, includes the replacement of the City-owned portion of substandard water service connections. The property owner is encouraged to replace the private portion of the substandard water service connection, as well.",Q3 2025 - Q4 2026,Active,1 - Projects with approved or allocated funding in the Capital Works Program.,Transportation Services,"Niloufar Mohajerani, Engineering and Construction Services",nmohaje@toronto.ca,https://www.toronto.ca/services-payments/streets-parking-transportation/road-maintenance/road-sidewalk-repair/,TS_Road_Reconstruction,12,2025,EXTERNAL,"{""type"": ""MultiLineString"", ""coordinates"": [[[-79.3976430744232, 43.6540753011883], [-79.3978420555363, 43.6545627585005], [-79.3980490773241, 43.6550699085557]]]}"
253,2186841, ,2024-05-15,Laneway Reconstruction,[82 m S] GOULD ST<br> From: VICTORIA STREET LANE<br> To: BOND ST ,"Replacement of the entire laneway pavement structure, including the asphalt, concrete and underlying support materials. Repair, improvement, or replacement of laneway drainage, curbs, and associated areas. Work may include the closure of individual lanes or the entire laneway. Also, includes the replacement of the City-owned portion of substandard water service connections. The property owner is encouraged to replace the private portion of the substandard water service connection, as well.",Q2 2026 - Q4 2026,Active,1 - Projects with approved or allocated funding in the Capital Works Program.,Transportation Services,"Augustine Anifowose, Engineering and Construction Services",aanifow@toronto.ca,https://www.toronto.ca/services-payments/streets-parking-transportation/road-maintenance/road-sidewalk-repair/,TS_Road_Reconstruction,12,2026,EXTERNAL,"{""type"": ""MultiLineString"", ""coordinates"": [[[-79.3792421920512, 43.6569969247347], [-79.3786695131342, 43.6571112655773]]]}"
254,2187048, ,2024-05-15,Local Road Reconstruction,SAMMON AVE<br> From: WOODYCREST AVE<br> To: DEWHURST BLVD N ,"Replacement of the entire road pavement structure, including the asphalt and underlying support materials. Repair, improvement, or replacement of: road drainage, curbs, boulevards and sidewalks. Work may include the closure of individual lanes or the entire road.  Also, includes the replacement of the City-owned portion of substandard water service connections. The property owner is encouraged to replace the private portion of the substandard water service connection, as well. Also, includes the replacement of the City-owned portion of substandard water service connections. The property owner is encouraged to replace the private portion of the substandard water service connection, as well.",Q2 2024 - Q4 2024,Active,1 - Projects with approved or allocated funding in the Capital Works Program.,Transportation Services,"Gabor Szakter, Engineering and Construction Services",gszakte@toronto.ca,https://www.toronto.ca/services-payments/streets-parking-transportation/road-maintenance/road-sidewalk-repair/,TS_Road_Reconstruction,12,2024,EXTERNAL,"{""type"": ""MultiLineString"", ""coordinates"": [[[-79.3438069120375, 43.6850314434944], [-79.3414270062252, 43.6854972787829]]]}"
255,2187050, ,2024-05-15,Local Road Reconstruction,SAMMON AVE<br> From: KIMBOURNE AVE<br> To: [S] LINNSMORE CRES [BRANCH] ,"Replacement of the entire road pavement structure, including the asphalt and underlying support materials. Repair, improvement, or replacement of: road drainage, curbs, boulevards and sidewalks. Work may include the closure of individual lanes or the entire road.  Also, includes the replacement of the City-owned portion of substandard water service connections. The property owner is encouraged to replace the private portion of the substandard water service connection, as well. Also, includes the replacement of the City-owned portion of substandard water service connections. The property owner is encouraged to replace the private portion of the substandard water service connection, as well.",Q2 2024 - Q4 2024,Active,1 - Projects with approved or allocated funding in the Capital Works Program.,Transportation Services,"Gabor Szakter, Engineering and Construction Services",gszakte@toronto.ca,https://www.toronto.ca/services-payments/streets-parking-transportation/road-maintenance/road-sidewalk-repair/,TS_Road_Reconstruction,12,2024,EXTERNAL,"{""type"": ""MultiLineString"", ""coordinates"": [[[-79.3328192073762, 43.6872880286059], [-79.3321277060431, 43.6874285696282]]]}"
256,2187053, ,2024-05-15,Local Road Reconstruction,SAMMON AVE<br> From: [S] LINNSMORE CRES [BRANCH]<br> To: [N] LINNSMORE CRES [BRANCH] ,"Replacement of the entire road pavement structure, including the asphalt and underlying support materials. Repair, improvement, or replacement of: road drainage, curbs, boulevards and sidewalks. Work may include the closure of individual lanes or the entire road.  Also, includes the replacement of the City-owned portion of substandard water service connections. The property owner is encouraged to replace the private portion of the substandard water service connection, as well. Also, includes the replacement of the City-owned portion of substandard water service connections. The property owner is encouraged to replace the private portion of the substandard water service connection, as well.",Q2 2024 - Q4 2024,Active,1 - Projects with approved or allocated funding in the Capital Works Program.,Transportation Services,"Gabor Szakter, Engineering and Construction Services",gszakte@toronto.ca,https://www.toronto.ca/services-payments/streets-parking-transportation/road-maintenance/road-sidewalk-repair/,TS_Road_Reconstruction,12,2024,EXTERNAL,"{""type"": ""MultiLineString"", ""coordinates"": [[[-79.3321277060431, 43.6874285696282], [-79.3318966002961, 43.6874831469324]]]}"
257,2187057, ,2024-05-15,Local Road Reconstruction,SAMMON AVE<br> From: WILEY AVE<br> To: INWOOD AVE ,"Replacement of the entire road pavement structure, including the asphalt and underlying support materials. Repair, improvement, or replacement of: road drainage, curbs, boulevards and sidewalks. Work may include the closure of individual lanes or the entire road.  Also, includes the replacement of the City-owned portion of substandard water service connections. The property owner is encouraged to replace the private portion of the substandard water service connection, as well. Also, includes the replacement of the City-owned portion of substandard water service connections. The property owner is encouraged to replace the private portion of the substandard water service connection, as well.",Q2 2024 - Q4 2024,Active,1 - Projects with approved or allocated funding in the Capital Works Program.,Transportation Services,"Gabor Szakter, Engineering and Construction Services",gszakte@toronto.ca,https://www.toronto.ca/services-payments/streets-parking-transportation/road-maintenance/road-sidewalk-repair/,TS_Road_Reconstruction,12,2024,EXTERNAL,"{""type"": ""MultiLineString"", ""coordinates"": [[[-79.3375693019471, 43.6862670364191], [-79.3366139988159, 43.686468717346]]]}"
258,2187059, ,2024-05-15,Local Road Reconstruction,SAMMON AVE<br> From: DONLANDS AVE<br> To: MARLOW AVE ,"Replacement of the entire road pavement structure, including the asphalt and underlying support materials. Repair, improvement, or replacement of: road drainage, curbs, boulevards and sidewalks. Work may include the closure of individual lanes or the entire road.  Also, includes the replacement of the City-owned portion of substandard water service connections. The property owner is encouraged to replace the private portion of the substandard water service connection, as well. Also, includes the replacement of the City-owned portion of substandard water service connections. The property owner is encouraged to replace the private portion of the substandard water service connection, as well.",Q2 2024 - Q4 2024,Active,1 - Projects with approved or allocated funding in the Capital Works Program.,Transportation Services,"Gabor Szakter, Engineering and Construction Services",gszakte@toronto.ca,https://www.toronto.ca/services-payments/streets-parking-transportation/road-maintenance/road-sidewalk-repair/,TS_Road_Reconstruction,12,2024,EXTERNAL,"{""type"": ""MultiLineString"", ""coordinates"": [[[-79.3395279225891, 43.6858428619847], [-79.3385821847982, 43.6860487764135]]]}"
259,2187060, ,2024-05-15,Local Road Reconstruction,SAMMON AVE<br> From: INWOOD AVE<br> To: FRANKDALE AVE ,"Replacement of the entire road pavement structure, including the asphalt and underlying support materials. Repair, improvement, or replacement of: road drainage, curbs, boulevards and sidewalks. Work may include the closure of individual lanes or the entire road.  Also, includes the replacement of the City-owned portion of substandard water service connections. The property owner is encouraged to replace the private portion of the substandard water service connection, as well. Also, includes the replacement of the City-owned portion of substandard water service connections. The property owner is encouraged to replace the private portion of the substandard water service connection, as well.",Q2 2024 - Q4 2024,Active,1 - Projects with approved or allocated funding in the Capital Works Program.,Transportation Services,"Gabor Szakter, Engineering and Construction Services",gszakte@toronto.ca,https://www.toronto.ca/services-payments/streets-parking-transportation/road-maintenance/road-sidewalk-repair/,TS_Road_Reconstruction,12,2024,EXTERNAL,"{""type"": ""MultiLineString"", ""coordinates"": [[[-79.3366139988159, 43.686468717346], [-79.3356773155866, 43.6866811466014]]]}"
260,2187061, ,2024-05-15,Local Road Reconstruction,SAMMON AVE<br> From: DEWHURST BLVD N<br> To: DONLANDS AVE ,"Replacement of the entire road pavement structure, including the asphalt and underlying support materials. Repair, improvement, or replacement of: road drainage, curbs, boulevards and sidewalks. Work may include the closure of individual lanes or the entire road.  Also, includes the replacement of the City-owned portion of substandard water service connections. The property owner is encouraged to replace the private portion of the substandard water service connection, as well. Also, includes the replacement of the City-owned portion of substandard water service connections. The property owner is encouraged to replace the private portion of the substandard water service connection, as well.",Q2 2024 - Q4 2024,Active,1 - Projects with approved or allocated funding in the Capital Works Program.,Transportation Services,"Gabor Szakter, Engineering and Construction Services",gszakte@toronto.ca,https://www.toronto.ca/services-payments/streets-parking-transportation/road-maintenance/road-sidewalk-repair/,TS_Road_Reconstruction,12,2024,EXTERNAL,"{""type"": ""MultiLineString"", ""coordinates"": [[[-79.3414270062252, 43.6854972787829], [-79.3405350848028, 43.6856716714472], [-79.3400810565577, 43.6857506986999], [-79.3398401246481, 43.6857926315032], [-79.3395279225891, 43.6858428619847]]]}"
261,2187062, ,2024-05-15,Local Road Reconstruction,SAMMON AVE<br> From: MARLOW AVE<br> To: WILEY AVE ,"Replacement of the entire road pavement structure, including the asphalt and underlying support materials. Repair, improvement, or replacement of: road drainage, curbs, boulevards and sidewalks. Work may include the closure of individual lanes or the entire road.  Also, includes the replacement of the City-owned portion of substandard water service connections. The property owner is encouraged to replace the private portion of the substandard water service connection, as well. Also, includes the replacement of the City-owned portion of substandard water service connections. The property owner is encouraged to replace the private portion of the substandard water service connection, as well.",Q2 2024 - Q4 2024,Active,1 - Projects with approved or allocated funding in the Capital Works Program.,Transportation Services,"Gabor Szakter, Engineering and Construction Services",gszakte@toronto.ca,https://www.toronto.ca/services-payments/streets-parking-transportation/road-maintenance/road-sidewalk-repair/,TS_Road_Reconstruction,12,2024,EXTERNAL,"{""type"": ""MultiLineString"", ""coordinates"": [[[-79.3385821847982, 43.6860487764135], [-79.3375693019471, 43.6862670364191]]]}"
262,2187063, ,2024-05-15,Local Road Reconstruction,SAMMON AVE<br> From: FRANKDALE AVE<br> To: GREENWOOD AVE ,"Replacement of the entire road pavement structure, including the asphalt and underlying support materials. Repair, improvement, or replacement of: road drainage, curbs, boulevards and sidewalks. Work may include the closure of individual lanes or the entire road.  Also, includes the replacement of the City-owned portion of substandard water service connections. The property owner is encouraged to replace the private portion of the substandard water service connection, as well. Also, includes the replacement of the City-owned portion of substandard water service connections. The property owner is encouraged to replace the private portion of the substandard water service connection, as well.",Q2 2024 - Q4 2024,Active,1 - Projects with approved or allocated funding in the Capital Works Program.,Transportation Services,"Gabor Szakter, Engineering and Construction Services",gszakte@toronto.ca,https://www.toronto.ca/services-payments/streets-parking-transportation/road-maintenance/road-sidewalk-repair/,TS_Road_Reconstruction,12,2024,EXTERNAL,"{""type"": ""MultiLineString"", ""coordinates"": [[[-79.3356773155866, 43.6866811466014], [-79.3346688925937, 43.6868847061672]]]}"
263,2187064, ,2024-05-15,Local Road Reconstruction,SAMMON AVE<br> From: LEROY AVE<br> To: KIMBOURNE AVE ,"Replacement of the entire road pavement structure, including the asphalt and underlying support materials. Repair, improvement, or replacement of: road drainage, curbs, boulevards and sidewalks. Work may include the closure of individual lanes or the entire road.  Also, includes the replacement of the City-owned portion of substandard water service connections. The property owner is encouraged to replace the private portion of the substandard water service connection, as well. Also, includes the replacement of the City-owned portion of substandard water service connections. The property owner is encouraged to replace the private portion of the substandard water service connection, as well.",Q2 2024 - Q4 2024,Active,1 - Projects with approved or allocated funding in the Capital Works Program.,Transportation Services,"Gabor Szakter, Engineering and Construction Services",gszakte@toronto.ca,https://www.toronto.ca/services-payments/streets-parking-transportation/road-maintenance/road-sidewalk-repair/,TS_Road_Reconstruction,12,2024,EXTERNAL,"{""type"": ""MultiLineString"", ""coordinates"": [[[-79.3337549558511, 43.6870887723383], [-79.3328192073762, 43.6872880286059]]]}"
264,2187065, ,2024-05-15,Local Road Reconstruction,SAMMON AVE<br> From: GREENWOOD AVE<br> To: LEROY AVE ,"Replacement of the entire road pavement structure, including the asphalt and underlying support materials. Repair, improvement, or replacement of: road drainage, curbs, boulevards and sidewalks. Work may include the closure of individual lanes or the entire road.  Also, includes the replacement of the City-owned portion of substandard water service connections. The property owner is encouraged to replace the private portion of the substandard water service connection, as well. Also, includes the replacement of the City-owned portion of substandard water service connections. The property owner is encouraged to replace the private portion of the substandard water service connection, as well.",Q2 2024 - Q4 2024,Active,1 - Projects with approved or allocated funding in the Capital Works Program.,Transportation Services,"Gabor Szakter, Engineering and Construction Services",gszakte@toronto.ca,https://www.toronto.ca/services-payments/streets-parking-transportation/road-maintenance/road-sidewalk-repair/,TS_Road_Reconstruction,12,2024,EXTERNAL,"{""type"": ""MultiLineString"", ""coordinates"": [[[-79.3346688925937, 43.6868847061672], [-79.3337549558511, 43.6870887723383]]]}"
265,2191919,None,2024-06-07,Laneway Reconstruction,[113 m W] HUMBERCREST BLVD<br> From: UNDERWOOD AVE<br> To: ST MARK''S RD ,"Replacement of the entire laneway pavement structure, including the asphalt, concrete and underlying support materials. Repair, improvement, or replacement of laneway drainage, curbs, and associated areas. Work may include the closure of individual lanes or the entire laneway. Also, includes the replacement of the City-owned portion of substandard water service connections. The property owner is encouraged to replace the private portion of the substandard water service connection, as well.",2026,Active,1 - Projects with approved or allocated funding in the Capital Works Program.,Transportation Services,"Adriana Gomez, Engineering and Construction Services",AGOMEZ4@toronto.ca,https://www.toronto.ca/services-payments/streets-parking-transportation/road-maintenance/road-sidewalk-repair/,TS_Road_Reconstruction,12,2026,EXTERNAL,"{""type"": ""MultiLineString"", ""coordinates"": [[[-79.4944723382408, 43.6604133685171], [-79.4946587549273, 43.6600939106189], [-79.4945341478756, 43.6594286152103]]]}"
266,2193454,TS2023-04-112,2024-06-14,Laneway Reconstruction,[30.50 m N] BLOOR ST W<br> From: WINDERMERE AVE<br> To: WILLARD AVE (TO) ,"Replacement of the entire laneway pavement structure, including the asphalt, concrete and underlying support materials. Repair, improvement, or replacement of laneway drainage, curbs, and associated areas. Work may include the closure of individual lanes or the entire laneway. Also, includes the replacement of the City-owned portion of substandard water service connections. The property owner is encouraged to replace the private portion of the substandard water service connection, as well.",Q2 2026 - Q4 2026,Active,1 - Projects with approved or allocated funding in the Capital Works Program.,Transportation Services,"Rajab Ali, Engineering and Construction Services",rali3@toronto.ca,https://www.toronto.ca/services-payments/streets-parking-transportation/road-maintenance/road-sidewalk-repair/,TS_Road_Reconstruction,12,2026,EXTERNAL,"{""type"": ""MultiLineString"", ""coordinates"": [[[-79.4805898421951, 43.6506857301983], [-79.4812295394386, 43.650543111447], [-79.481365332711, 43.6503791828712], [-79.4818913184588, 43.6502549405989]]]}"
267,2193455, ,2024-06-14,Laneway Reconstruction,[36 m N] EGLINTON AVE W<br> From: SHORTT ST<br> To: FAIRBANK AVE ,"Replacement of the entire laneway pavement structure, including the asphalt, concrete and underlying support materials. Repair, improvement, or replacement of laneway drainage, curbs, and associated areas. Work may include the closure of individual lanes or the entire laneway. Also, includes the replacement of the City-owned portion of substandard water service connections. The property owner is encouraged to replace the private portion of the substandard water service connection, as well.",2026,Active,1 - Projects with approved or allocated funding in the Capital Works Program.,Transportation Services,"Fernando Eyzaguirre Garcia, Engineering and Construction Services",feyzagu@toronto.ca,https://www.toronto.ca/services-payments/streets-parking-transportation/road-maintenance/road-sidewalk-repair/,TS_Road_Reconstruction,12,2026,EXTERNAL,"{""type"": ""MultiLineString"", ""coordinates"": [[[-79.4516713199371, 43.6958431916169], [-79.4529744301756, 43.6955660093506]]]}"
268,2193456,TS2023-08-114,2024-06-14,Laneway Reconstruction,[37 m N] BEDFORD PARK AVE<br> From: AVENUE RD<br> To: GREY RD ,"Replacement of the entire laneway pavement structure, including the asphalt, concrete and underlying support materials. Repair, improvement, or replacement of laneway drainage, curbs, and associated areas. Work may include the closure of individual lanes or the entire laneway. Also, includes the replacement of the City-owned portion of substandard water service connections. The property owner is encouraged to replace the private portion of the substandard water service connection, as well.",Q2 2026 - Q4 2026,Active,1 - Projects with approved or allocated funding in the Capital Works Program.,Transportation Services,"Rajab Ali, Engineering and Construction Services",rali3@toronto.ca,https://www.toronto.ca/services-payments/streets-parking-transportation/road-maintenance/road-sidewalk-repair/,TS_Road_Reconstruction,12,2026,EXTERNAL,"{""type"": ""MultiLineString"", ""coordinates"": [[[-79.4167171152926, 43.7249710133473], [-79.4195982658871, 43.7243612797743]]]}"
269,2194690,TS2023-06_07-301,2024-06-21,Local Road Reconstruction,SENTINEL RD<br> From: GRANDRAVINE DR<br> To: LAMBERTON BLVD ,"Replacement of the entire road pavement structure, including the asphalt and underlying support materials. Repair, improvement, or replacement of: road drainage, curbs, boulevards and sidewalks. Work may include the closure of individual lanes or the entire road.  Also, includes the replacement of the City-owned portion of substandard water service connections. The property owner is encouraged to replace the private portion of the substandard water service connection, as well. Also, includes the replacement of the City-owned portion of substandard water service connections. The property owner is encouraged to replace the private portion of the substandard water service connection, as well.",Q3 2024 - Q4 2025,Active,1 - Projects with approved or allocated funding in the Capital Works Program.,Transportation Services,"Amchan Natkunarajah, Engineering and Construction Services",anatkun2@toronto.ca,https://www.toronto.ca/services-payments/streets-parking-transportation/road-maintenance/road-sidewalk-repair/,TS_Road_Reconstruction,12,2024,EXTERNAL,"{""type"": ""MultiLineString"", ""coordinates"": [[[-79.4956576834481, 43.7516805882092], [-79.4957851311474, 43.7517504242982], [-79.4958515134814, 43.7517703373835], [-79.4959177838551, 43.7517938869114], [-79.4959964964498, 43.7518194441051], [-79.4960643690481, 43.7518390330755], [-79.4961230285658, 43.7518486663652], [-79.4962095775423, 43.7518616580011], [-79.4962542923808, 43.7518696165367], [-79.4963307582094, 43.7518860732122], [-79.4964156067828, 43.7518874440871], [-79.4964980952381, 43.7519025416579], [-79.4965898104553, 43.751908368208], [-79.4966948856184, 43.751937616196], [-79.4968959369091, 43.7519440936963], [-79.4970222093712, 43.7519649798414], [-79.4971272848444, 43.7519942184305], [-79.4972333911387, 43.752022034758], [-79.4973546711991, 43.7520620389647], [-79.497430255357, 43.75209188867], [-79.4975342624959, 43.7521417666129], [-79.4976295530392, 43.7521828141026], [-79.497704938528, 43.7522199095878], [-79.4978228039231, 43.7522750892513], [-79.4978913353048, 43.7523077288881], [-79.4979738116427, 43.7523420339537], [-79.498063986645, 43.7523866274618], [-79.4981645179064, 43.7524360907145], [-79.498281428055, 43.7524890735949], [-79.4983670958839, 43.7525346929317], [-79.4984539680825, 43.7525908076191], [-79.4985164651638, 43.7526247969774], [-79.4985859157232, 43.7526788320591], [-79.4986510199359, 43.7527458557777], [-79.4987258475062, 43.7528046884758], [-79.4987864571769, 43.7528535116406], [-79.4988490413447, 43.7529030908935], [-79.4989322008282, 43.7530044722066], [-79.4989576685948, 43.7530599828361], [-79.4990037747831, 43.7531096608642], [-79.4990521282127, 43.7531876476622], [-79.49911168272, 43.7532571193923], [-79.4991989780803, 43.7533719753312], [-79.4992660579151, 43.7534589723644], [-79.4993389618395, 43.7535518651755], [-79.4993761028597, 43.7536191493404], [-79.4994597359203, 43.7537408549644], [-79.4994927421527, 43.7537946552753], [-79.4995789215112, 43.7538953700268]]]}"
270,2194691,TS2023-06_07-301,2024-06-21,Local Road Reconstruction,SENTINEL RD<br> From: SHEPPARD AVE W<br> To: STILECROFT DR ,"Replacement of the entire road pavement structure, including the asphalt and underlying support materials. Repair, improvement, or replacement of: road drainage, curbs, boulevards and sidewalks. Work may include the closure of individual lanes or the entire road.  Also, includes the replacement of the City-owned portion of substandard water service connections. The property owner is encouraged to replace the private portion of the substandard water service connection, as well. Also, includes the replacement of the City-owned portion of substandard water service connections. The property owner is encouraged to replace the private portion of the substandard water service connection, as well.",Q3 2024 - Q4 2025,Active,1 - Projects with approved or allocated funding in the Capital Works Program.,Transportation Services,"Amchan Natkunarajah, Engineering and Construction Services",anatkun2@toronto.ca,https://www.toronto.ca/services-payments/streets-parking-transportation/road-maintenance/road-sidewalk-repair/,TS_Road_Reconstruction,12,2024,EXTERNAL,"{""type"": ""MultiLineString"", ""coordinates"": [[[-79.4918501582177, 43.7436491517555], [-79.4919846643781, 43.7439762473666], [-79.4919899394016, 43.7439890834666], [-79.4922405739252, 43.7445986178833], [-79.4922802047787, 43.744702557565], [-79.4923030002387, 43.7448018874779], [-79.4923257833592, 43.7449012083826], [-79.4923445013373, 43.7450410704662], [-79.4923770478825, 43.7452049757021], [-79.4924007103257, 43.7453240362997], [-79.4924013431428, 43.7453272407729], [-79.4925168772557, 43.7459087536129], [-79.4925853317996, 43.7469846546351], [-79.4926105768129, 43.7470666302759], [-79.4926272689012, 43.7471325021969], [-79.4926568590542, 43.7472206979404], [-79.4932497410605, 43.7486062813022], [-79.493603490296, 43.7493576232621], [-79.4938019638052, 43.7497105624262], [-79.4941939982246, 43.7504412017153]]]}"
271,2194692,TS2023-06_07-301,2024-06-21,Local Road Reconstruction,SENTINEL RD<br> From: STILECROFT DR<br> To: GRANDRAVINE DR ,"Replacement of the entire road pavement structure, including the asphalt and underlying support materials. Repair, improvement, or replacement of: road drainage, curbs, boulevards and sidewalks. Work may include the closure of individual lanes or the entire road.  Also, includes the replacement of the City-owned portion of substandard water service connections. The property owner is encouraged to replace the private portion of the substandard water service connection, as well. Also, includes the replacement of the City-owned portion of substandard water service connections. The property owner is encouraged to replace the private portion of the substandard water service connection, as well.",Q3 2024 - Q4 2025,Active,1 - Projects with approved or allocated funding in the Capital Works Program.,Transportation Services,"Amchan Natkunarajah, Engineering and Construction Services",anatkun2@toronto.ca,https://www.toronto.ca/services-payments/streets-parking-transportation/road-maintenance/road-sidewalk-repair/,TS_Road_Reconstruction,12,2024,EXTERNAL,"{""type"": ""MultiLineString"", ""coordinates"": [[[-79.4941939982246, 43.7504412017153], [-79.4942774900127, 43.7505857292414], [-79.4943385959283, 43.7507088777398], [-79.4943879579203, 43.75080465297], [-79.4944753527698, 43.7509159030888], [-79.4946241980118, 43.751062584777], [-79.4947527454256, 43.751165780531], [-79.4948499679127, 43.7512267950996], [-79.4949186941488, 43.7512713901295], [-79.4950927150939, 43.7513727962709], [-79.4952344782272, 43.7514490244444], [-79.4956576834481, 43.7516805882092]]]}"
272,2195797, ,2024-06-26,Local Road Reconstruction,PRICE ST<br> From: [W] T.T.C. SUBWAY ROW [BRIDGE]<br> To: [E] T.T.C. SUBWAY ROW [BRIDGE] ,"Replacement of the entire road pavement structure, including the asphalt and underlying support materials. Repair, improvement, or replacement of: road drainage, curbs, boulevards and sidewalks. Work may include the closure of individual lanes or the entire road.  Also, includes the replacement of the City-owned portion of substandard water service connections. The property owner is encouraged to replace the private portion of the substandard water service connection, as well. Also, includes the replacement of the City-owned portion of substandard water service connections. The property owner is encouraged to replace the private portion of the substandard water service connection, as well.",2025 - 2026,Active,1 - Projects with approved or allocated funding in the Capital Works Program.,Transportation Services,<Null> Transportation Roads State of Good Repair,RoadSOGR@toronto.ca,https://www.toronto.ca/services-payments/streets-parking-transportation/road-maintenance/road-sidewalk-repair/,TS_Road_Reconstruction,12,2025,EXTERNAL,"{""type"": ""MultiLineString"", ""coordinates"": [[[-79.3902013017451, 43.6799751716147], [-79.3896293144152, 43.6800914758248]]]}"
273,2195799,TS2023-08-092,2024-06-26,Local Road Reconstruction,GILGORM RD<br> From: EGLINTON AVE W<br> To: NEW HAVEN DR ,"Replacement of the entire road pavement structure, including the asphalt and underlying support materials. Repair, improvement, or replacement of: road drainage, curbs, boulevards and sidewalks. Work may include the closure of individual lanes or the entire road.  Also, includes the replacement of the City-owned portion of substandard water service connections. The property owner is encouraged to replace the private portion of the substandard water service connection, as well. Also, includes the replacement of the City-owned portion of substandard water service connections. The property owner is encouraged to replace the private portion of the substandard water service connection, as well.",Q2 2024 - Q4 2024,Active,1 - Projects with approved or allocated funding in the Capital Works Program.,Transportation Services,"Christy Manoharan, Engineering and Construction Services",cmanoha@toronto.ca,https://www.toronto.ca/services-payments/streets-parking-transportation/road-maintenance/road-sidewalk-repair/,TS_Road_Reconstruction,12,2024,EXTERNAL,"{""type"": ""MultiLineString"", ""coordinates"": [[[-79.4170933821421, 43.7027823156535], [-79.4172531220132, 43.7033540125276], [-79.4176274997264, 43.7048709439147], [-79.4179105055736, 43.7060097546394]]]}"
274,2195800,TS2023-19-346,2024-06-26,Local Road Rehabilitation,KEW BEACH CRES<br> From: [34 m W] KENILWORTH AVE [END]<br> To: KENILWORTH AVE ,"Replacement of partial road pavement structure or entire road pavement structure for either partial lane width, full lane width or full road width. This could include the asphalt and underlying support materials. Repair, improvement or replacement of road drainage, damaged sidewalk, boulevards and curbs. Work may include the closure of individual lanes or the entire road.",Q1 2024 - Q4 2024,Active,None,Transportation Services,"Angela Au, Engineering and Construction Services",aau2@toronto.ca,https://www.toronto.ca/services-payments/streets-parking-transportation/road-maintenance/road-sidewalk-repair/,TS_Road_Reconstruction,12,2024,EXTERNAL,"{""type"": ""MultiLineString"", ""coordinates"": [[[-79.3010889122898, 43.667688538145], [-79.3016435294413, 43.6675612599039]]]}"
275,2195805,TS2023-15-016,2024-06-26,Local Road Rehabilitation,BENSON AVE<br> From: GREENSIDES AVE<br> To: HENDRICK AVE ,"Replacement of partial road pavement structure or entire road pavement structure for either partial lane width, full lane width or full road width. This could include the asphalt and underlying support materials. Repair, improvement or replacement of road drainage, damaged sidewalk, boulevards and curbs. Work may include the closure of individual lanes or the entire road.",Q2 2024 - Q4 2024,Active,None,Transportation Services,"Christy Manoharan, Engineering and Construction Services",cmanoha@toronto.ca,https://www.toronto.ca/services-payments/streets-parking-transportation/road-maintenance/road-sidewalk-repair/,TS_Road_Reconstruction,12,2024,EXTERNAL,"{""type"": ""MultiLineString"", ""coordinates"": [[[-79.4294268538971, 43.6791032420124], [-79.4299518939414, 43.6790015890514], [-79.4305987387347, 43.6788763702374]]]}"
276,2195811, ,2024-06-26,Local Road Reconstruction,NEW HAVEN DR<br> From: GILGORM RD<br> To: SPADINA RD (TO) ,"Replacement of the entire road pavement structure, including the asphalt and underlying support materials. Repair, improvement, or replacement of: road drainage, curbs, boulevards and sidewalks. Work may include the closure of individual lanes or the entire road.  Also, includes the replacement of the City-owned portion of substandard water service connections. The property owner is encouraged to replace the private portion of the substandard water service connection, as well. Also, includes the replacement of the City-owned portion of substandard water service connections. The property owner is encouraged to replace the private portion of the substandard water service connection, as well.",Q2 2024 - Q4 2024,Active,1 - Projects with approved or allocated funding in the Capital Works Program.,Transportation Services,"Christy Manoharan, Engineering and Construction Services",cmanoha@toronto.ca,https://www.toronto.ca/services-payments/streets-parking-transportation/road-maintenance/road-sidewalk-repair/,TS_Road_Reconstruction,12,2024,EXTERNAL,"{""type"": ""MultiLineString"", ""coordinates"": [[[-79.4179105055736, 43.7060097546394], [-79.4189712770596, 43.7057989906002], [-79.4190593293513, 43.7057765498012], [-79.4190946478196, 43.7057540716216], [-79.4191132778891, 43.7057405828964]]]}"
277,2195823, ,2024-06-26,Laneway Reconstruction,POULTER'S LANE<br> From: MARKHAM ST<br> To: [55.50 m E] MARKHAM ST [CUL-DE-SAC] ,"Replacement of the entire laneway pavement structure, including the asphalt, concrete and underlying support materials. Repair, improvement, or replacement of laneway drainage, curbs, and associated areas. Work may include the closure of individual lanes or the entire laneway. Also, includes the replacement of the City-owned portion of substandard water service connections. The property owner is encouraged to replace the private portion of the substandard water service connection, as well.",Q2 2024 - Q4 2024,Active,1 - Projects with approved or allocated funding in the Capital Works Program.,Transportation Services,"Christy Manoharan, Engineering and Construction Services",cmanoha@toronto.ca,https://www.toronto.ca/services-payments/streets-parking-transportation/road-maintenance/road-sidewalk-repair/,TS_Road_Reconstruction,12,2024,EXTERNAL,"{""type"": ""MultiLineString"", ""coordinates"": [[[-79.4120663187757, 43.6654395872989], [-79.4120217079474, 43.6654884032296], [-79.4120743341529, 43.6656059291683]]]}"
278,2195829,TS2023-11-241,2024-06-26,Laneway Reconstruction,[36.60 m N] BLOOR ST W<br> From: [35.10 m E] MARKHAM ST<br> To: MARKHAM ST ,"Replacement of the entire laneway pavement structure, including the asphalt, concrete and underlying support materials. Repair, improvement, or replacement of laneway drainage, curbs, and associated areas. Work may include the closure of individual lanes or the entire laneway. Also, includes the replacement of the City-owned portion of substandard water service connections. The property owner is encouraged to replace the private portion of the substandard water service connection, as well.",Q2 2024 - Q4 2024,Active,1 - Projects with approved or allocated funding in the Capital Works Program.,Transportation Services,"Christy Manoharan, Engineering and Construction Services",cmanoha@toronto.ca,https://www.toronto.ca/services-payments/streets-parking-transportation/road-maintenance/road-sidewalk-repair/,TS_Road_Reconstruction,12,2024,EXTERNAL,"{""type"": ""MultiLineString"", ""coordinates"": [[[-79.4125770137465, 43.6653093065932], [-79.4121105874556, 43.6654042640917], [-79.4120663187757, 43.6654395872989]]]}"
279,2195841, ,2024-06-26,Local Road Reconstruction,BORDEN ST<br> From: ULSTER ST<br> To: HARBORD ST ,"Replacement of the entire road pavement structure, including the asphalt and underlying support materials. Repair, improvement, or replacement of: road drainage, curbs, boulevards and sidewalks. Work may include the closure of individual lanes or the entire road.  Also, includes the replacement of the City-owned portion of substandard water service connections. The property owner is encouraged to replace the private portion of the substandard water service connection, as well. Also, includes the replacement of the City-owned portion of substandard water service connections. The property owner is encouraged to replace the private portion of the substandard water service connection, as well.",Q3 2022 - Q4 2024 (Carry-Over),Active,1 - Projects with approved or allocated funding in the Capital Works Program.,Transportation Services,"Md Zahid Hossain, Engineering and Construction Services",mhossai@toronto.ca,https://www.toronto.ca/services-payments/streets-parking-transportation/road-maintenance/road-sidewalk-repair/,TS_Road_Reconstruction,12,2022,EXTERNAL,"{""type"": ""MultiLineString"", ""coordinates"": [[[-79.4065293820546, 43.6603235214727], [-79.4066571955899, 43.6606379528695], [-79.4072179463714, 43.6620169381184]]]}"
280,2195846, ,2024-06-26,Local Road Reconstruction,BORDEN ST<br> From: VANKOUGHNET ST<br> To: ULSTER ST ,"Replacement of the entire road pavement structure, including the asphalt and underlying support materials. Repair, improvement, or replacement of: road drainage, curbs, boulevards and sidewalks. Work may include the closure of individual lanes or the entire road.  Also, includes the replacement of the City-owned portion of substandard water service connections. The property owner is encouraged to replace the private portion of the substandard water service connection, as well. Also, includes the replacement of the City-owned portion of substandard water service connections. The property owner is encouraged to replace the private portion of the substandard water service connection, as well.",Q3 2022 - Q4 2024 (Carry-Over),Active,1 - Projects with approved or allocated funding in the Capital Works Program.,Transportation Services,"Md Zahid Hossain, Engineering and Construction Services",mhossai@toronto.ca,https://www.toronto.ca/services-payments/streets-parking-transportation/road-maintenance/road-sidewalk-repair/,TS_Road_Reconstruction,12,2022,EXTERNAL,"{""type"": ""MultiLineString"", ""coordinates"": [[[-79.4058736608994, 43.658670570282], [-79.4065293820546, 43.6603235214727]]]}"
281,2195860, ,2024-06-26,Laneway Reconstruction,[38.10 m E] BATHURST ST<br> From: LENNOX ST<br> To: BLOOR ST W ,"Replacement of the entire laneway pavement structure, including the asphalt, concrete and underlying support materials. Repair, improvement, or replacement of laneway drainage, curbs, and associated areas. Work may include the closure of individual lanes or the entire laneway. Also, includes the replacement of the City-owned portion of substandard water service connections. The property owner is encouraged to replace the private portion of the substandard water service connection, as well.",Q2 2024 - Q4 2024,Active,1 - Projects with approved or allocated funding in the Capital Works Program.,Transportation Services,"Christy Manoharan, Engineering and Construction Services",cmanoha@toronto.ca,https://www.toronto.ca/services-payments/streets-parking-transportation/road-maintenance/road-sidewalk-repair/,TS_Road_Reconstruction,12,2024,EXTERNAL,"{""type"": ""MultiLineString"", ""coordinates"": [[[-79.4100747452089, 43.6639637717927], [-79.4102218854956, 43.6643400173989], [-79.4105942098507, 43.6652543860771]]]}"
282,2195869,TS2023-04-089,2024-06-26,Local Road Rehabilitation,EVANS AVE (TO)<br> From: ARDAGH ST<br> To: ANNETTE ST ,"Replacement of partial road pavement structure or entire road pavement structure for either partial lane width, full lane width or full road width. This could include the asphalt and underlying support materials. Repair, improvement or replacement of road drainage, damaged sidewalk, boulevards and curbs. Work may include the closure of individual lanes or the entire road.",Q3 2024 - Q4 2025 (Carry-Over),Active,None,Transportation Services,"Augustine Anifowose, Engineering and Construction Services",aanifow@toronto.ca,https://www.toronto.ca/services-payments/streets-parking-transportation/road-maintenance/road-sidewalk-repair/,TS_Road_Reconstruction,12,2024,EXTERNAL,"{""type"": ""MultiLineString"", ""coordinates"": [[[-79.4850005367811, 43.6561965473737], [-79.4853256404639, 43.6569701657164], [-79.4858924421021, 43.6583188823097], [-79.4860496016982, 43.6586927636036]]]}"
283,2195881,TS2023-12-106,2024-06-26,Local Road Rehabilitation,WINONA DR<br> From: [9.80 m N] BARRIE AVE<br> To: WATFORD AVE ,"Replacement of partial road pavement structure or entire road pavement structure for either partial lane width, full lane width or full road width. This could include the asphalt and underlying support materials. Repair, improvement or replacement of road drainage, damaged sidewalk, boulevards and curbs. Work may include the closure of individual lanes or the entire road.",Q2 2024 - Q4 2024,Active,None,Transportation Services,"Christy Manoharan, Engineering and Construction Services",cmanoha@toronto.ca,https://www.toronto.ca/services-payments/streets-parking-transportation/road-maintenance/road-sidewalk-repair/,TS_Road_Reconstruction,12,2024,EXTERNAL,"{""type"": ""MultiLineString"", ""coordinates"": [[[-79.4328154497888, 43.6808080444588], [-79.4328744645082, 43.6808395027121], [-79.4329150743804, 43.6808701670208], [-79.4329423427068, 43.680908501609], [-79.4329795684655, 43.6809709925509], [-79.4332738108474, 43.6816785147964]]]}"
284,2195885, ,2024-06-26,Local Road Rehabilitation,WALMER RD<br> From: BERNARD AVE<br> To: DUPONT ST ,"Replacement of partial road pavement structure or entire road pavement structure for either partial lane width, full lane width or full road width. This could include the asphalt and underlying support materials. Repair, improvement or replacement of road drainage, damaged sidewalk, boulevards and curbs. Work may include the closure of individual lanes or the entire road.",Q2 2024 - Q4 2024,Active,None,Transportation Services,"Christy Manoharan, Engineering and Construction Services",cmanoha@toronto.ca,https://www.toronto.ca/services-payments/streets-parking-transportation/road-maintenance/road-sidewalk-repair/,TS_Road_Reconstruction,12,2024,EXTERNAL,"{""type"": ""MultiLineString"", ""coordinates"": [[[-79.4072000404869, 43.6719424701052], [-79.4072545512988, 43.6720174953955], [-79.4082614536471, 43.6746125526301]]]}"
285,2195901,TS2023-19-150,2024-06-26,Local Road Reconstruction,CROWN PARK RD<br> From: [103.70 m W] MACLEAN AVE [END]<br> To: MACLEAN AVE ,"Replacement of the entire road pavement structure, including the asphalt and underlying support materials. Repair, improvement, or replacement of: road drainage, curbs, boulevards and sidewalks. Work may include the closure of individual lanes or the entire road.  Also, includes the replacement of the City-owned portion of substandard water service connections. The property owner is encouraged to replace the private portion of the substandard water service connection, as well. Also, includes the replacement of the City-owned portion of substandard water service connections. The property owner is encouraged to replace the private portion of the substandard water service connection, as well.",Q1 2024 - Q4 2024,Active,1 - Projects with approved or allocated funding in the Capital Works Program.,Transportation Services,"Angela Au, Engineering and Construction Services",aau2@toronto.ca,https://www.toronto.ca/services-payments/streets-parking-transportation/road-maintenance/road-sidewalk-repair/,TS_Road_Reconstruction,12,2024,EXTERNAL,"{""type"": ""MultiLineString"", ""coordinates"": [[[-79.2928046176609, 43.6730036703874], [-79.2915597542137, 43.6732562166592]]]}"
286,2195908,TS2023-15-016,2024-06-26,Local Road Rehabilitation,BENSON AVE<br> From: CHRISTIE ST<br> To: [S] RUSHTON RD [BRANCH] ,"Replacement of partial road pavement structure or entire road pavement structure for either partial lane width, full lane width or full road width. This could include the asphalt and underlying support materials. Repair, improvement or replacement of road drainage, damaged sidewalk, boulevards and curbs. Work may include the closure of individual lanes or the entire road.",Q2 2024 - Q4 2024,Active,None,Transportation Services,"Christy Manoharan, Engineering and Construction Services",cmanoha@toronto.ca,https://www.toronto.ca/services-payments/streets-parking-transportation/road-maintenance/road-sidewalk-repair/,TS_Road_Reconstruction,12,2024,EXTERNAL,"{""type"": ""MultiLineString"", ""coordinates"": [[[-79.425007064002, 43.6799887496303], [-79.4256151144816, 43.6798695284579], [-79.4257041248188, 43.679852069787], [-79.4266540244266, 43.6796418184322]]]}"
287,2195921,TS2023-12-009,2024-06-26,Local Road Rehabilitation,ARCHER RD<br> From: DUNLOE RD<br> To: BROWSIDE AVE ,"Replacement of partial road pavement structure or entire road pavement structure for either partial lane width, full lane width or full road width. This could include the asphalt and underlying support materials. Repair, improvement or replacement of road drainage, damaged sidewalk, boulevards and curbs. Work may include the closure of individual lanes or the entire road.",Q2 2024 - Q4 2024,Active,None,Transportation Services,"Christy Manoharan, Engineering and Construction Services",cmanoha@toronto.ca,https://www.toronto.ca/services-payments/streets-parking-transportation/road-maintenance/road-sidewalk-repair/,TS_Road_Reconstruction,12,2024,EXTERNAL,"{""type"": ""MultiLineString"", ""coordinates"": [[[-79.4139535117975, 43.6965057499073], [-79.4150224213017, 43.6962829755516]]]}"
288,2195925,TS2023-19-295,2024-06-26,Local Road Reconstruction,BALMY AVE<br> From: SILVER BIRCH AVE<br> To: [88.80 m E] SILVER BIRCH AVE [END] ,"Replacement of the entire road pavement structure, including the asphalt and underlying support materials. Repair, improvement, or replacement of: road drainage, curbs, boulevards and sidewalks. Work may include the closure of individual lanes or the entire road.  Also, includes the replacement of the City-owned portion of substandard water service connections. The property owner is encouraged to replace the private portion of the substandard water service connection, as well. Also, includes the replacement of the City-owned portion of substandard water service connections. The property owner is encouraged to replace the private portion of the substandard water service connection, as well.",Q1 2024 - Q4 2024,Active,1 - Projects with approved or allocated funding in the Capital Works Program.,Transportation Services,"Angela Au, Engineering and Construction Services",aau2@toronto.ca,https://www.toronto.ca/services-payments/streets-parking-transportation/road-maintenance/road-sidewalk-repair/,TS_Road_Reconstruction,12,2024,EXTERNAL,"{""type"": ""MultiLineString"", ""coordinates"": [[[-79.2848358535719, 43.6721740229946], [-79.2837135929352, 43.6724066506093]]]}"
289,2195928,TS2023-15-016,2024-06-26,Local Road Rehabilitation,BENSON AVE<br> From: [N] RUSHTON RD [BRANCH]<br> To: ARLINGTON AVE ,"Replacement of partial road pavement structure or entire road pavement structure for either partial lane width, full lane width or full road width. This could include the asphalt and underlying support materials. Repair, improvement or replacement of road drainage, damaged sidewalk, boulevards and curbs. Work may include the closure of individual lanes or the entire road.",Q2 2024 - Q4 2024,Active,None,Transportation Services,"Christy Manoharan, Engineering and Construction Services",cmanoha@toronto.ca,https://www.toronto.ca/services-payments/streets-parking-transportation/road-maintenance/road-sidewalk-repair/,TS_Road_Reconstruction,12,2024,EXTERNAL,"{""type"": ""MultiLineString"", ""coordinates"": [[[-79.427006728259, 43.6795706367665], [-79.4273488653862, 43.6794985471649], [-79.4277872601759, 43.6794554296111], [-79.4281974844939, 43.6793738210633]]]}"
290,2195932,TS2023-12-105,2024-06-26,Local Road Rehabilitation,WATFORD AVE<br> From: WINONA DR<br> To: ATLAS AVE ,"Replacement of partial road pavement structure or entire road pavement structure for either partial lane width, full lane width or full road width. This could include the asphalt and underlying support materials. Repair, improvement or replacement of road drainage, damaged sidewalk, boulevards and curbs. Work may include the closure of individual lanes or the entire road.",Q2 2024 - Q4 2024,Active,None,Transportation Services,"Christy Manoharan, Engineering and Construction Services",cmanoha@toronto.ca,https://www.toronto.ca/services-payments/streets-parking-transportation/road-maintenance/road-sidewalk-repair/,TS_Road_Reconstruction,12,2024,EXTERNAL,"{""type"": ""MultiLineString"", ""coordinates"": [[[-79.4313052244832, 43.6820988261179], [-79.4332738108474, 43.6816785147964]]]}"
291,2195941,TS2023-15-016,2024-06-26,Local Road Rehabilitation,BENSON AVE<br> From: ARLINGTON AVE<br> To: GREENSIDES AVE ,"Replacement of partial road pavement structure or entire road pavement structure for either partial lane width, full lane width or full road width. This could include the asphalt and underlying support materials. Repair, improvement or replacement of road drainage, damaged sidewalk, boulevards and curbs. Work may include the closure of individual lanes or the entire road.",Q2 2024 - Q4 2024,Active,None,Transportation Services,"Christy Manoharan, Engineering and Construction Services",cmanoha@toronto.ca,https://www.toronto.ca/services-payments/streets-parking-transportation/road-maintenance/road-sidewalk-repair/,TS_Road_Reconstruction,12,2024,EXTERNAL,"{""type"": ""MultiLineString"", ""coordinates"": [[[-79.4281974844939, 43.6793738210633], [-79.4287846981117, 43.679244578467], [-79.4294268538971, 43.6791032420124]]]}"
292,2195955,TS2023-08-230,2024-06-26,Local Road Reconstruction,NEW HAVEN DR<br> From: [49.80 m E] GILGORM RD [END]<br> To: GILGORM RD ,"Replacement of the entire road pavement structure, including the asphalt and underlying support materials. Repair, improvement, or replacement of: road drainage, curbs, boulevards and sidewalks. Work may include the closure of individual lanes or the entire road.  Also, includes the replacement of the City-owned portion of substandard water service connections. The property owner is encouraged to replace the private portion of the substandard water service connection, as well. Also, includes the replacement of the City-owned portion of substandard water service connections. The property owner is encouraged to replace the private portion of the substandard water service connection, as well.",Q2 2024 - Q4 2024,Active,1 - Projects with approved or allocated funding in the Capital Works Program.,Transportation Services,"Christy Manoharan, Engineering and Construction Services",cmanoha@toronto.ca,https://www.toronto.ca/services-payments/streets-parking-transportation/road-maintenance/road-sidewalk-repair/,TS_Road_Reconstruction,12,2024,EXTERNAL,"{""type"": ""MultiLineString"", ""coordinates"": [[[-79.4174086090252, 43.706130919282], [-79.4179105055736, 43.7060097546394]]]}"
293,2195968,TS2023-15-016,2024-06-26,Local Road Rehabilitation,BENSON AVE<br> From: [S] RUSHTON RD [BRANCH]<br> To: [N] RUSHTON RD [BRANCH] ,"Replacement of partial road pavement structure or entire road pavement structure for either partial lane width, full lane width or full road width. This could include the asphalt and underlying support materials. Repair, improvement or replacement of road drainage, damaged sidewalk, boulevards and curbs. Work may include the closure of individual lanes or the entire road.",Q2 2024 - Q4 2024,Active,None,Transportation Services,"Christy Manoharan, Engineering and Construction Services",cmanoha@toronto.ca,https://www.toronto.ca/services-payments/streets-parking-transportation/road-maintenance/road-sidewalk-repair/,TS_Road_Reconstruction,12,2024,EXTERNAL,"{""type"": ""MultiLineString"", ""coordinates"": [[[-79.4266540244266, 43.6796418184322], [-79.427006728259, 43.6795706367665]]]}"
294,2195974,TS2023-12-076,2024-06-26,Local Road Rehabilitation,ATLAS AVE<br> From: WATFORD AVE<br> To: GRAHAM GDNS ,"Replacement of partial road pavement structure or entire road pavement structure for either partial lane width, full lane width or full road width. This could include the asphalt and underlying support materials. Repair, improvement or replacement of road drainage, damaged sidewalk, boulevards and curbs. Work may include the closure of individual lanes or the entire road.",Q2 2024 - Q4 2024,Active,None,Transportation Services,"Christy Manoharan, Engineering and Construction Services",cmanoha@toronto.ca,https://www.toronto.ca/services-payments/streets-parking-transportation/road-maintenance/road-sidewalk-repair/,TS_Road_Reconstruction,12,2024,EXTERNAL,"{""type"": ""MultiLineString"", ""coordinates"": [[[-79.4313052244832, 43.6820988261179], [-79.4315228948959, 43.6826363439546]]]}"
295,2195977, ,2024-06-26,Local Road Reconstruction,CRIPPS AVE<br> From: [91 m W] SPEARS ST [END]<br> To: SPEARS ST ,"Replacement of the entire road pavement structure, including the asphalt and underlying support materials. Repair, improvement, or replacement of: road drainage, curbs, boulevards and sidewalks. Work may include the closure of individual lanes or the entire road.  Also, includes the replacement of the City-owned portion of substandard water service connections. The property owner is encouraged to replace the private portion of the substandard water service connection, as well. Also, includes the replacement of the City-owned portion of substandard water service connections. The property owner is encouraged to replace the private portion of the substandard water service connection, as well.",Q3 2023 - Q2 2024 (Carry-Over),Active,1 - Projects with approved or allocated funding in the Capital Works Program.,Transportation Services,"Marfique Ahmed, Engineering and Construction Services",mahmed2@toronto.ca,https://www.toronto.ca/services-payments/streets-parking-transportation/road-maintenance/road-sidewalk-repair/,TS_Road_Reconstruction,12,2023,EXTERNAL,"{""type"": ""MultiLineString"", ""coordinates"": [[[-79.4811067585878, 43.6783141665767], [-79.4811504997235, 43.6783198356263], [-79.4812132417882, 43.6783235995043], [-79.4812879577659, 43.6783090746322], [-79.482150939308, 43.6780836486294]]]}"
296,2195987, ,2024-06-26,Laneway Reconstruction,BARBARA BARRETT LANE<br> From: BRUNSWICK AVE<br> To: BORDEN ST ,"Replacement of the entire laneway pavement structure, including the asphalt, concrete and underlying support materials. Repair, improvement, or replacement of laneway drainage, curbs, and associated areas. Work may include the closure of individual lanes or the entire laneway. Also, includes the replacement of the City-owned portion of substandard water service connections. The property owner is encouraged to replace the private portion of the substandard water service connection, as well.",Q2 2024 - Q4 2024,Active,1 - Projects with approved or allocated funding in the Capital Works Program.,Transportation Services,"Christy Manoharan, Engineering and Construction Services",cmanoha@toronto.ca,https://www.toronto.ca/services-payments/streets-parking-transportation/road-maintenance/road-sidewalk-repair/,TS_Road_Reconstruction,12,2024,EXTERNAL,"{""type"": ""MultiLineString"", ""coordinates"": [[[-79.4073084412112, 43.6654935809231], [-79.4078890544622, 43.6653562307739], [-79.4085026779383, 43.665231830019]]]}"
297,2195989,TS2023-11-029,2024-06-26,Local Road Rehabilitation,HERRICK ST<br> From: MARKHAM ST<br> To: PALMERSTON BLVD ,"Replacement of partial road pavement structure or entire road pavement structure for either partial lane width, full lane width or full road width. This could include the asphalt and underlying support materials. Repair, improvement or replacement of road drainage, damaged sidewalk, boulevards and curbs. Work may include the closure of individual lanes or the entire road.",Q2 2024 - Q4 2024,Active,None,Transportation Services,"Christy Manoharan, Engineering and Construction Services",cmanoha@toronto.ca,https://www.toronto.ca/services-payments/streets-parking-transportation/road-maintenance/road-sidewalk-repair/,TS_Road_Reconstruction,12,2024,EXTERNAL,"{""type"": ""MultiLineString"", ""coordinates"": [[[-79.4114576674163, 43.6624292946305], [-79.4126645565832, 43.6621692831635]]]}"
298,2195993,TS2023-04-089,2024-06-26,Local Road Rehabilitation,EVANS AVE (TO)<br> From: COLBECK ST<br> To: ARDAGH ST ,"Replacement of partial road pavement structure or entire road pavement structure for either partial lane width, full lane width or full road width. This could include the asphalt and underlying support materials. Repair, improvement or replacement of road drainage, damaged sidewalk, boulevards and curbs. Work may include the closure of individual lanes or the entire road.",Q3 2024 - Q4 2025 (Carry-Over),Active,None,Transportation Services,"Augustine Anifowose, Engineering and Construction Services",aanifow@toronto.ca,https://www.toronto.ca/services-payments/streets-parking-transportation/road-maintenance/road-sidewalk-repair/,TS_Road_Reconstruction,12,2024,EXTERNAL,"{""type"": ""MultiLineString"", ""coordinates"": [[[-79.4838654338598, 43.6534273781889], [-79.4850005367811, 43.6561965473737]]]}"
299,2196009, ,2024-06-26,Local Road Reconstruction,BORDEN ST<br> From: COLLEGE ST (TO)<br> To: VANKOUGHNET ST ,"Replacement of the entire road pavement structure, including the asphalt and underlying support materials. Repair, improvement, or replacement of: road drainage, curbs, boulevards and sidewalks. Work may include the closure of individual lanes or the entire road.  Also, includes the replacement of the City-owned portion of substandard water service connections. The property owner is encouraged to replace the private portion of the substandard water service connection, as well. Also, includes the replacement of the City-owned portion of substandard water service connections. The property owner is encouraged to replace the private portion of the substandard water service connection, as well.",Q3 2022 - Q4 2024 (Carry-Over),Active,1 - Projects with approved or allocated funding in the Capital Works Program.,Transportation Services,"Md Zahid Hossain, Engineering and Construction Services",mhossai@toronto.ca,https://www.toronto.ca/services-payments/streets-parking-transportation/road-maintenance/road-sidewalk-repair/,TS_Road_Reconstruction,12,2022,EXTERNAL,"{""type"": ""MultiLineString"", ""coordinates"": [[[-79.4052283509936, 43.6569792867345], [-79.4052879492826, 43.6571912729171], [-79.4053783314517, 43.6574195319818], [-79.4058736608994, 43.658670570282]]]}"
300,2196012, ,2024-06-26,Local Road Reconstruction,BLOOMFIELD AVE<br> From: PRUST AVE<br> To: GREENWOOD AVE ,"Replacement of the entire road pavement structure, including the asphalt and underlying support materials. Repair, improvement, or replacement of: road drainage, curbs, boulevards and sidewalks. Work may include the closure of individual lanes or the entire road.  Also, includes the replacement of the City-owned portion of substandard water service connections. The property owner is encouraged to replace the private portion of the substandard water service connection, as well. Also, includes the replacement of the City-owned portion of substandard water service connections. The property owner is encouraged to replace the private portion of the substandard water service connection, as well.",Q4 2023 - Q3 2024,Active,1 - Projects with approved or allocated funding in the Capital Works Program.,Transportation Services,"Angela Au, Engineering and Construction Services",aau2@toronto.ca,https://www.toronto.ca/services-payments/streets-parking-transportation/road-maintenance/road-sidewalk-repair/,TS_Road_Reconstruction,12,2023,EXTERNAL,"{""type"": ""MultiLineString"", ""coordinates"": [[[-79.3312952161074, 43.6721160836307], [-79.3287544171992, 43.6726929900414]]]}"
301,2196013, ,2024-06-26,Laneway Reconstruction,[30.50 m E] JONES AVE<br> From: [23.20 m N] QUEEN ST E<br> To: [115.10 m N] QUEEN ST E ,"Replacement of the entire laneway pavement structure, including the asphalt, concrete and underlying support materials. Repair, improvement, or replacement of laneway drainage, curbs, and associated areas. Work may include the closure of individual lanes or the entire laneway. Also, includes the replacement of the City-owned portion of substandard water service connections. The property owner is encouraged to replace the private portion of the substandard water service connection, as well.",Q4 2023 - Q4 2025,Active,1 - Projects with approved or allocated funding in the Capital Works Program.,Transportation Services,"Jessica Orjuela, Engineering and Construction Services",jorjuel@toronto.ca,https://www.toronto.ca/services-payments/streets-parking-transportation/road-maintenance/road-sidewalk-repair/,TS_Road_Reconstruction,12,2023,EXTERNAL,"{""type"": ""MultiLineString"", ""coordinates"": [[[-79.3324316797541, 43.6631086278506], [-79.332737304553, 43.663873118082]]]}"
302,2196022,TS2023-20-173,2024-06-26,Local Road Reconstruction,PARKCREST DR<br> From: HILL CRES<br> To: KINGSTON RD ,"Replacement of the entire road pavement structure, including the asphalt and underlying support materials. Repair, improvement, or replacement of: road drainage, curbs, boulevards and sidewalks. Work may include the closure of individual lanes or the entire road.  Also, includes the replacement of the City-owned portion of substandard water service connections. The property owner is encouraged to replace the private portion of the substandard water service connection, as well. Also, includes the replacement of the City-owned portion of substandard water service connections. The property owner is encouraged to replace the private portion of the substandard water service connection, as well.",Q4 2025 - Q3 2026,Active,1 - Projects with approved or allocated funding in the Capital Works Program.,Transportation Services,"Hafeez Shaikh, Engineering and Construction Services",hshaikh4@toronto.ca,https://www.toronto.ca/services-payments/streets-parking-transportation/road-maintenance/road-sidewalk-repair/,TS_Road_Reconstruction,12,2025,EXTERNAL,"{""type"": ""MultiLineString"", ""coordinates"": [[[-79.2160018161236, 43.7326164759918], [-79.2163601434489, 43.7334635169585], [-79.2168030092963, 43.7344996658417], [-79.2168560108698, 43.7346168040492], [-79.2168920709086, 43.7347068966001], [-79.2169281910265, 43.7347789868414], [-79.2169760101483, 43.7348421138179], [-79.2170331397785, 43.7349052548225], [-79.2170709813427, 43.7349413623901], [-79.217120492043, 43.7349774808229], [-79.2171629889811, 43.7350135818786], [-79.2172542146828, 43.7350858173603], [-79.2173153325771, 43.7351219644201], [-79.2174346168745, 43.7351672564791], [-79.2175228665972, 43.7352124807211], [-79.2176344472135, 43.7352487613112], [-79.2177204355849, 43.7352759683683], [-79.2178103219581, 43.7353031939855], [-79.2178677363071, 43.735303326717], [-79.217939116299, 43.7353034938839], [-79.2180096296964, 43.7353216703135], [-79.218097279361, 43.7353308787414], [-79.2181763758251, 43.7353400750145], [-79.218236893647, 43.7353402242139], [-79.2183215118655, 43.7353314225529], [-79.2184014623875, 43.7353226183309], [-79.2185365604216, 43.7353049396433], [-79.2186973276573, 43.73526933053], [-79.2188441836033, 43.7352246857499], [-79.2189389362038, 43.7352068983363], [-79.219049277768, 43.7351711647208], [-79.219186162235, 43.735270514546], [-79.2193175554435, 43.735378842942], [-79.2194668003767, 43.7354872150008], [-79.2196385819083, 43.7355866499235], [-79.219972890575, 43.7357764860948], [-79.2202041415566, 43.7359390653903]]]}"
303,2196024,TS2023-11-008,2024-06-26,Local Road Reconstruction,ALBANY AVE<br> From: [E] BARTON AVE [BRANCH]<br> To: [W] BARTON AVE [BRANCH] ,"Replacement of the entire road pavement structure, including the asphalt and underlying support materials. Repair, improvement, or replacement of: road drainage, curbs, boulevards and sidewalks. Work may include the closure of individual lanes or the entire road.  Also, includes the replacement of the City-owned portion of substandard water service connections. The property owner is encouraged to replace the private portion of the substandard water service connection, as well. Also, includes the replacement of the City-owned portion of substandard water service connections. The property owner is encouraged to replace the private portion of the substandard water service connection, as well.",Q2 2024 - Q4 2024,Active,1 - Projects with approved or allocated funding in the Capital Works Program.,Transportation Services,"Christy Manoharan, Engineering and Construction Services",cmanoha@toronto.ca,https://www.toronto.ca/services-payments/streets-parking-transportation/road-maintenance/road-sidewalk-repair/,TS_Road_Reconstruction,12,2024,EXTERNAL,"{""type"": ""MultiLineString"", ""coordinates"": [[[-79.4110991091552, 43.6682373721765], [-79.4111660348056, 43.6683707879468]]]}"
304,2196025,TS2023-11-008,2024-06-26,Local Road Reconstruction,ALBANY AVE<br> From: [W] BARTON AVE [BRANCH]<br> To: WELLS ST ,"Replacement of the entire road pavement structure, including the asphalt and underlying support materials. Repair, improvement, or replacement of: road drainage, curbs, boulevards and sidewalks. Work may include the closure of individual lanes or the entire road.  Also, includes the replacement of the City-owned portion of substandard water service connections. The property owner is encouraged to replace the private portion of the substandard water service connection, as well. Also, includes the replacement of the City-owned portion of substandard water service connections. The property owner is encouraged to replace the private portion of the substandard water service connection, as well.",Q2 2024 - Q4 2024,Active,1 - Projects with approved or allocated funding in the Capital Works Program.,Transportation Services,"Christy Manoharan, Engineering and Construction Services",cmanoha@toronto.ca,https://www.toronto.ca/services-payments/streets-parking-transportation/road-maintenance/road-sidewalk-repair/,TS_Road_Reconstruction,12,2024,EXTERNAL,"{""type"": ""MultiLineString"", ""coordinates"": [[[-79.4111660348056, 43.6683707879468], [-79.4114268226531, 43.6690129292938], [-79.4115135003285, 43.669233078969], [-79.4119663446914, 43.6703831775023]]]}"
305,2196026,TS2023-12-009,2024-06-26,Local Road Rehabilitation,ARCHER RD<br> From: BROWSIDE AVE<br> To: SPADINA RD (TO) ,"Replacement of partial road pavement structure or entire road pavement structure for either partial lane width, full lane width or full road width. This could include the asphalt and underlying support materials. Repair, improvement or replacement of road drainage, damaged sidewalk, boulevards and curbs. Work may include the closure of individual lanes or the entire road.",Q2 2024 - Q4 2024,Active,None,Transportation Services,"Christy Manoharan, Engineering and Construction Services",cmanoha@toronto.ca,https://www.toronto.ca/services-payments/streets-parking-transportation/road-maintenance/road-sidewalk-repair/,TS_Road_Reconstruction,12,2024,EXTERNAL,"{""type"": ""MultiLineString"", ""coordinates"": [[[-79.4150224213017, 43.6962829755516], [-79.4157924511157, 43.6960867232343]]]}"
306,2196028,TS2023-04-223,2024-06-26,Local Road Rehabilitation,MARGDON RD<br> From: KENNEDY PARK RD<br> To: GLENDONWYNNE RD ,"Replacement of partial road pavement structure or entire road pavement structure for either partial lane width, full lane width or full road width. This could include the asphalt and underlying support materials. Repair, improvement or replacement of road drainage, damaged sidewalk, boulevards and curbs. Work may include the closure of individual lanes or the entire road.",Q3 2024 - Q4 2025 (Carry-Over),Active,None,Transportation Services,"Augustine Anifowose, Engineering and Construction Services",aanifow@toronto.ca,https://www.toronto.ca/services-payments/streets-parking-transportation/road-maintenance/road-sidewalk-repair/,TS_Road_Reconstruction,12,2024,EXTERNAL,"{""type"": ""MultiLineString"", ""coordinates"": [[[-79.4732038824349, 43.6527118116551], [-79.4732867761136, 43.6526117989681], [-79.4733498884419, 43.6525856737559], [-79.4734186867408, 43.6525690642662], [-79.4743810547998, 43.652361793689]]]}"
307,2196029, ,2024-06-26,Laneway Reconstruction,[23.20 m N] QUEEN ST E<br> From: JONES AVE<br> To: [30.50 m E] JONES AVE ,"Replacement of the entire laneway pavement structure, including the asphalt, concrete and underlying support materials. Repair, improvement, or replacement of laneway drainage, curbs, and associated areas. Work may include the closure of individual lanes or the entire laneway. Also, includes the replacement of the City-owned portion of substandard water service connections. The property owner is encouraged to replace the private portion of the substandard water service connection, as well.",Q4 2023 - Q4 2025,Active,1 - Projects with approved or allocated funding in the Capital Works Program.,Transportation Services,"Jessica Orjuela, Engineering and Construction Services",jorjuel@toronto.ca,https://www.toronto.ca/services-payments/streets-parking-transportation/road-maintenance/road-sidewalk-repair/,TS_Road_Reconstruction,12,2023,EXTERNAL,"{""type"": ""MultiLineString"", ""coordinates"": [[[-79.3329504401, 43.662990911481], [-79.3324316797541, 43.6631086278506]]]}"
308,2196031,TS2023-11-283,2024-06-26,Local Road Rehabilitation,YARMOUTH GDNS<br> From: PALMERSTON AVE<br> To: MANNING AVE (TO) ,"Replacement of partial road pavement structure or entire road pavement structure for either partial lane width, full lane width or full road width. This could include the asphalt and underlying support materials. Repair, improvement or replacement of road drainage, damaged sidewalk, boulevards and curbs. Work may include the closure of individual lanes or the entire road.",Q2 2024 - Q4 2024,Active,None,Transportation Services,"Christy Manoharan, Engineering and Construction Services",cmanoha@toronto.ca,https://www.toronto.ca/services-payments/streets-parking-transportation/road-maintenance/road-sidewalk-repair/,TS_Road_Reconstruction,12,2024,EXTERNAL,"{""type"": ""MultiLineString"", ""coordinates"": [[[-79.4161150595787, 43.6709813120516], [-79.4166836047201, 43.6708603089321], [-79.4183959867202, 43.6704958922011], [-79.4184777747666, 43.6704826645963], [-79.418492428831, 43.6704852854314]]]}"
309,2196043,TS2023-15-006,2024-06-26,Local Road Reconstruction,BRIDLE PATH THE<br> From: [190 m N] POST RD<br> To: [350 m E] BAYVIEW AVE ,"Replacement of the entire road pavement structure, including the asphalt and underlying support materials. Repair, improvement, or replacement of: road drainage, curbs, boulevards and sidewalks. Work may include the closure of individual lanes or the entire road.  Also, includes the replacement of the City-owned portion of substandard water service connections. The property owner is encouraged to replace the private portion of the substandard water service connection, as well. Also, includes the replacement of the City-owned portion of substandard water service connections. The property owner is encouraged to replace the private portion of the substandard water service connection, as well.",Q3 2024 - Q3 2025 (Carry-Over),Active,1 - Projects with approved or allocated funding in the Capital Works Program.,Transportation Services,"Matthew McAinsh, Engineering and Construction Services",mmcains@toronto.ca,https://www.toronto.ca/services-payments/streets-parking-transportation/road-maintenance/road-sidewalk-repair/,TS_Road_Reconstruction,12,2024,EXTERNAL,"{""type"": ""MultiLineString"", ""coordinates"": [[[-79.3780820753161, 43.7393863340636], [-79.3756555283199, 43.7398809923974], [-79.3754164417241, 43.7399281864763], [-79.3753322165712, 43.7399709044389], [-79.3752644661513, 43.7400135683093], [-79.3752230352959, 43.7400443792658], [-79.3751875416171, 43.740061874887], [-79.3751520355214, 43.7400793614824], [-79.3751138813556, 43.740086655794], [-79.3750735114181, 43.740084838438], [-79.3750467432415, 43.7400795164616], [-79.3750265486391, 43.7400713032742], [-79.3750010466374, 43.7400421924508], [-79.3749895852607, 43.7399955626049], [-79.3749840487572, 43.7399356084329], [-79.3749772354547, 43.7398687579298], [-79.3749769080842, 43.7398172615984], [-79.3749711454396, 43.7397645711603], [-79.3749631823752, 43.7396715528527], [-79.3749402598199, 43.739578302147], [-79.3748983415958, 43.7394556776693], [-79.3748588328998, 43.7393505181778], [-79.3748128203134, 43.7392923739198], [-79.3747785026904, 43.7392580236785], [-79.374733508284, 43.7392296475373], [-79.3747010485213, 43.7392152910179]]]}"
310,2196046, ,2024-06-26,Local Road Reconstruction,PRICE ST<br> From: [E] T.T.C. SUBWAY ROW [BRIDGE]<br> To: [158.50 m E] YONGE ST ,"Replacement of the entire road pavement structure, including the asphalt and underlying support materials. Repair, improvement, or replacement of: road drainage, curbs, boulevards and sidewalks. Work may include the closure of individual lanes or the entire road.  Also, includes the replacement of the City-owned portion of substandard water service connections. The property owner is encouraged to replace the private portion of the substandard water service connection, as well. Also, includes the replacement of the City-owned portion of substandard water service connections. The property owner is encouraged to replace the private portion of the substandard water service connection, as well.",2025 - 2026,Active,1 - Projects with approved or allocated funding in the Capital Works Program.,Transportation Services,<Null> Transportation Roads State of Good Repair,RoadSOGR@toronto.ca,https://www.toronto.ca/services-payments/streets-parking-transportation/road-maintenance/road-sidewalk-repair/,TS_Road_Reconstruction,12,2025,EXTERNAL,"{""type"": ""MultiLineString"", ""coordinates"": [[[-79.3896293144152, 43.6800914758248], [-79.388852828282, 43.6802486695082], [-79.3888290186079, 43.6802534890614], [-79.3887181093995, 43.6802759384352]]]}"
311,2196047, ,2024-06-26,Local Road Reconstruction,PRICE ST<br> From: YONGE ST<br> To: [W] T.T.C. SUBWAY ROW [BRIDGE] ,"Replacement of the entire road pavement structure, including the asphalt and underlying support materials. Repair, improvement, or replacement of: road drainage, curbs, boulevards and sidewalks. Work may include the closure of individual lanes or the entire road.  Also, includes the replacement of the City-owned portion of substandard water service connections. The property owner is encouraged to replace the private portion of the substandard water service connection, as well. Also, includes the replacement of the City-owned portion of substandard water service connections. The property owner is encouraged to replace the private portion of the substandard water service connection, as well.",2025 - 2026,Active,1 - Projects with approved or allocated funding in the Capital Works Program.,Transportation Services,<Null> Transportation Roads State of Good Repair,RoadSOGR@toronto.ca,https://www.toronto.ca/services-payments/streets-parking-transportation/road-maintenance/road-sidewalk-repair/,TS_Road_Reconstruction,12,2025,EXTERNAL,"{""type"": ""MultiLineString"", ""coordinates"": [[[-79.3907280054749, 43.6798995612078], [-79.3905939517532, 43.6798961205004], [-79.3902013017451, 43.6799751716147]]]}"
312,2196560, ,2024-06-28,Local Road Reconstruction,[E-W] SYMES RD [LEG]<br> From: GLEN SCARLETT RD<br> To: [24 m W] GLEN SCARLETT RD [CITY LIMITS] ,"Replacement of the entire road pavement structure, including the asphalt and underlying support materials. Repair, improvement, or replacement of: road drainage, curbs, boulevards and sidewalks. Work may include the closure of individual lanes or the entire road.  Also, includes the replacement of the City-owned portion of substandard water service connections. The property owner is encouraged to replace the private portion of the substandard water service connection, as well. Also, includes the replacement of the City-owned portion of substandard water service connections. The property owner is encouraged to replace the private portion of the substandard water service connection, as well.",Q3 2023 - Q2 2024 (Carry-Over),Active,1 - Projects with approved or allocated funding in the Capital Works Program.,Transportation Services,"Marfique Ahmed, Engineering and Construction Services",mahmed2@toronto.ca,https://www.toronto.ca/services-payments/streets-parking-transportation/road-maintenance/road-sidewalk-repair/,TS_Road_Reconstruction,12,2023,EXTERNAL,"{""type"": ""MultiLineString"", ""coordinates"": [[[-79.4780286671539, 43.6736627419468], [-79.4785837727567, 43.6737067467528]]]}"
313,2196566, ,2024-06-28,Laneway Reconstruction,[31 m E] EILEEN AVE<br> From: [39 m N] FLORENCE AVE<br> To: [70 m N] FLORENCE AVE ,"Replacement of the entire laneway pavement structure, including the asphalt, concrete and underlying support materials. Repair, improvement, or replacement of laneway drainage, curbs, and associated areas. Work may include the closure of individual lanes or the entire laneway. Also, includes the replacement of the City-owned portion of substandard water service connections. The property owner is encouraged to replace the private portion of the substandard water service connection, as well.",Q3 2025 - Q4 2026,Active,1 - Projects with approved or allocated funding in the Capital Works Program.,Transportation Services,"Niloufar Mohajerani, Engineering and Construction Services",nmohaje@toronto.ca,https://www.toronto.ca/services-payments/streets-parking-transportation/road-maintenance/road-sidewalk-repair/,TS_Road_Reconstruction,12,2025,EXTERNAL,"{""type"": ""MultiLineString"", ""coordinates"": [[[-79.4946385497765, 43.6699354237542], [-79.4949789938614, 43.6700994974602]]]}"
314,2196578,TS2023-19-039,2024-06-28,Local Road Rehabilitation,NORWAY AVE<br> From: WAVERLEY RD<br> To: BELLEFAIR AVE ,"Replacement of partial road pavement structure or entire road pavement structure for either partial lane width, full lane width or full road width. This could include the asphalt and underlying support materials. Repair, improvement or replacement of road drainage, damaged sidewalk, boulevards and curbs. Work may include the closure of individual lanes or the entire road.",Q1 2024 - Q4 2024,Active,None,Transportation Services,"Angela Au, Engineering and Construction Services",aau2@toronto.ca,https://www.toronto.ca/services-payments/streets-parking-transportation/road-maintenance/road-sidewalk-repair/,TS_Road_Reconstruction,12,2024,EXTERNAL,"{""type"": ""MultiLineString"", ""coordinates"": [[[-79.3026777118082, 43.6741350351673], [-79.3016141788901, 43.6743716663573]]]}"
315,2196580,TS2023-19-111,2024-06-28,Laneway Reconstruction,[292.60 m N] QUEEN ST E<br> From: ELMER AVE<br> To: [36.60 m E] ELMER AVE ,"Replacement of the entire laneway pavement structure, including the asphalt, concrete and underlying support materials. Repair, improvement, or replacement of laneway drainage, curbs, and associated areas. Work may include the closure of individual lanes or the entire laneway. Also, includes the replacement of the City-owned portion of substandard water service connections. The property owner is encouraged to replace the private portion of the substandard water service connection, as well.",Q1 2024 - Q4 2024,Active,1 - Projects with approved or allocated funding in the Capital Works Program.,Transportation Services,"Angela Au, Engineering and Construction Services",aau2@toronto.ca,https://www.toronto.ca/services-payments/streets-parking-transportation/road-maintenance/road-sidewalk-repair/,TS_Road_Reconstruction,12,2024,EXTERNAL,"{""type"": ""MultiLineString"", ""coordinates"": [[[-79.3045834995794, 43.6718733511249], [-79.3040530369847, 43.6719911165272]]]}"
316,2196605,TS2023-19-109,2024-06-28,Laneway Reconstruction,[18.30 m S] HARTFORD AVE<br> From: HERBERT AVE<br> To: ELMER AVE ,"Replacement of the entire laneway pavement structure, including the asphalt, concrete and underlying support materials. Repair, improvement, or replacement of laneway drainage, curbs, and associated areas. Work may include the closure of individual lanes or the entire laneway. Also, includes the replacement of the City-owned portion of substandard water service connections. The property owner is encouraged to replace the private portion of the substandard water service connection, as well.",Q1 2024 - Q4 2024,Active,1 - Projects with approved or allocated funding in the Capital Works Program.,Transportation Services,"Angela Au, Engineering and Construction Services",aau2@toronto.ca,https://www.toronto.ca/services-payments/streets-parking-transportation/road-maintenance/road-sidewalk-repair/,TS_Road_Reconstruction,12,2024,EXTERNAL,"{""type"": ""MultiLineString"", ""coordinates"": [[[-79.3057360684569, 43.6716087053974], [-79.3045834995794, 43.6718733511249]]]}"
317,2196608,TS2023-11-447,2024-06-28,Local Road Reconstruction,RAMSDEN PARK RD<br> From: YONGE ST<br> To: [126 m W] YONGE ST [END] ,"Replacement of the entire road pavement structure, including the asphalt and underlying support materials. Repair, improvement, or replacement of: road drainage, curbs, boulevards and sidewalks. Work may include the closure of individual lanes or the entire road.  Also, includes the replacement of the City-owned portion of substandard water service connections. The property owner is encouraged to replace the private portion of the substandard water service connection, as well. Also, includes the replacement of the City-owned portion of substandard water service connections. The property owner is encouraged to replace the private portion of the substandard water service connection, as well.",Q2 2024 - Q4 2024,Active,1 - Projects with approved or allocated funding in the Capital Works Program.,Transportation Services,"Christy Manoharan, Engineering and Construction Services",cmanoha@toronto.ca,https://www.toronto.ca/services-payments/streets-parking-transportation/road-maintenance/road-sidewalk-repair/,TS_Road_Reconstruction,12,2024,EXTERNAL,"{""type"": ""MultiLineString"", ""coordinates"": [[[-79.3895728256234, 43.6770385979586], [-79.3900593443853, 43.6769302949809], [-79.3911833569015, 43.6766801076844]]]}"
318,2196626, ,2024-06-28,Major Road Rehabilitation,WELLESLEY ST E<br> From: JARVIS ST<br> To: WELLESLEY PL ,"Replacement of partial road pavement structure or entire road pavement structure for either partial lane width, full lane width or full road width. This could include the asphalt and underlying support materials. Repair, improvement or replacement of road drainage, damaged sidewalk, boulevards and curbs. Work may include the closure of individual lanes or the entire road.",Q4 2025 - Q4 2026,Active,None,Transportation Services,"Rooban Markandu, Engineering and Construction Services",rmarkan2@toronto.ca,https://www.toronto.ca/services-payments/streets-parking-transportation/road-maintenance/road-sidewalk-repair/,TS_Road_Reconstruction,12,2025,EXTERNAL,"{""type"": ""MultiLineString"", ""coordinates"": [[[-79.378347042732, 43.6662853071037], [-79.3774152980227, 43.6664850775074], [-79.3773127746828, 43.6665039693368], [-79.3772673745066, 43.6665060629192], [-79.3771889503177, 43.6665157901465], [-79.3769864493873, 43.6664726360441], [-79.3768000444493, 43.6664473305757], [-79.3766627840633, 43.6664322853521], [-79.3765008860926, 43.6664289240854]]]}"
319,2196636, ,2024-06-28,Local Road Reconstruction,SYMES RD<br> From: [24 m W] GLEN SCARLETT RD<br> To: TERRY DR ,"Replacement of the entire road pavement structure, including the asphalt and underlying support materials. Repair, improvement, or replacement of: road drainage, curbs, boulevards and sidewalks. Work may include the closure of individual lanes or the entire road.  Also, includes the replacement of the City-owned portion of substandard water service connections. The property owner is encouraged to replace the private portion of the substandard water service connection, as well. Also, includes the replacement of the City-owned portion of substandard water service connections. The property owner is encouraged to replace the private portion of the substandard water service connection, as well.",Q3 2023 - Q2 2024 (Carry-Over),Active,1 - Projects with approved or allocated funding in the Capital Works Program.,Transportation Services,"Marfique Ahmed, Engineering and Construction Services",mahmed2@toronto.ca,https://www.toronto.ca/services-payments/streets-parking-transportation/road-maintenance/road-sidewalk-repair/,TS_Road_Reconstruction,12,2023,EXTERNAL,"{""type"": ""MultiLineString"", ""coordinates"": [[[-79.4785837727567, 43.6737067467528], [-79.4806395136923, 43.6738416111984], [-79.4811507750738, 43.6738743444482]]]}"
320,2196640,TS2023-15-006,2024-06-28,Local Road Reconstruction,BRIDLE PATH THE<br> From: [350 m E] BAYVIEW AVE<br> To: BAYVIEW AVE ,"Replacement of the entire road pavement structure, including the asphalt and underlying support materials. Repair, improvement, or replacement of: road drainage, curbs, boulevards and sidewalks. Work may include the closure of individual lanes or the entire road.  Also, includes the replacement of the City-owned portion of substandard water service connections. The property owner is encouraged to replace the private portion of the substandard water service connection, as well. Also, includes the replacement of the City-owned portion of substandard water service connections. The property owner is encouraged to replace the private portion of the substandard water service connection, as well.",Q3 2024 - Q3 2025 (Carry-Over),Active,1 - Projects with approved or allocated funding in the Capital Works Program.,Transportation Services,"Matthew McAinsh, Engineering and Construction Services",mmcains@toronto.ca,https://www.toronto.ca/services-payments/streets-parking-transportation/road-maintenance/road-sidewalk-repair/,TS_Road_Reconstruction,12,2024,EXTERNAL,"{""type"": ""MultiLineString"", ""coordinates"": [[[-79.3822969055552, 43.7385257348016], [-79.3809399627229, 43.7388084709475], [-79.3781692763501, 43.7393685596219], [-79.3780820753161, 43.7393863340636]]]}"
321,2196641, ,2024-06-28,Major Road Rehabilitation,WELLESLEY ST E<br> From: WELLESLEY PL<br> To: HOMEWOOD AVE (TO) ,"Replacement of partial road pavement structure or entire road pavement structure for either partial lane width, full lane width or full road width. This could include the asphalt and underlying support materials. Repair, improvement or replacement of road drainage, damaged sidewalk, boulevards and curbs. Work may include the closure of individual lanes or the entire road.",Q4 2025 - Q4 2026,Active,None,Transportation Services,"Rooban Markandu, Engineering and Construction Services",rmarkan2@toronto.ca,https://www.toronto.ca/services-payments/streets-parking-transportation/road-maintenance/road-sidewalk-repair/,TS_Road_Reconstruction,12,2025,EXTERNAL,"{""type"": ""MultiLineString"", ""coordinates"": [[[-79.3765008860926, 43.6664289240854], [-79.3763109933683, 43.6664296099067], [-79.3761593377928, 43.6664382670192], [-79.3760344117811, 43.6664551261323], [-79.3758529004957, 43.6664862717973]]]}"
322,2196642, ,2024-06-28,Major Road Rehabilitation,WELLESLEY ST E<br> From: HOMEWOOD AVE (TO)<br> To: SHERBOURNE ST ,"Replacement of partial road pavement structure or entire road pavement structure for either partial lane width, full lane width or full road width. This could include the asphalt and underlying support materials. Repair, improvement or replacement of road drainage, damaged sidewalk, boulevards and curbs. Work may include the closure of individual lanes or the entire road.",Q4 2025 - Q4 2026,Active,None,Transportation Services,"Rooban Markandu, Engineering and Construction Services",rmarkan2@toronto.ca,https://www.toronto.ca/services-payments/streets-parking-transportation/road-maintenance/road-sidewalk-repair/,TS_Road_Reconstruction,12,2025,EXTERNAL,"{""type"": ""MultiLineString"", ""coordinates"": [[[-79.3758529004957, 43.6664862717973], [-79.3757151492642, 43.6665228925646], [-79.3755319107982, 43.6665916074126], [-79.3753479945489, 43.6666700696721], [-79.3751682460721, 43.6667655757121], [-79.3750017042711, 43.6668724015854], [-79.3748581028455, 43.6669787302527], [-79.3746839152614, 43.6670945216184]]]}"
323,2199125,TS2023-14_19-171,2024-07-10,Local Road Rehabilitation,FELSTEAD AVE<br> From: MONARCH PARK AVE<br> To: PARKMOUNT RD ,"Replacement of partial road pavement structure or entire road pavement structure for either partial lane width, full lane width or full road width. This could include the asphalt and underlying support materials. Repair, improvement or replacement of road drainage, damaged sidewalk, boulevards and curbs. Work may include the closure of individual lanes or the entire road.",Q1 2024 - Q4 2024,Active,None,Transportation Services,"Angela Au, Engineering and Construction Services",aau2@toronto.ca,https://www.toronto.ca/services-payments/streets-parking-transportation/road-maintenance/road-sidewalk-repair/,TS_Road_Reconstruction,12,2024,EXTERNAL,"{""type"": ""MultiLineString"", ""coordinates"": [[[-79.3257314106619, 43.6790973875308], [-79.3247521710199, 43.6793074123336]]]}"
324,2201780, ,2024-07-23,Local Road Rehabilitation,BALMORAL AVE<br> From: POPLAR PLAINS RD<br> To: WARREN RD ,"Replacement of partial road pavement structure or entire road pavement structure for either partial lane width, full lane width or full road width. This could include the asphalt and underlying support materials. Repair, improvement or replacement of road drainage, damaged sidewalk, boulevards and curbs. Work may include the closure of individual lanes or the entire road.",Q3 2025 - Q3 2026,Active,None,Transportation Services,"Bill Dakogiannis, Engineering and Construction Services",bdakogi@toronto.ca,https://www.toronto.ca/services-payments/streets-parking-transportation/road-maintenance/road-sidewalk-repair/,TS_Road_Reconstruction,12,2025,EXTERNAL,"{""type"": ""MultiLineString"", ""coordinates"": [[[-79.4030980672066, 43.6842575396338], [-79.4032636221751, 43.6842311800091], [-79.4055502660166, 43.6837768789773]]]}"
325,2201784, ,2024-07-23,Laneway Reconstruction,FITZROY TER<br> From: [50 m W] KENSINGTON AVE (TO)<br> To: [52 m W] KENSINGTON AVE (TO) [END] ,"Replacement of the entire laneway pavement structure, including the asphalt, concrete and underlying support materials. Repair, improvement, or replacement of laneway drainage, curbs, and associated areas. Work may include the closure of individual lanes or the entire laneway. Also, includes the replacement of the City-owned portion of substandard water service connections. The property owner is encouraged to replace the private portion of the substandard water service connection, as well.",2025 - 2026,Active,1 - Projects with approved or allocated funding in the Capital Works Program.,Transportation Services,"Steven Bertolo, Engineering and Construction Services",sbertol@toronto.ca,https://www.toronto.ca/services-payments/streets-parking-transportation/road-maintenance/road-sidewalk-repair/,TS_Road_Reconstruction,12,2025,EXTERNAL,"{""type"": ""MultiLineString"", ""coordinates"": [[[-79.4007953113944, 43.6533083653234], [-79.4009283435397, 43.6532792262868]]]}"
326,2202126, ,2024-07-25,Local Road Reconstruction,[N-S] BRAESIDE RD [BRANCH]<br> From: BRAESIDE CRES<br> To: WANLESS CRES ,"Replacement of the entire road pavement structure, including the asphalt and underlying support materials. Repair, improvement, or replacement of: road drainage, curbs, boulevards and sidewalks. Work may include the closure of individual lanes or the entire road.  Also, includes the replacement of the City-owned portion of substandard water service connections. The property owner is encouraged to replace the private portion of the substandard water service connection, as well. Also, includes the replacement of the City-owned portion of substandard water service connections. The property owner is encouraged to replace the private portion of the substandard water service connection, as well.",Q2 2026 - Q4 2026,Active,1 - Projects with approved or allocated funding in the Capital Works Program.,Transportation Services,"Osa Ehioghiren, Engineering and Construction Services",oehiogh@toronto.ca,https://www.toronto.ca/services-payments/streets-parking-transportation/road-maintenance/road-sidewalk-repair/,TS_Road_Reconstruction,12,2026,EXTERNAL,"{""type"": ""MultiLineString"", ""coordinates"": [[[-79.3905438770258, 43.7291351168728], [-79.3903556057408, 43.7285535645649], [-79.3902974325337, 43.728442046429]]]}"
327,2202128, ,2024-07-25,Local Road Reconstruction,HASLEMERE RD<br> From: KAPPELE AVE<br> To: LANGTON AVE ,"Replacement of the entire road pavement structure, including the asphalt and underlying support materials. Repair, improvement, or replacement of: road drainage, curbs, boulevards and sidewalks. Work may include the closure of individual lanes or the entire road.  Also, includes the replacement of the City-owned portion of substandard water service connections. The property owner is encouraged to replace the private portion of the substandard water service connection, as well. Also, includes the replacement of the City-owned portion of substandard water service connections. The property owner is encouraged to replace the private portion of the substandard water service connection, as well.",Q2 2026 - Q4 2026,Active,1 - Projects with approved or allocated funding in the Capital Works Program.,Transportation Services,"Osa Ehioghiren, Engineering and Construction Services",oehiogh@toronto.ca,https://www.toronto.ca/services-payments/streets-parking-transportation/road-maintenance/road-sidewalk-repair/,TS_Road_Reconstruction,12,2026,EXTERNAL,"{""type"": ""MultiLineString"", ""coordinates"": [[[-79.39372291358, 43.729331976542], [-79.3920647113751, 43.7297043070483]]]}"
328,2202130,1,2024-07-25,Local Road Reconstruction,BRAESIDE CRES<br> From: BRAESIDE RD<br> To: [1 m E] BRAESIDE RD [CITY LIMITS] ,"Replacement of the entire road pavement structure, including the asphalt and underlying support materials. Repair, improvement, or replacement of: road drainage, curbs, boulevards and sidewalks. Work may include the closure of individual lanes or the entire road.  Also, includes the replacement of the City-owned portion of substandard water service connections. The property owner is encouraged to replace the private portion of the substandard water service connection, as well. Also, includes the replacement of the City-owned portion of substandard water service connections. The property owner is encouraged to replace the private portion of the substandard water service connection, as well.",Q2 2026 - Q4 2026,Active,1 - Projects with approved or allocated funding in the Capital Works Program.,Transportation Services,"Osa Ehioghiren, Engineering and Construction Services",oehiogh@toronto.ca,https://www.toronto.ca/services-payments/streets-parking-transportation/road-maintenance/road-sidewalk-repair/,TS_Road_Reconstruction,12,2026,EXTERNAL,"{""type"": ""MultiLineString"", ""coordinates"": [[[-79.3905438770258, 43.7291351168728], [-79.3904295300146, 43.7291558091729]]]}"
329,2202131, ,2024-07-25,Local Road Rehabilitation,COPPERFIELD RD<br> From: BEECHGROVE DR<br> To: BEECHGROVE DR ,"Replacement of partial road pavement structure or entire road pavement structure for either partial lane width, full lane width or full road width. This could include the asphalt and underlying support materials. Repair, improvement or replacement of road drainage, damaged sidewalk, boulevards and curbs. Work may include the closure of individual lanes or the entire road.",2026 - 2027,Active,None,Transportation Services,"Christy Manoharan, Engineering and Construction Services",cmanoha@toronto.ca,https://www.toronto.ca/services-payments/streets-parking-transportation/road-maintenance/road-sidewalk-repair/,TS_Road_Reconstruction,12,2026,EXTERNAL,"{""type"": ""MultiLineString"", ""coordinates"": [[[-79.1595351069031, 43.7622503331026], [-79.1594877455294, 43.7622753683049], [-79.1594207358846, 43.7623201745343], [-79.1593086283889, 43.7623828486596], [-79.1592083371675, 43.7624095622002], [-79.1579792625867, 43.7627389794371], [-79.156327393794, 43.7631571426835], [-79.154761605583, 43.7635845522407], [-79.1546690727567, 43.7636112672237], [-79.1545929110014, 43.7636290484346], [-79.1545082438373, 43.76363780271], [-79.1544197535723, 43.7636375351872], [-79.1543150080909, 43.7636282172583], [-79.1542033345763, 43.7636098860994], [-79.1540381594101, 43.7635823827227], [-79.1539319778218, 43.7635550577459], [-79.1537056303512, 43.7635003741279], [-79.1535521968199, 43.7634549032728], [-79.1534552660336, 43.7634366070681], [-79.153348198533, 43.7634272902137], [-79.1532643659026, 43.7634270449239], [-79.1531634043686, 43.7634357307679], [-79.153063173122, 43.7634534379169], [-79.1529660343618, 43.7634711453664], [-79.152861967695, 43.7634798395182], [-79.1527717689862, 43.763506578057], [-79.1515654027282, 43.7637909983552]]]}"
330,2202132, ,2024-07-25,Local Road Reconstruction,LANGTON AVE<br> From: HASLEMERE RD<br> To: BRAESIDE RD ,"Replacement of the entire road pavement structure, including the asphalt and underlying support materials. Repair, improvement, or replacement of: road drainage, curbs, boulevards and sidewalks. Work may include the closure of individual lanes or the entire road.  Also, includes the replacement of the City-owned portion of substandard water service connections. The property owner is encouraged to replace the private portion of the substandard water service connection, as well. Also, includes the replacement of the City-owned portion of substandard water service connections. The property owner is encouraged to replace the private portion of the substandard water service connection, as well.",Q2 2026 - Q4 2026,Active,1 - Projects with approved or allocated funding in the Capital Works Program.,Transportation Services,"Osa Ehioghiren, Engineering and Construction Services",oehiogh@toronto.ca,https://www.toronto.ca/services-payments/streets-parking-transportation/road-maintenance/road-sidewalk-repair/,TS_Road_Reconstruction,12,2026,EXTERNAL,"{""type"": ""MultiLineString"", ""coordinates"": [[[-79.3920647113751, 43.7297043070483], [-79.392398244456, 43.7305233017995]]]}"
331,2207379, ,2024-08-13,Local Road Rehabilitation,REDPATH AVE<br> From: EGLINTON AVE E<br> To: ROEHAMPTON AVE ,"Replacement of partial road pavement structure or entire road pavement structure for either partial lane width, full lane width or full road width. This could include the asphalt and underlying support materials. Repair, improvement or replacement of road drainage, damaged sidewalk, boulevards and curbs. Work may include the closure of individual lanes or the entire road.",Q3 2025 - Q3 2026,Active,None,Transportation Services,"Bill Dakogiannis, Engineering and Construction Services",bdakogi@toronto.ca,https://www.toronto.ca/services-payments/streets-parking-transportation/road-maintenance/road-sidewalk-repair/,TS_Road_Reconstruction,12,2025,EXTERNAL,"{""type"": ""MultiLineString"", ""coordinates"": [[[-79.3928193699344, 43.7078611558116], [-79.3932944610856, 43.7090719379022]]]}"
332,2207606,TS2023-14-332,2024-08-14,Major Road Rehabilitation,GREENWOOD AVE<br> From: FELSTEAD AVE<br> To: MOUNTALAN AVE ,"Replacement of partial road pavement structure or entire road pavement structure for either partial lane width, full lane width or full road width. This could include the asphalt and underlying support materials. Repair, improvement or replacement of road drainage, damaged sidewalk, boulevards and curbs. Work may include the closure of individual lanes or the entire road.",Q2 2026 - Q4 2026,Active,None,Transportation Services,"Tazeen Fatema, Engineering and Construction Services",tfatema@toronto.ca,https://www.toronto.ca/services-payments/streets-parking-transportation/road-maintenance/road-sidewalk-repair/,TS_Road_Reconstruction,12,2026,EXTERNAL,"{""type"": ""MultiLineString"", ""coordinates"": [[[-79.3309606945507, 43.6779891490501], [-79.3312682076766, 43.6787637344875]]]}"
333,2207607, ,2024-08-14,Major Road Rehabilitation,GREENWOOD AVE<br> From: QUEENSDALE AVE<br> To: SAMMON AVE ,"Replacement of partial road pavement structure or entire road pavement structure for either partial lane width, full lane width or full road width. This could include the asphalt and underlying support materials. Repair, improvement or replacement of road drainage, damaged sidewalk, boulevards and curbs. Work may include the closure of individual lanes or the entire road.",Q3 2025 - Q4 2025,Active,None,Transportation Services,"Promil Sarkar, Engineering and Construction Services",psarkar@toronto.ca,https://www.toronto.ca/services-payments/streets-parking-transportation/road-maintenance/road-sidewalk-repair/,TS_Road_Reconstruction,12,2025,EXTERNAL,"{""type"": ""MultiLineString"", ""coordinates"": [[[-79.3344095554926, 43.6862689027403], [-79.3346688925937, 43.6868847061672]]]}"
334,2207608, ,2024-08-14,Major Road Rehabilitation,GREENWOOD AVE<br> From: [34.60 m N] MILVERTON BLVD<br> To: SPRINGDALE BLVD ,"Replacement of partial road pavement structure or entire road pavement structure for either partial lane width, full lane width or full road width. This could include the asphalt and underlying support materials. Repair, improvement or replacement of road drainage, damaged sidewalk, boulevards and curbs. Work may include the closure of individual lanes or the entire road.",Q3 2025 - Q4 2025,Active,None,Transportation Services,"Promil Sarkar, Engineering and Construction Services",psarkar@toronto.ca,https://www.toronto.ca/services-payments/streets-parking-transportation/road-maintenance/road-sidewalk-repair/,TS_Road_Reconstruction,12,2025,EXTERNAL,"{""type"": ""MultiLineString"", ""coordinates"": [[[-79.3339042258784, 43.6850841471032], [-79.334063761933, 43.6854622175555]]]}"
335,2207609, ,2024-08-14,Major Road Rehabilitation,GREENWOOD AVE<br> From: STRATHMORE BLVD<br> To: GLEBEHOLME BLVD ,"Replacement of partial road pavement structure or entire road pavement structure for either partial lane width, full lane width or full road width. This could include the asphalt and underlying support materials. Repair, improvement or replacement of road drainage, damaged sidewalk, boulevards and curbs. Work may include the closure of individual lanes or the entire road.",Q3 2025 - Q4 2025,Active,None,Transportation Services,"Promil Sarkar, Engineering and Construction Services",psarkar@toronto.ca,https://www.toronto.ca/services-payments/streets-parking-transportation/road-maintenance/road-sidewalk-repair/,TS_Road_Reconstruction,12,2025,EXTERNAL,"{""type"": ""MultiLineString"", ""coordinates"": [[[-79.3327160504071, 43.6822768331387], [-79.333418931461, 43.6839276552859]]]}"
336,2207610,TS2023-14-332,2024-08-14,Major Road Rehabilitation,GREENWOOD AVE<br> From: TORBRICK RD<br> To: FELSTEAD AVE ,"Replacement of partial road pavement structure or entire road pavement structure for either partial lane width, full lane width or full road width. This could include the asphalt and underlying support materials. Repair, improvement or replacement of road drainage, damaged sidewalk, boulevards and curbs. Work may include the closure of individual lanes or the entire road.",Q2 2026 - Q4 2026,Active,None,Transportation Services,"Tazeen Fatema, Engineering and Construction Services",tfatema@toronto.ca,https://www.toronto.ca/services-payments/streets-parking-transportation/road-maintenance/road-sidewalk-repair/,TS_Road_Reconstruction,12,2026,EXTERNAL,"{""type"": ""MultiLineString"", ""coordinates"": [[[-79.3302714087583, 43.6763768649181], [-79.3303955647726, 43.6766672606944], [-79.3309606945507, 43.6779891490501]]]}"
337,2207611, ,2024-08-14,Major Road Rehabilitation,GREENWOOD AVE<br> From: DANFORTH AVE<br> To: STRATHMORE BLVD ,"Replacement of partial road pavement structure or entire road pavement structure for either partial lane width, full lane width or full road width. This could include the asphalt and underlying support materials. Repair, improvement or replacement of road drainage, damaged sidewalk, boulevards and curbs. Work may include the closure of individual lanes or the entire road.",Q2 2026 - Q4 2026,Active,None,Transportation Services,"Tazeen Fatema, Engineering and Construction Services",tfatema@toronto.ca,https://www.toronto.ca/services-payments/streets-parking-transportation/road-maintenance/road-sidewalk-repair/,TS_Road_Reconstruction,12,2026,EXTERNAL,"{""type"": ""MultiLineString"", ""coordinates"": [[[-79.3323827283143, 43.6814841395955], [-79.3325395556084, 43.6818571317004], [-79.3327160504071, 43.6822768331387]]]}"
338,2207612,TS2023-14-332,2024-08-14,Major Road Rehabilitation,GREENWOOD AVE<br> From: MOUNTALAN AVE<br> To: MOUNTNOEL AVE ,"Replacement of partial road pavement structure or entire road pavement structure for either partial lane width, full lane width or full road width. This could include the asphalt and underlying support materials. Repair, improvement or replacement of road drainage, damaged sidewalk, boulevards and curbs. Work may include the closure of individual lanes or the entire road.",Q2 2026 - Q4 2026,Active,None,Transportation Services,"Tazeen Fatema, Engineering and Construction Services",tfatema@toronto.ca,https://www.toronto.ca/services-payments/streets-parking-transportation/road-maintenance/road-sidewalk-repair/,TS_Road_Reconstruction,12,2026,EXTERNAL,"{""type"": ""MultiLineString"", ""coordinates"": [[[-79.3312682076766, 43.6787637344875], [-79.3315705604277, 43.6794527899113]]]}"
339,2207613,TS2023-14-332,2024-08-14,Major Road Rehabilitation,GREENWOOD AVE<br> From: MOUNTNOEL AVE<br> To: OAKVALE AVE ,"Replacement of partial road pavement structure or entire road pavement structure for either partial lane width, full lane width or full road width. This could include the asphalt and underlying support materials. Repair, improvement or replacement of road drainage, damaged sidewalk, boulevards and curbs. Work may include the closure of individual lanes or the entire road.",Q2 2026 - Q4 2026,Active,None,Transportation Services,"Tazeen Fatema, Engineering and Construction Services",tfatema@toronto.ca,https://www.toronto.ca/services-payments/streets-parking-transportation/road-maintenance/road-sidewalk-repair/,TS_Road_Reconstruction,12,2026,EXTERNAL,"{""type"": ""MultiLineString"", ""coordinates"": [[[-79.3315705604277, 43.6794527899113], [-79.3316354662289, 43.6796689260489]]]}"
340,2207614, ,2024-08-14,Major Road Rehabilitation,GREENWOOD AVE<br> From: MOUNTJOY AVE<br> To: CHATHAM AVE ,"Replacement of partial road pavement structure or entire road pavement structure for either partial lane width, full lane width or full road width. This could include the asphalt and underlying support materials. Repair, improvement or replacement of road drainage, damaged sidewalk, boulevards and curbs. Work may include the closure of individual lanes or the entire road.",Q2 2026 - Q4 2026,Active,None,Transportation Services,"Tazeen Fatema, Engineering and Construction Services",tfatema@toronto.ca,https://www.toronto.ca/services-payments/streets-parking-transportation/road-maintenance/road-sidewalk-repair/,TS_Road_Reconstruction,12,2026,EXTERNAL,"{""type"": ""MultiLineString"", ""coordinates"": [[[-79.3318457830639, 43.6801418315508], [-79.3319800913899, 43.6804885795616]]]}"
341,2207615,TS2023-14-332,2024-08-14,Major Road Rehabilitation,GREENWOOD AVE<br> From: [N] RAILWAY LANDS - CNR [BRIDGE]<br> To: TORBRICK RD ,"Replacement of partial road pavement structure or entire road pavement structure for either partial lane width, full lane width or full road width. This could include the asphalt and underlying support materials. Repair, improvement or replacement of road drainage, damaged sidewalk, boulevards and curbs. Work may include the closure of individual lanes or the entire road.",Q2 2026 - Q4 2026,Active,None,Transportation Services,"Tazeen Fatema, Engineering and Construction Services",tfatema@toronto.ca,https://www.toronto.ca/services-payments/streets-parking-transportation/road-maintenance/road-sidewalk-repair/,TS_Road_Reconstruction,12,2026,EXTERNAL,"{""type"": ""MultiLineString"", ""coordinates"": [[[-79.3297060888148, 43.6750320191348], [-79.3302714087583, 43.6763768649181]]]}"
342,2207616, ,2024-08-14,Major Road Rehabilitation,GREENWOOD AVE<br> From: SPRINGDALE BLVD<br> To: QUEENSDALE AVE ,"Replacement of partial road pavement structure or entire road pavement structure for either partial lane width, full lane width or full road width. This could include the asphalt and underlying support materials. Repair, improvement or replacement of road drainage, damaged sidewalk, boulevards and curbs. Work may include the closure of individual lanes or the entire road.",Q3 2025 - Q4 2025,Active,None,Transportation Services,"Promil Sarkar, Engineering and Construction Services",psarkar@toronto.ca,https://www.toronto.ca/services-payments/streets-parking-transportation/road-maintenance/road-sidewalk-repair/,TS_Road_Reconstruction,12,2025,EXTERNAL,"{""type"": ""MultiLineString"", ""coordinates"": [[[-79.334063761933, 43.6854622175555], [-79.3344095554926, 43.6862689027403]]]}"
343,2207617, ,2024-08-14,Major Road Rehabilitation,GREENWOOD AVE<br> From: SAMMON AVE<br> To: MORTIMER AVE ,"Replacement of partial road pavement structure or entire road pavement structure for either partial lane width, full lane width or full road width. This could include the asphalt and underlying support materials. Repair, improvement or replacement of road drainage, damaged sidewalk, boulevards and curbs. Work may include the closure of individual lanes or the entire road.",Q3 2025 - Q4 2025,Active,None,Transportation Services,"Promil Sarkar, Engineering and Construction Services",psarkar@toronto.ca,https://www.toronto.ca/services-payments/streets-parking-transportation/road-maintenance/road-sidewalk-repair/,TS_Road_Reconstruction,12,2025,EXTERNAL,"{""type"": ""MultiLineString"", ""coordinates"": [[[-79.3346688925937, 43.6868847061672], [-79.3355044641605, 43.6886606890506]]]}"
344,2207618, ,2024-08-14,Major Road Rehabilitation,GREENWOOD AVE<br> From: CHATHAM AVE<br> To: DANFORTH AVE ,"Replacement of partial road pavement structure or entire road pavement structure for either partial lane width, full lane width or full road width. This could include the asphalt and underlying support materials. Repair, improvement or replacement of road drainage, damaged sidewalk, boulevards and curbs. Work may include the closure of individual lanes or the entire road.",Q2 2026 - Q4 2026,Active,None,Transportation Services,"Tazeen Fatema, Engineering and Construction Services",tfatema@toronto.ca,https://www.toronto.ca/services-payments/streets-parking-transportation/road-maintenance/road-sidewalk-repair/,TS_Road_Reconstruction,12,2026,EXTERNAL,"{""type"": ""MultiLineString"", ""coordinates"": [[[-79.3319800913899, 43.6804885795616], [-79.3323827283143, 43.6814841395955]]]}"
345,2207619, ,2024-08-14,Major Road Rehabilitation,GREENWOOD AVE<br> From: GLEBEHOLME BLVD<br> To: MILVERTON BLVD ,"Replacement of partial road pavement structure or entire road pavement structure for either partial lane width, full lane width or full road width. This could include the asphalt and underlying support materials. Repair, improvement or replacement of road drainage, damaged sidewalk, boulevards and curbs. Work may include the closure of individual lanes or the entire road.",Q3 2025 - Q4 2025,Active,None,Transportation Services,"Promil Sarkar, Engineering and Construction Services",psarkar@toronto.ca,https://www.toronto.ca/services-payments/streets-parking-transportation/road-maintenance/road-sidewalk-repair/,TS_Road_Reconstruction,12,2025,EXTERNAL,"{""type"": ""MultiLineString"", ""coordinates"": [[[-79.333418931461, 43.6839276552859], [-79.33375881088, 43.6847137030437]]]}"
346,2207620, ,2024-08-14,Major Road Rehabilitation,GREENWOOD AVE<br> From: MILVERTON BLVD<br> To: [34.60 m N] MILVERTON BLVD [CITY LIMITS] ,"Replacement of partial road pavement structure or entire road pavement structure for either partial lane width, full lane width or full road width. This could include the asphalt and underlying support materials. Repair, improvement or replacement of road drainage, damaged sidewalk, boulevards and curbs. Work may include the closure of individual lanes or the entire road.",Q3 2025 - Q4 2025,Active,None,Transportation Services,"Promil Sarkar, Engineering and Construction Services",psarkar@toronto.ca,https://www.toronto.ca/services-payments/streets-parking-transportation/road-maintenance/road-sidewalk-repair/,TS_Road_Reconstruction,12,2025,EXTERNAL,"{""type"": ""MultiLineString"", ""coordinates"": [[[-79.33375881088, 43.6847137030437], [-79.3339042258784, 43.6850841471032]]]}"
347,2207621, ,2024-08-14,Major Road Rehabilitation,GREENWOOD AVE<br> From: OAKVALE AVE<br> To: MOUNTJOY AVE ,"Replacement of partial road pavement structure or entire road pavement structure for either partial lane width, full lane width or full road width. This could include the asphalt and underlying support materials. Repair, improvement or replacement of road drainage, damaged sidewalk, boulevards and curbs. Work may include the closure of individual lanes or the entire road.",Q2 2026 - Q4 2026,Active,None,Transportation Services,"Tazeen Fatema, Engineering and Construction Services",tfatema@toronto.ca,https://www.toronto.ca/services-payments/streets-parking-transportation/road-maintenance/road-sidewalk-repair/,TS_Road_Reconstruction,12,2026,EXTERNAL,"{""type"": ""MultiLineString"", ""coordinates"": [[[-79.3316354662289, 43.6796689260489], [-79.3318457830639, 43.6801418315508]]]}"
348,2207622,TS2023-14-332,2024-08-14,Major Road Rehabilitation,GREENWOOD AVE<br> From: [S] RAILWAY LANDS - CNR [BRIDGE]<br> To: [N] RAILWAY LANDS - CNR [BRIDGE] ,"Replacement of partial road pavement structure or entire road pavement structure for either partial lane width, full lane width or full road width. This could include the asphalt and underlying support materials. Repair, improvement or replacement of road drainage, damaged sidewalk, boulevards and curbs. Work may include the closure of individual lanes or the entire road.",Q2 2026 - Q4 2026,Active,None,Transportation Services,"Tazeen Fatema, Engineering and Construction Services",tfatema@toronto.ca,https://www.toronto.ca/services-payments/streets-parking-transportation/road-maintenance/road-sidewalk-repair/,TS_Road_Reconstruction,12,2026,EXTERNAL,"{""type"": ""MultiLineString"", ""coordinates"": [[[-79.3296412002196, 43.6748753714819], [-79.329676967283, 43.674962755593], [-79.3297060888148, 43.6750320191348]]]}"
349,2210972, ,2024-08-30,Local Road Reconstruction,BRAESIDE RD<br> From: LANGTON AVE<br> To: [N-S] BRAESIDE RD [BRANCH] ,"Replacement of the entire road pavement structure, including the asphalt and underlying support materials. Repair, improvement, or replacement of: road drainage, curbs, boulevards and sidewalks. Work may include the closure of individual lanes or the entire road.  Also, includes the replacement of the City-owned portion of substandard water service connections. The property owner is encouraged to replace the private portion of the substandard water service connection, as well. Also, includes the replacement of the City-owned portion of substandard water service connections. The property owner is encouraged to replace the private portion of the substandard water service connection, as well.",Q2 2026 - Q4 2026,Active,1 - Projects with approved or allocated funding in the Capital Works Program.,Transportation Services,"Osa Ehioghiren, Engineering and Construction Services",oehiogh@toronto.ca,https://www.toronto.ca/services-payments/streets-parking-transportation/road-maintenance/road-sidewalk-repair/,TS_Road_Reconstruction,12,2026,EXTERNAL,"{""type"": ""MultiLineString"", ""coordinates"": [[[-79.392398244456, 43.7305233017995], [-79.3914338830123, 43.7307240895429], [-79.3913668857434, 43.730726150179], [-79.3913186972822, 43.7307197134944]]]}"
350,2210976, ,2024-08-30,Local Road Reconstruction,DONALD AVE<br> From: SILVERTHORN AVE<br> To: KANE AVE ,"Replacement of the entire road pavement structure, including the asphalt and underlying support materials. Repair, improvement, or replacement of: road drainage, curbs, boulevards and sidewalks. Work may include the closure of individual lanes or the entire road.  Also, includes the replacement of the City-owned portion of substandard water service connections. The property owner is encouraged to replace the private portion of the substandard water service connection, as well. Also, includes the replacement of the City-owned portion of substandard water service connections. The property owner is encouraged to replace the private portion of the substandard water service connection, as well.",2026 - Q3 2026,Active,1 - Projects with approved or allocated funding in the Capital Works Program.,Transportation Services,"Angela Au, Engineering and Construction Services",aau2@toronto.ca,https://www.toronto.ca/services-payments/streets-parking-transportation/road-maintenance/road-sidewalk-repair/,TS_Road_Reconstruction,12,2026,EXTERNAL,"{""type"": ""MultiLineString"", ""coordinates"": [[[-79.4665492462384, 43.6862895144235], [-79.4678915090992, 43.6859965108086], [-79.4681531244822, 43.6859634141858]]]}"
351,2217481, ,2024-09-30,Local Road Rehabilitation,SEWELLS RD<br> From: PASSMORE AVE<br> To: STEELES AVE E ,"Replacement of partial road pavement structure or entire road pavement structure for either partial lane width, full lane width or full road width. This could include the asphalt and underlying support materials. Repair, improvement or replacement of road drainage, damaged sidewalk, boulevards and curbs. Work may include the closure of individual lanes or the entire road.",Q2 2024 - Q3 2025,Active,None,Transportation Services,"Osa Ehioghiren, Engineering and Construction Services",oehiogh@toronto.ca,https://www.toronto.ca/services-payments/streets-parking-transportation/road-maintenance/road-sidewalk-repair/,TS_Road_Reconstruction,12,2026,EXTERNAL,"{""type"": ""MultiLineString"", ""coordinates"": [[[-79.2064706095377, 43.8400938534671], [-79.2065148943986, 43.8402559862132], [-79.2065908439918, 43.8404632055162], [-79.2066751485297, 43.8407064684295], [-79.2067743157487, 43.8409317402925], [-79.2069159684549, 43.8412274372627], [-79.2069297436439, 43.8412561769518], [-79.2072482888762, 43.841923080388], [-79.2083948268788, 43.8443203003782], [-79.2084864213817, 43.844509556096], [-79.2089064779441, 43.8454107406825], [-79.2092959545785, 43.8462038242408]]]}"
352,2218129, ,2024-10-03,Local Road Rehabilitation,MONOGRAM PL<br> From: ISLINGTON AVE<br> To: [149 m W] ISLINGTON AVE ,"Replacement of partial road pavement structure or entire road pavement structure for either partial lane width, full lane width or full road width. This could include the asphalt and underlying support materials. Repair, improvement or replacement of road drainage, damaged sidewalk, boulevards and curbs. Work may include the closure of individual lanes or the entire road.",2026,Active,None,Transportation Services,<Null> Transportation Roads State of Good Repair,RoadSOGR@toronto.ca,https://www.toronto.ca/services-payments/streets-parking-transportation/road-maintenance/road-sidewalk-repair/,TS_Road_Reconstruction,12,2026,EXTERNAL,"{""type"": ""MultiLineString"", ""coordinates"": [[[-79.5504401924813, 43.7051093421832], [-79.5506398014528, 43.7050555343196], [-79.5508200995834, 43.7049970540312], [-79.550984283598, 43.7049432343056], [-79.551151679448, 43.7048730755923], [-79.5513576867339, 43.7047725379904], [-79.5516055233355, 43.7046182705286], [-79.5516795753237, 43.7045925384312], [-79.5521526864298, 43.7044837051596]]]}"
353,2218130, ,2024-10-03,Local Road Rehabilitation,MONOGRAM PL<br> From: [149 m W] ISLINGTON AVE<br> To: [329 m W] ISLINGTON AVE ,"Replacement of partial road pavement structure or entire road pavement structure for either partial lane width, full lane width or full road width. This could include the asphalt and underlying support materials. Repair, improvement or replacement of road drainage, damaged sidewalk, boulevards and curbs. Work may include the closure of individual lanes or the entire road.",2026,Active,None,Transportation Services,"Lucas Da Costa, Engineering and Construction Services",ldacost@toronto.ca,https://www.toronto.ca/services-payments/streets-parking-transportation/road-maintenance/road-sidewalk-repair/,TS_Road_Reconstruction,12,2026,EXTERNAL,"{""type"": ""MultiLineString"", ""coordinates"": [[[-79.5521526864298, 43.7044837051596], [-79.5542971715374, 43.7039904358309]]]}"
354,2218131, ,2024-10-03,Local Road Rehabilitation,MONOGRAM PL<br> From: [389 m W] ISLINGTON AVE<br> To: [504 m W] ISLINGTON AVE ,"Replacement of partial road pavement structure or entire road pavement structure for either partial lane width, full lane width or full road width. This could include the asphalt and underlying support materials. Repair, improvement or replacement of road drainage, damaged sidewalk, boulevards and curbs. Work may include the closure of individual lanes or the entire road.",2026,Active,None,Transportation Services,<Null> Transportation Roads State of Good Repair,RoadSOGR@toronto.ca,https://www.toronto.ca/services-payments/streets-parking-transportation/road-maintenance/road-sidewalk-repair/,TS_Road_Reconstruction,12,2026,EXTERNAL,"{""type"": ""MultiLineString"", ""coordinates"": [[[-79.5549610738817, 43.7038376999247], [-79.5555025211223, 43.7037098722088]]]}"
355,2218134, ,2024-10-03,Local Road Rehabilitation,MONOGRAM PL<br> From: [329 m W] ISLINGTON AVE<br> To: [389 m W] ISLINGTON AVE ,"Replacement of partial road pavement structure or entire road pavement structure for either partial lane width, full lane width or full road width. This could include the asphalt and underlying support materials. Repair, improvement or replacement of road drainage, damaged sidewalk, boulevards and curbs. Work may include the closure of individual lanes or the entire road.",2026,Active,None,Transportation Services,<Null> Transportation Roads State of Good Repair,RoadSOGR@toronto.ca,https://www.toronto.ca/services-payments/streets-parking-transportation/road-maintenance/road-sidewalk-repair/,TS_Road_Reconstruction,12,2026,EXTERNAL,"{""type"": ""MultiLineString"", ""coordinates"": [[[-79.5542971715374, 43.7039904358309], [-79.5549610738817, 43.7038376999247]]]}"
356,2218994,TS2023-24-430,2024-10-07,Major Road Reconstruction,SCARBOROUGH GOLF CLUB RD<br> From: LAWRENCE AVE E<br> To: BRIMORTON DR ,"Replacement of the entire road pavement structure, including the asphalt and underlying support materials. Repair, improvement, or replacement of: road drainage, curbs, boulevards and sidewalks. Work may include the closure of individual lanes or the entire road.  Also, includes the replacement of the City-owned portion of substandard water service connections. The property owner is encouraged to replace the private portion of the substandard water service connection, as well. Also, includes the replacement of the City-owned portion of substandard water service connections. The property owner is encouraged to replace the private portion of the substandard water service connection, as well.",Q1 2025 - Q3 2026 (Carry-Over),Active,1 - Projects with approved or allocated funding in the Capital Works Program.,Transportation Services,"Mehrshad Rahimi, Engineering and Construction Services",mrahimi@toronto.ca,https://www.toronto.ca/services-payments/streets-parking-transportation/road-maintenance/road-sidewalk-repair/,TS_Road_Reconstruction,12,2024,EXTERNAL,"{""type"": ""MultiLineString"", ""coordinates"": [[[-79.2158381225919, 43.7618520399872], [-79.2158283938479, 43.7619500206472], [-79.2158324497454, 43.7620534722902], [-79.2158488834155, 43.7622025006728], [-79.2158485212682, 43.7623157526123], [-79.215853317446, 43.7624097548501], [-79.215862044374, 43.7625208330936], [-79.2158722099797, 43.7626349663102], [-79.2158872766935, 43.7627527211795], [-79.2159039642928, 43.7628665285559], [-79.2159326998846, 43.7629933005652], [-79.2159616928871, 43.7630971922094], [-79.2160035890775, 43.7632196943376], [-79.2160622047126, 43.7633968841341], [-79.2161691095797, 43.7636843322275], [-79.2162850242508, 43.7639235652656], [-79.2163939388603, 43.7641961481681], [-79.2164369250009, 43.7643170056035], [-79.2166796479402, 43.7648884981054], [-79.2177392105135, 43.7675540537845], [-79.2183042193101, 43.7688979362419], [-79.2186842194236, 43.7698112486013]]]}"
357,2218995,TS2023-24-430,2024-10-07,Major Road Reconstruction,SCARBOROUGH GOLF CLUB RD<br> From: BRIMORTON DR<br> To: ELLESMERE RD ,"Replacement of the entire road pavement structure, including the asphalt and underlying support materials. Repair, improvement, or replacement of: road drainage, curbs, boulevards and sidewalks. Work may include the closure of individual lanes or the entire road.  Also, includes the replacement of the City-owned portion of substandard water service connections. The property owner is encouraged to replace the private portion of the substandard water service connection, as well. Also, includes the replacement of the City-owned portion of substandard water service connections. The property owner is encouraged to replace the private portion of the substandard water service connection, as well.",Q1 2025 - Q3 2026 (Carry-Over),Active,1 - Projects with approved or allocated funding in the Capital Works Program.,Transportation Services,"Mehrshad Rahimi, Engineering and Construction Services",mrahimi@toronto.ca,https://www.toronto.ca/services-payments/streets-parking-transportation/road-maintenance/road-sidewalk-repair/,TS_Road_Reconstruction,12,2024,EXTERNAL,"{""type"": ""MultiLineString"", ""coordinates"": [[[-79.2186842194236, 43.7698112486013], [-79.2194785911463, 43.7717858786051], [-79.2200726425321, 43.7732636699038], [-79.2206551360403, 43.7747141379738], [-79.2210528104115, 43.7756809876262], [-79.2214293877347, 43.776605838924], [-79.2214704721378, 43.7766988849992], [-79.2222172150957, 43.7785568936147]]]}"
358,2222619, ,2024-10-23,Local Road Rehabilitation,CARLTON ST<br> From: RAWLINGS AVE<br> To: SUMACH ST ,"Replacement of partial road pavement structure or entire road pavement structure for either partial lane width, full lane width or full road width. This could include the asphalt and underlying support materials. Repair, improvement or replacement of road drainage, damaged sidewalk, boulevards and curbs. Work may include the closure of individual lanes or the entire road.",Q1 2025 - Q4 2025,Active,None,Transportation Services,"Angela Au, Engineering and Construction Services",aau2@toronto.ca,https://www.toronto.ca/services-payments/streets-parking-transportation/road-maintenance/road-sidewalk-repair/,TS_Road_Reconstruction,12,2024,EXTERNAL,"{""type"": ""MultiLineString"", ""coordinates"": [[[-79.3632393067794, 43.665539086729], [-79.3625174332228, 43.6656921436639]]]}"
359,2222621, ,2024-10-23,Local Road Rehabilitation,CARLTON ST<br> From: PARLIAMENT ST<br> To: BROADCAST LANE ,"Replacement of partial road pavement structure or entire road pavement structure for either partial lane width, full lane width or full road width. This could include the asphalt and underlying support materials. Repair, improvement or replacement of road drainage, damaged sidewalk, boulevards and curbs. Work may include the closure of individual lanes or the entire road.",Q1 2025 - Q4 2025,Active,None,Transportation Services,"Angela Au, Engineering and Construction Services",aau2@toronto.ca,https://www.toronto.ca/services-payments/streets-parking-transportation/road-maintenance/road-sidewalk-repair/,TS_Road_Reconstruction,12,2024,EXTERNAL,"{""type"": ""MultiLineString"", ""coordinates"": [[[-79.3680570983726, 43.6644634364699], [-79.3674857180327, 43.664599388843]]]}"
360,2222623, ,2024-10-23,Local Road Rehabilitation,CARLTON ST<br> From: BOWMAN ST<br> To: RAWLINGS AVE ,"Replacement of partial road pavement structure or entire road pavement structure for either partial lane width, full lane width or full road width. This could include the asphalt and underlying support materials. Repair, improvement or replacement of road drainage, damaged sidewalk, boulevards and curbs. Work may include the closure of individual lanes or the entire road.",Q1 2025 - Q4 2025,Active,None,Transportation Services,"Angela Au, Engineering and Construction Services",aau2@toronto.ca,https://www.toronto.ca/services-payments/streets-parking-transportation/road-maintenance/road-sidewalk-repair/,TS_Road_Reconstruction,12,2024,EXTERNAL,"{""type"": ""MultiLineString"", ""coordinates"": [[[-79.3638396618719, 43.6654072497246], [-79.3632393067794, 43.665539086729]]]}"
361,2222624, ,2024-10-23,Local Road Rehabilitation,CARLTON ST<br> From: SACKVILLE ST<br> To: WOODSTOCK PL ,"Replacement of partial road pavement structure or entire road pavement structure for either partial lane width, full lane width or full road width. This could include the asphalt and underlying support materials. Repair, improvement or replacement of road drainage, damaged sidewalk, boulevards and curbs. Work may include the closure of individual lanes or the entire road.",Q1 2025 - Q4 2025,Active,None,Transportation Services,"Angela Au, Engineering and Construction Services",aau2@toronto.ca,https://www.toronto.ca/services-payments/streets-parking-transportation/road-maintenance/road-sidewalk-repair/,TS_Road_Reconstruction,12,2024,EXTERNAL,"{""type"": ""MultiLineString"", ""coordinates"": [[[-79.3650544592627, 43.6651339514473], [-79.3645021603355, 43.6652537450132]]]}"
362,2222626, ,2024-10-23,Local Road Rehabilitation,CARLTON ST<br> From: METCALFE ST<br> To: DERMOTT PL ,"Replacement of partial road pavement structure or entire road pavement structure for either partial lane width, full lane width or full road width. This could include the asphalt and underlying support materials. Repair, improvement or replacement of road drainage, damaged sidewalk, boulevards and curbs. Work may include the closure of individual lanes or the entire road.",Q1 2025 - Q4 2025,Active,None,Transportation Services,"Angela Au, Engineering and Construction Services",aau2@toronto.ca,https://www.toronto.ca/services-payments/streets-parking-transportation/road-maintenance/road-sidewalk-repair/,TS_Road_Reconstruction,12,2024,EXTERNAL,"{""type"": ""MultiLineString"", ""coordinates"": [[[-79.3667013483655, 43.6647860017553], [-79.3665810047291, 43.6648000744724]]]}"
363,2222627, ,2024-10-23,Local Road Rehabilitation,CARLTON ST<br> From: DERMOTT PL<br> To: SACKVILLE ST ,"Replacement of partial road pavement structure or entire road pavement structure for either partial lane width, full lane width or full road width. This could include the asphalt and underlying support materials. Repair, improvement or replacement of road drainage, damaged sidewalk, boulevards and curbs. Work may include the closure of individual lanes or the entire road.",Q1 2025 - Q4 2025,Active,None,Transportation Services,"Angela Au, Engineering and Construction Services",aau2@toronto.ca,https://www.toronto.ca/services-payments/streets-parking-transportation/road-maintenance/road-sidewalk-repair/,TS_Road_Reconstruction,12,2024,EXTERNAL,"{""type"": ""MultiLineString"", ""coordinates"": [[[-79.3665810047291, 43.6648000744724], [-79.366533006165, 43.6648056892838], [-79.366349067947, 43.664846520475], [-79.3663342307839, 43.6648498246203], [-79.3650544592627, 43.6651339514473]]]}"
364,2222628, ,2024-10-23,Local Road Rehabilitation,CARLTON ST<br> From: WOODSTOCK PL<br> To: BOWMAN ST ,"Replacement of partial road pavement structure or entire road pavement structure for either partial lane width, full lane width or full road width. This could include the asphalt and underlying support materials. Repair, improvement or replacement of road drainage, damaged sidewalk, boulevards and curbs. Work may include the closure of individual lanes or the entire road.",Q1 2025 - Q4 2025,Active,None,Transportation Services,"Angela Au, Engineering and Construction Services",aau2@toronto.ca,https://www.toronto.ca/services-payments/streets-parking-transportation/road-maintenance/road-sidewalk-repair/,TS_Road_Reconstruction,12,2024,EXTERNAL,"{""type"": ""MultiLineString"", ""coordinates"": [[[-79.3645021603355, 43.6652537450132], [-79.3644791353226, 43.6652587854712], [-79.3644459003492, 43.6652660821547], [-79.3638396618719, 43.6654072497246]]]}"
365,2222629, ,2024-10-23,Local Road Rehabilitation,CARLTON ST<br> From: BROADCAST LANE<br> To: METCALFE ST ,"Replacement of partial road pavement structure or entire road pavement structure for either partial lane width, full lane width or full road width. This could include the asphalt and underlying support materials. Repair, improvement or replacement of road drainage, damaged sidewalk, boulevards and curbs. Work may include the closure of individual lanes or the entire road.",Q1 2025 - Q4 2025,Active,None,Transportation Services,"Angela Au, Engineering and Construction Services",aau2@toronto.ca,https://www.toronto.ca/services-payments/streets-parking-transportation/road-maintenance/road-sidewalk-repair/,TS_Road_Reconstruction,12,2024,EXTERNAL,"{""type"": ""MultiLineString"", ""coordinates"": [[[-79.3674857180327, 43.664599388843], [-79.3667013483655, 43.6647860017553]]]}"
366,2223925, ,2024-10-28,Laneway Reconstruction,[40.20 m N] NORMAN AVE<br> From: CALEDONIA RD<br> To: GILBERT AVE ,"Replacement of the entire laneway pavement structure, including the asphalt, concrete and underlying support materials. Repair, improvement, or replacement of laneway drainage, curbs, and associated areas. Work may include the closure of individual lanes or the entire laneway. Also, includes the replacement of the City-owned portion of substandard water service connections. The property owner is encouraged to replace the private portion of the substandard water service connection, as well.",Q2 2026 - Q4 2026,Active,1 - Projects with approved or allocated funding in the Capital Works Program.,Transportation Services,"Rajab Ali, Engineering and Construction Services",rali3@toronto.ca,https://www.toronto.ca/services-payments/streets-parking-transportation/road-maintenance/road-sidewalk-repair/,TS_Road_Reconstruction,12,2026,EXTERNAL,"{""type"": ""MultiLineString"", ""coordinates"": [[[-79.4559741257359, 43.6782030325476], [-79.4566428130542, 43.6780566566725], [-79.4572603548397, 43.6779214734122]]]}"
367,2223926, ,2024-10-28,Laneway Reconstruction,[40.20 m S] INNES AVE<br> From: HABIBI LANE<br> To: [40.2 m N] NORMAN AVE ,"Replacement of the entire laneway pavement structure, including the asphalt, concrete and underlying support materials. Repair, improvement, or replacement of laneway drainage, curbs, and associated areas. Work may include the closure of individual lanes or the entire laneway. Also, includes the replacement of the City-owned portion of substandard water service connections. The property owner is encouraged to replace the private portion of the substandard water service connection, as well.",Q2 2026 - Q4 2026,Active,1 - Projects with approved or allocated funding in the Capital Works Program.,Transportation Services,"Rajab Ali, Engineering and Construction Services",rali3@toronto.ca,https://www.toronto.ca/services-payments/streets-parking-transportation/road-maintenance/road-sidewalk-repair/,TS_Road_Reconstruction,12,2026,EXTERNAL,"{""type"": ""MultiLineString"", ""coordinates"": [[[-79.4566428130542, 43.6780566566725], [-79.4576392553085, 43.6804243672664]]]}"
368,2223927, ,2024-10-28,Laneway Reconstruction,HABIBI LANE<br> From: CALEDONIA RD<br> To: GILBERT AVE ,"Replacement of the entire laneway pavement structure, including the asphalt, concrete and underlying support materials. Repair, improvement, or replacement of laneway drainage, curbs, and associated areas. Work may include the closure of individual lanes or the entire laneway. Also, includes the replacement of the City-owned portion of substandard water service connections. The property owner is encouraged to replace the private portion of the substandard water service connection, as well.",2026,Active,1 - Projects with approved or allocated funding in the Capital Works Program.,Transportation Services,<Null> Transportation Roads State of Good Repair,RoadSOGR@toronto.ca,https://www.toronto.ca/services-payments/streets-parking-transportation/road-maintenance/road-sidewalk-repair/,TS_Road_Reconstruction,12,2026,EXTERNAL,"{""type"": ""MultiLineString"", ""coordinates"": [[[-79.4569713866274, 43.6805719643943], [-79.4576392553085, 43.6804243672664], [-79.4582674507863, 43.6802855460392]]]}"
369,2227232, ,2024-11-08,Local Road Reconstruction,SHORTT ST<br> From: EGLINTON AVE W<br> To: [40 m N] EGLINTON AVE W [END] ,"Replacement of the entire road pavement structure, including the asphalt and underlying support materials. Repair, improvement, or replacement of: road drainage, curbs, boulevards and sidewalks. Work may include the closure of individual lanes or the entire road.  Also, includes the replacement of the City-owned portion of substandard water service connections. The property owner is encouraged to replace the private portion of the substandard water service connection, as well. Also, includes the replacement of the City-owned portion of substandard water service connections. The property owner is encouraged to replace the private portion of the substandard water service connection, as well.",2026,Active,1 - Projects with approved or allocated funding in the Capital Works Program.,Transportation Services,"Rajab Ali, Engineering and Construction Services",rali3@toronto.ca,https://www.toronto.ca/services-payments/streets-parking-transportation/road-maintenance/road-sidewalk-repair/,TS_Road_Reconstruction,12,2026,EXTERNAL,"{""type"": ""MultiLineString"", ""coordinates"": [[[-79.4515724271389, 43.6954181088667], [-79.4516713199371, 43.6958431916169], [-79.4516823355554, 43.6958905790604]]]}"
370,2228859, ,2024-11-14,Local Road Reconstruction,MITRE PL<br> From: HOLYWELL DR<br> To: HOLYWELL DR ,"Replacement of the entire road pavement structure, including the asphalt and underlying support materials. Repair, improvement, or replacement of: road drainage, curbs, boulevards and sidewalks. Work may include the closure of individual lanes or the entire road.  Also, includes the replacement of the City-owned portion of substandard water service connections. The property owner is encouraged to replace the private portion of the substandard water service connection, as well. Also, includes the replacement of the City-owned portion of substandard water service connections. The property owner is encouraged to replace the private portion of the substandard water service connection, as well.",Q4 2025 - Q3 2028,Active,1 - Projects with approved or allocated funding in the Capital Works Program.,Transportation Services,"Martina Betkova, Engineering and Construction Services",mbetkov@toronto.ca,https://www.toronto.ca/services-payments/streets-parking-transportation/road-maintenance/road-sidewalk-repair/,TS_Road_Reconstruction,12,2025,EXTERNAL,"{""type"": ""MultiLineString"", ""coordinates"": [[[-79.5540771458864, 43.6887890382881], [-79.5539174032, 43.6886250020361], [-79.5538202872018, 43.6885259164776], [-79.5537166795532, 43.688407913151], [-79.5536486863347, 43.6883190032266], [-79.5535904651672, 43.6881991152015], [-79.5535590463929, 43.6881031130448], [-79.5535355319344, 43.6880101226122], [-79.5535167248269, 43.6879797520257], [-79.5534826880988, 43.6879525570208], [-79.5534515315282, 43.6879419590593], [-79.5533842759737, 43.6879424855601], [-79.5533342242661, 43.6879420048513], [-79.5532895510738, 43.6879639618585], [-79.5531989438184, 43.687998893108], [-79.5530882476102, 43.6880407646193], [-79.5526545907676, 43.6881798192757], [-79.5526215149671, 43.6881873145882], [-79.552512774225, 43.6882107589769], [-79.5524356966085, 43.68824261396], [-79.5524173889053, 43.6883151098353], [-79.5524729661072, 43.6884212186774], [-79.5525248734231, 43.6885149703908], [-79.5525753893984, 43.688663000562], [-79.5526250526694, 43.6887860344883], [-79.5527156049622, 43.6889273941908], [-79.5528102913072, 43.689043809306], [-79.5530985528437, 43.689345372331]]]}"
371,2235089, ,2024-12-12,Laneway Reconstruction,COLBORNE LANE<br> From: [30.50 m N] WELLINGTON ST E<br> To: COLBORNE ST ,"Replacement of the entire laneway pavement structure, including the asphalt, concrete and underlying support materials. Repair, improvement, or replacement of laneway drainage, curbs, and associated areas. Work may include the closure of individual lanes or the entire laneway. Also, includes the replacement of the City-owned portion of substandard water service connections. The property owner is encouraged to replace the private portion of the substandard water service connection, as well.",Q2 2025 - Q2 2026,Active,1 - Projects with approved or allocated funding in the Capital Works Program.,Transportation Services,"Marfique Ahmed, Engineering and Construction Services",mahmed2@toronto.ca,https://www.toronto.ca/services-payments/streets-parking-transportation/road-maintenance/road-sidewalk-repair/,TS_Road_Reconstruction,12,2025,EXTERNAL,"{""type"": ""MultiLineString"", ""coordinates"": [[[-79.3744918968743, 43.6488825851755], [-79.3746058796362, 43.6491629676798]]]}"
372,2235091, ,2024-12-12,Laneway Reconstruction,COLBORNE LANE<br> From: LEADER LANE<br> To: [29 m W] CHURCH ST ,"Replacement of the entire laneway pavement structure, including the asphalt, concrete and underlying support materials. Repair, improvement, or replacement of laneway drainage, curbs, and associated areas. Work may include the closure of individual lanes or the entire laneway. Also, includes the replacement of the City-owned portion of substandard water service connections. The property owner is encouraged to replace the private portion of the substandard water service connection, as well.",Q2 2025 - Q2 2026,Active,1 - Projects with approved or allocated funding in the Capital Works Program.,Transportation Services,"Marfique Ahmed, Engineering and Construction Services",mahmed2@toronto.ca,https://www.toronto.ca/services-payments/streets-parking-transportation/road-maintenance/road-sidewalk-repair/,TS_Road_Reconstruction,12,2025,EXTERNAL,"{""type"": ""MultiLineString"", ""coordinates"": [[[-79.3753269649034, 43.6486930841259], [-79.3744918968743, 43.6488825851755]]]}"
373,2235092, ,2024-12-12,Local Road Reconstruction,COLBORNE ST<br> From: LEADER LANE<br> To: CHURCH ST ,"Replacement of the entire road pavement structure, including the asphalt and underlying support materials. Repair, improvement, or replacement of: road drainage, curbs, boulevards and sidewalks. Work may include the closure of individual lanes or the entire road.  Also, includes the replacement of the City-owned portion of substandard water service connections. The property owner is encouraged to replace the private portion of the substandard water service connection, as well. Also, includes the replacement of the City-owned portion of substandard water service connections. The property owner is encouraged to replace the private portion of the substandard water service connection, as well.",Q2 2025 - Q2 2026,Active,1 - Projects with approved or allocated funding in the Capital Works Program.,Transportation Services,"Marfique Ahmed, Engineering and Construction Services",mahmed2@toronto.ca,https://www.toronto.ca/services-payments/streets-parking-transportation/road-maintenance/road-sidewalk-repair/,TS_Road_Reconstruction,12,2025,EXTERNAL,"{""type"": ""MultiLineString"", ""coordinates"": [[[-79.3754504279513, 43.6489765546027], [-79.3753002361542, 43.6490118832386], [-79.3746058796362, 43.6491629676798], [-79.3741453348755, 43.6492626917417]]]}"
374,2235093, ,2024-12-12,Local Road Reconstruction,RIDGEWOOD RD (SC)<br> From: [350 m W] STARSPRAY BLVD<br> To: EAST AVE (SC) ,"Replacement of the entire road pavement structure, including the asphalt and underlying support materials. Repair, improvement, or replacement of: road drainage, curbs, boulevards and sidewalks. Work may include the closure of individual lanes or the entire road.  Also, includes the replacement of the City-owned portion of substandard water service connections. The property owner is encouraged to replace the private portion of the substandard water service connection, as well. Also, includes the replacement of the City-owned portion of substandard water service connections. The property owner is encouraged to replace the private portion of the substandard water service connection, as well.",2026 - 2027,Active,1 - Projects with approved or allocated funding in the Capital Works Program.,Transportation Services,"Matthew McAinsh, Engineering and Construction Services",mmcains@toronto.ca,https://www.toronto.ca/services-payments/streets-parking-transportation/road-maintenance/road-sidewalk-repair/,TS_Road_Reconstruction,12,2026,EXTERNAL,"{""type"": ""MultiLineString"", ""coordinates"": [[[-79.1271070022467, 43.7861807847168], [-79.1271349569566, 43.7861808759198], [-79.1271674588961, 43.7861989842261], [-79.1272054026529, 43.7862171192744], [-79.1272456698936, 43.7862352438857], [-79.1272719473064, 43.786253331861], [-79.1274521561689, 43.7863709252103], [-79.1296598248506, 43.7877731952831], [-79.1328753412247, 43.7899387649289], [-79.1330976095816, 43.7900884564249], [-79.1331505508572, 43.7901235237573], [-79.1358418988534, 43.7919064246587], [-79.1359417033001, 43.7919697505234], [-79.1359966714718, 43.7919969289927], [-79.1360416172057, 43.79201507439], [-79.1360928601731, 43.7920152285606], [-79.1361564740163, 43.7920244322221], [-79.1362147794849, 43.7920156256941], [-79.1363462363741, 43.7919800305249]]]}"
375,2235094, ,2024-12-12,Laneway Reconstruction,LEADER LANE<br> From: COLBORNE ST<br> To: KING ST E ,"Replacement of the entire laneway pavement structure, including the asphalt, concrete and underlying support materials. Repair, improvement, or replacement of laneway drainage, curbs, and associated areas. Work may include the closure of individual lanes or the entire laneway. Also, includes the replacement of the City-owned portion of substandard water service connections. The property owner is encouraged to replace the private portion of the substandard water service connection, as well.",Q2 2025 - Q2 2026,Active,1 - Projects with approved or allocated funding in the Capital Works Program.,Transportation Services,"Marfique Ahmed, Engineering and Construction Services",mahmed2@toronto.ca,https://www.toronto.ca/services-payments/streets-parking-transportation/road-maintenance/road-sidewalk-repair/,TS_Road_Reconstruction,12,2025,EXTERNAL,"{""type"": ""MultiLineString"", ""coordinates"": [[[-79.3754504279513, 43.6489765546027], [-79.3755293619994, 43.649171232027], [-79.3755633085676, 43.6492526322964], [-79.3757196322858, 43.6496404279949]]]}"
376,2235095, ,2024-12-12,Laneway Reconstruction,LEADER LANE<br> From: WELLINGTON ST E<br> To: COLBORNE ST ,"Replacement of the entire laneway pavement structure, including the asphalt, concrete and underlying support materials. Repair, improvement, or replacement of laneway drainage, curbs, and associated areas. Work may include the closure of individual lanes or the entire laneway. Also, includes the replacement of the City-owned portion of substandard water service connections. The property owner is encouraged to replace the private portion of the substandard water service connection, as well.",Q2 2025 - Q2 2026,Active,1 - Projects with approved or allocated funding in the Capital Works Program.,Transportation Services,"Marfique Ahmed, Engineering and Construction Services",mahmed2@toronto.ca,https://www.toronto.ca/services-payments/streets-parking-transportation/road-maintenance/road-sidewalk-repair/,TS_Road_Reconstruction,12,2025,EXTERNAL,"{""type"": ""MultiLineString"", ""coordinates"": [[[-79.3751775434567, 43.6483447483396], [-79.3753269649034, 43.6486930841259], [-79.3754504279513, 43.6489765546027]]]}"
377,2236650, ,2024-12-18,Laneway Reconstruction,[36 m W] HOPEDALE AVE<br> From: [81 m N] O'CONNOR DR<br> To: [171 m N] O'CONNOR DR ,"Replacement of the entire laneway pavement structure, including the asphalt, concrete and underlying support materials. Repair, improvement, or replacement of laneway drainage, curbs, and associated areas. Work may include the closure of individual lanes or the entire laneway. Also, includes the replacement of the City-owned portion of substandard water service connections. The property owner is encouraged to replace the private portion of the substandard water service connection, as well.",Q2 2026 - Q4 2027,Active,1 - Projects with approved or allocated funding in the Capital Works Program.,Transportation Services,"Adriana Gomez, Engineering and Construction Services",AGOMEZ4@toronto.ca,https://www.toronto.ca/services-payments/streets-parking-transportation/road-maintenance/road-sidewalk-repair/,TS_Road_Reconstruction,12,2026,EXTERNAL,"{""type"": ""MultiLineString"", ""coordinates"": [[[-79.3531025293583, 43.6935649092551], [-79.3536153129071, 43.6942004911589]]]}"
378,2236651,TS2023-11-186,2024-12-18,Local Road Reconstruction,GLENROSE AVE<br> From: CLIFTON RD<br> To: [E] GLENROSE AVE [END] ,"Replacement of the entire road pavement structure, including the asphalt and underlying support materials. Repair, improvement, or replacement of: road drainage, curbs, boulevards and sidewalks. Work may include the closure of individual lanes or the entire road.  Also, includes the replacement of the City-owned portion of substandard water service connections. The property owner is encouraged to replace the private portion of the substandard water service connection, as well. Also, includes the replacement of the City-owned portion of substandard water service connections. The property owner is encouraged to replace the private portion of the substandard water service connection, as well.",Q2 2026 - Q4 2027,Active,1 - Projects with approved or allocated funding in the Capital Works Program.,Transportation Services,"Adriana Gomez, Engineering and Construction Services",AGOMEZ4@toronto.ca,https://www.toronto.ca/services-payments/streets-parking-transportation/road-maintenance/road-sidewalk-repair/,TS_Road_Reconstruction,12,2026,EXTERNAL,"{""type"": ""MultiLineString"", ""coordinates"": [[[-79.3839793741641, 43.6892205415758], [-79.3832170227108, 43.6893831118357]]]}"
379,2236653,TS2023-08-414,2024-12-18,Local Road Rehabilitation,ORIOLE PKWY<br> From: ELWOOD BLVD<br> To: ROSELAWN AVE ,"Replacement of partial road pavement structure or entire road pavement structure for either partial lane width, full lane width or full road width. This could include the asphalt and underlying support materials. Repair, improvement or replacement of road drainage, damaged sidewalk, boulevards and curbs. Work may include the closure of individual lanes or the entire road.",Q2 2026 - Q4 2027,Active,None,Transportation Services,"Adriana Gomez, Engineering and Construction Services",AGOMEZ4@toronto.ca,https://www.toronto.ca/services-payments/streets-parking-transportation/road-maintenance/road-sidewalk-repair/,TS_Road_Reconstruction,12,2026,EXTERNAL,"{""type"": ""MultiLineString"", ""coordinates"": [[[-79.4072101067263, 43.7074777687889], [-79.407275975189, 43.7077883570623], [-79.4073372688808, 43.7080404423215], [-79.4074163524951, 43.7083195367536], [-79.407481149389, 43.7085536222121], [-79.4075478534244, 43.708814712972], [-79.4076250544965, 43.7090442987254], [-79.4076714141013, 43.7091568520302]]]}"
380,2236656, ,2024-12-18,Laneway Reconstruction,[34.40 m N] AUBURN AVE<br> From: [45.70 m W] VIA ITALIA<br> To: [143.30 m W] VIA ITALIA ,"Replacement of the entire laneway pavement structure, including the asphalt, concrete and underlying support materials. Repair, improvement, or replacement of laneway drainage, curbs, and associated areas. Work may include the closure of individual lanes or the entire laneway. Also, includes the replacement of the City-owned portion of substandard water service connections. The property owner is encouraged to replace the private portion of the substandard water service connection, as well.",Q2 2026 - Q4 2027,Active,1 - Projects with approved or allocated funding in the Capital Works Program.,Transportation Services,"Adriana Gomez, Engineering and Construction Services",AGOMEZ4@toronto.ca,https://www.toronto.ca/services-payments/streets-parking-transportation/road-maintenance/road-sidewalk-repair/,TS_Road_Reconstruction,12,2026,EXTERNAL,"{""type"": ""MultiLineString"", ""coordinates"": [[[-79.4465894602968, 43.6749583057522], [-79.4463538719082, 43.6750084228117], [-79.4454613957762, 43.6752205217023]]]}"
381,2236661,TS2023-08-414,2024-12-18,Local Road Rehabilitation,ORIOLE PKWY<br> From: ORCHARD VIEW BLVD<br> To: ELWOOD BLVD ,"Replacement of partial road pavement structure or entire road pavement structure for either partial lane width, full lane width or full road width. This could include the asphalt and underlying support materials. Repair, improvement or replacement of road drainage, damaged sidewalk, boulevards and curbs. Work may include the closure of individual lanes or the entire road.",Q2 2026 - Q4 2027,Active,None,Transportation Services,"Adriana Gomez, Engineering and Construction Services",AGOMEZ4@toronto.ca,https://www.toronto.ca/services-payments/streets-parking-transportation/road-maintenance/road-sidewalk-repair/,TS_Road_Reconstruction,12,2026,EXTERNAL,"{""type"": ""MultiLineString"", ""coordinates"": [[[-79.4071199322086, 43.7070861582751], [-79.4072101067263, 43.7074777687889]]]}"
382,2236662, ,2024-12-18,Laneway Reconstruction,[79 m N] O'CONNOR DR<br> From: HOPEDALE AVE<br> To: [35 m W] HOPEDALE AVE ,"Replacement of the entire laneway pavement structure, including the asphalt, concrete and underlying support materials. Repair, improvement, or replacement of laneway drainage, curbs, and associated areas. Work may include the closure of individual lanes or the entire laneway. Also, includes the replacement of the City-owned portion of substandard water service connections. The property owner is encouraged to replace the private portion of the substandard water service connection, as well.",Q2 2026 - Q4 2027,Active,1 - Projects with approved or allocated funding in the Capital Works Program.,Transportation Services,"Adriana Gomez, Engineering and Construction Services",AGOMEZ4@toronto.ca,https://www.toronto.ca/services-payments/streets-parking-transportation/road-maintenance/road-sidewalk-repair/,TS_Road_Reconstruction,12,2026,EXTERNAL,"{""type"": ""MultiLineString"", ""coordinates"": [[[-79.3525191512779, 43.6936711564173], [-79.3531025293583, 43.6935649092551]]]}"
383,2236663, ,2024-12-18,Laneway Reconstruction,[119.70 m W] VIA ITALIA<br> From: AUBURN AVE<br> To: [34.40 m N] AUBURN AVE ,"Replacement of the entire laneway pavement structure, including the asphalt, concrete and underlying support materials. Repair, improvement, or replacement of laneway drainage, curbs, and associated areas. Work may include the closure of individual lanes or the entire laneway. Also, includes the replacement of the City-owned portion of substandard water service connections. The property owner is encouraged to replace the private portion of the substandard water service connection, as well.",Q2 2026 - Q4 2027,Active,1 - Projects with approved or allocated funding in the Capital Works Program.,Transportation Services,"Adriana Gomez, Engineering and Construction Services",AGOMEZ4@toronto.ca,https://www.toronto.ca/services-payments/streets-parking-transportation/road-maintenance/road-sidewalk-repair/,TS_Road_Reconstruction,12,2026,EXTERNAL,"{""type"": ""MultiLineString"", ""coordinates"": [[[-79.4461915647946, 43.6746277796123], [-79.4463538719082, 43.6750084228117]]]}"
384,2236664,TS2023-11-145,2024-12-18,Local Road Reconstruction,CLIFTON RD<br> From: [73 m S] GLENROSE AVE [END]<br> To: GLENROSE AVE ,"Replacement of the entire road pavement structure, including the asphalt and underlying support materials. Repair, improvement, or replacement of: road drainage, curbs, boulevards and sidewalks. Work may include the closure of individual lanes or the entire road.  Also, includes the replacement of the City-owned portion of substandard water service connections. The property owner is encouraged to replace the private portion of the substandard water service connection, as well. Also, includes the replacement of the City-owned portion of substandard water service connections. The property owner is encouraged to replace the private portion of the substandard water service connection, as well.",Q2 2026 - Q4 2027,Active,1 - Projects with approved or allocated funding in the Capital Works Program.,Transportation Services,"Adriana Gomez, Engineering and Construction Services",AGOMEZ4@toronto.ca,https://www.toronto.ca/services-payments/streets-parking-transportation/road-maintenance/road-sidewalk-repair/,TS_Road_Reconstruction,12,2026,EXTERNAL,"{""type"": ""MultiLineString"", ""coordinates"": [[[-79.383481848753, 43.688549726741], [-79.3835885031877, 43.6885746879966], [-79.383651213714, 43.6885971380767], [-79.3836898413836, 43.6886162331393], [-79.3837153778152, 43.6886441271447], [-79.3837418307788, 43.6886920229647], [-79.3838774970561, 43.6889819036982], [-79.3839793741641, 43.6892205415758]]]}"
385,2236665, ,2024-12-18,Local Road Reconstruction,CLIFTON RD<br> From: GLENROSE AVE<br> To: ST CLAIR AVE E (TO) ,"Replacement of the entire road pavement structure, including the asphalt and underlying support materials. Repair, improvement, or replacement of: road drainage, curbs, boulevards and sidewalks. Work may include the closure of individual lanes or the entire road.  Also, includes the replacement of the City-owned portion of substandard water service connections. The property owner is encouraged to replace the private portion of the substandard water service connection, as well. Also, includes the replacement of the City-owned portion of substandard water service connections. The property owner is encouraged to replace the private portion of the substandard water service connection, as well.",Q2 2026 - Q4 2027,Active,1 - Projects with approved or allocated funding in the Capital Works Program.,Transportation Services,"Adriana Gomez, Engineering and Construction Services",AGOMEZ4@toronto.ca,https://www.toronto.ca/services-payments/streets-parking-transportation/road-maintenance/road-sidewalk-repair/,TS_Road_Reconstruction,12,2026,EXTERNAL,"{""type"": ""MultiLineString"", ""coordinates"": [[[-79.3839793741641, 43.6892205415758], [-79.3843590740446, 43.6901390497584]]]}"
386,2236856, ,2024-12-19,Local Road Reconstruction,DEWBOURNE AVE<br> From: BATHURST ST<br> To: CHILTERN HILL RD ,"Replacement of the entire road pavement structure, including the asphalt and underlying support materials. Repair, improvement, or replacement of: road drainage, curbs, boulevards and sidewalks. Work may include the closure of individual lanes or the entire road.  Also, includes the replacement of the City-owned portion of substandard water service connections. The property owner is encouraged to replace the private portion of the substandard water service connection, as well. Also, includes the replacement of the City-owned portion of substandard water service connections. The property owner is encouraged to replace the private portion of the substandard water service connection, as well.",Q2 2026 - Q4 2027,Active,1 - Projects with approved or allocated funding in the Capital Works Program.,Transportation Services,"Adriana Gomez, Engineering and Construction Services",AGOMEZ4@toronto.ca,https://www.toronto.ca/services-payments/streets-parking-transportation/road-maintenance/road-sidewalk-repair/,TS_Road_Reconstruction,12,2026,EXTERNAL,"{""type"": ""MultiLineString"", ""coordinates"": [[[-79.4247659198564, 43.6990228462481], [-79.425075422626, 43.6988465973622], [-79.4252296354137, 43.6987770193972], [-79.4256101198056, 43.6986053251076], [-79.4258025350152, 43.6985525046105], [-79.4268801082473, 43.6983304531923]]]}"
387,2236860,TS2023-08-235,2024-12-19,Local Road Rehabilitation,ORCHARD VIEW BLVD<br> From: [28.70 m E] ORIOLE PKWY [END]<br> To: ORIOLE PKWY ,"Replacement of partial road pavement structure or entire road pavement structure for either partial lane width, full lane width or full road width. This could include the asphalt and underlying support materials. Repair, improvement or replacement of road drainage, damaged sidewalk, boulevards and curbs. Work may include the closure of individual lanes or the entire road.",Q2 2026 - Q4 2027,Active,None,Transportation Services,"Adriana Gomez, Engineering and Construction Services",AGOMEZ4@toronto.ca,https://www.toronto.ca/services-payments/streets-parking-transportation/road-maintenance/road-sidewalk-repair/,TS_Road_Reconstruction,12,2026,EXTERNAL,"{""type"": ""MultiLineString"", ""coordinates"": [[[-79.406665657969, 43.707171903408], [-79.4071199322086, 43.7070861582751]]]}"
388,2237098, ,2024-12-20,Local Road Rehabilitation,MERRILL AVE E<br> From: MOBERLY AVE<br> To: WOODBINE AVE ,"Replacement of partial road pavement structure or entire road pavement structure for either partial lane width, full lane width or full road width. This could include the asphalt and underlying support materials. Repair, improvement or replacement of road drainage, damaged sidewalk, boulevards and curbs. Work may include the closure of individual lanes or the entire road.",Q2 2026 - Q4 2027,Active,None,Transportation Services,"Adriana Gomez, Engineering and Construction Services",AGOMEZ4@toronto.ca,https://www.toronto.ca/services-payments/streets-parking-transportation/road-maintenance/road-sidewalk-repair/,TS_Road_Reconstruction,12,2026,EXTERNAL,"{""type"": ""MultiLineString"", ""coordinates"": [[[-79.3131251750712, 43.6831350216193], [-79.3123878269936, 43.6833013281381], [-79.3118424404499, 43.6834243527039]]]}"
389,2237099, ,2024-12-20,Local Road Reconstruction,WESTSIDE DR<br> From: THE WEST MALL<br> To: [457 m S/W] THE WEST MALL ,"Replacement of the entire road pavement structure, including the asphalt and underlying support materials. Repair, improvement, or replacement of: road drainage, curbs, boulevards and sidewalks. Work may include the closure of individual lanes or the entire road.  Also, includes the replacement of the City-owned portion of substandard water service connections. The property owner is encouraged to replace the private portion of the substandard water service connection, as well. Also, includes the replacement of the City-owned portion of substandard water service connections. The property owner is encouraged to replace the private portion of the substandard water service connection, as well.",Q2 2026 - Q4 2027,Active,1 - Projects with approved or allocated funding in the Capital Works Program.,Transportation Services,"Adriana Gomez, Engineering and Construction Services",AGOMEZ4@toronto.ca,https://www.toronto.ca/services-payments/streets-parking-transportation/road-maintenance/road-sidewalk-repair/,TS_Road_Reconstruction,12,2026,EXTERNAL,"{""type"": ""MultiLineString"", ""coordinates"": [[[-79.566223608885, 43.6166682185896], [-79.5657476618816, 43.6168049727455], [-79.5635206337849, 43.6173102390022], [-79.5635340337899, 43.6174107233333], [-79.5636209861518, 43.6177053812355], [-79.5636447858912, 43.6178570147858], [-79.563625306588, 43.6180544626059], [-79.5635822350494, 43.6183091365129], [-79.5635705691342, 43.6184436510945], [-79.5635431942572, 43.6186267730238], [-79.5635512638436, 43.6188184895929], [-79.5635829255324, 43.6189644028598], [-79.563603494895, 43.6190131340565]]]}"
390,2265324, ,2025-02-13,Local Road Reconstruction,SINCLAIR ST<br> From: DAYTON AVE<br> To: Royal York Rd ,"Replacement of the entire road pavement structure, including the asphalt and underlying support materials. Repair, improvement, or replacement of: road drainage, curbs, boulevards and sidewalks. Work may include the closure of individual lanes or the entire road.  Also, includes the replacement of the City-owned portion of substandard water service connections. The property owner is encouraged to replace the private portion of the substandard water service connection, as well. Also, includes the replacement of the City-owned portion of substandard water service connections. The property owner is encouraged to replace the private portion of the substandard water service connection, as well.",Q2 2026 - Q4 2026,Active,1 - Projects with approved or allocated funding in the Capital Works Program.,Transportation Services,"Fulvio Naccarato, Engineering and Construction Services",fnaccar@toronto.ca,https://www.toronto.ca/services-payments/streets-parking-transportation/road-maintenance/road-sidewalk-repair/,TS_Road_Reconstruction,12,2026,EXTERNAL,"{""type"": ""MultiLineString"", ""coordinates"": [[[-79.5018278666577, 43.6244683192978], [-79.5019414948179, 43.6244880214941], [-79.5025030104469, 43.6243609827889], [-79.5031644573602, 43.6242113360784]]]}"
391,2267038, ,2025-02-25,Major Road Rehabilitation,DUPONT ST<br> From: [21.30 m E] SPADINA RD (TO)<br> To: SPADINA RD (TO) ,"Replacement of partial road pavement structure or entire road pavement structure for either partial lane width, full lane width or full road width. This could include the asphalt and underlying support materials. Repair, improvement or replacement of road drainage, damaged sidewalk, boulevards and curbs. Work may include the closure of individual lanes or the entire road.",Q3 2026 - Q3 2027,Active,None,Transportation Services,"Md Abdus Salam, Engineering and Construction Services",msalam@toronto.ca,https://www.toronto.ca/services-payments/streets-parking-transportation/road-maintenance/road-sidewalk-repair/,TS_Road_Reconstruction,12,2026,EXTERNAL,"{""type"": ""MultiLineString"", ""coordinates"": [[[-79.406863209931, 43.6749142174187], [-79.4071227763358, 43.6748573152216]]]}"
